0 verbose cli C:\Users\Tulsi Gold & Silver\AppData\Local\Microsoft\WinGet\Packages\OpenJS.NodeJS.LTS_Microsoft.Winget.Source_8wekyb3d8bbwe\node-v24.19.0-win-x64\node.exe C:\Users\Tulsi Gold & Silver\AppData\Local\Microsoft\WinGet\Packages\OpenJS.NodeJS.LTS_Microsoft.Winget.Source_8wekyb3d8bbwe\node-v24.19.0-win-x64\node_modules\npm\bin\npm-cli.js
1 info using npm@11.17.0
2 info using node@v24.19.0
3 silly config load:file:C:\Users\Tulsi Gold & Silver\AppData\Local\Microsoft\WinGet\Packages\OpenJS.NodeJS.LTS_Microsoft.Winget.Source_8wekyb3d8bbwe\node-v24.19.0-win-x64\node_modules\npm\npmrc
4 silly config load:file:E:\Soni_Navratri\.npmrc
5 silly config load:file:C:\Users\Tulsi Gold & Silver\.npmrc
6 silly config load:file:C:\Users\Tulsi Gold & Silver\AppData\Local\Microsoft\WinGet\Packages\OpenJS.NodeJS.LTS_Microsoft.Winget.Source_8wekyb3d8bbwe\node-v24.19.0-win-x64\etc\npmrc
7 verbose title npm install
8 verbose argv "install"
9 verbose logfile logs-max:10 dir:e:\Soni_Navratri\.npm_cache\_logs\2026-08-19T05_54_09_397Z-
10 verbose logfile e:\Soni_Navratri\.npm_cache\_logs\2026-08-19T05_54_09_397Z-debug-0.log
11 silly logfile done cleaning log files
12 silly packumentCache heap:4496293888 maxSize:1124073472 maxEntrySize:562036736
13 verbose shrinkwrap failed to load node_modules/.package-lock.json out of date, updated: node_modules
14 silly idealTree buildDeps
15 silly reify mark retired [ 'E:\\Soni_Navratri\\node_modules\\firebase' ]
16 silly reify mark retired [ 'E:\\Soni_Navratri\\node_modules\\@grpc\\grpc-js' ]
17 silly reify moves {
17 silly reify   'E:\\Soni_Navratri\\node_modules\\firebase': 'E:\\Soni_Navratri\\node_modules\\.firebase-QiHlfgVg',
17 silly reify   'E:\\Soni_Navratri\\node_modules\\@grpc\\grpc-js': 'E:\\Soni_Navratri\\node_modules\\@grpc\\.grpc-js-lys4AyQt'
17 silly reify }
18 silly audit bulk request {
18 silly audit   '@alloc/quick-lru': [ '5.2.0' ],
18 silly audit   '@babel/code-frame': [ '7.29.7' ],
18 silly audit   '@babel/compat-data': [ '7.29.7' ],
18 silly audit   '@babel/core': [ '7.29.7' ],
18 silly audit   '@babel/generator': [ '7.29.8' ],
18 silly audit   '@babel/helper-compilation-targets': [ '7.29.7' ],
18 silly audit   '@babel/helper-globals': [ '7.29.7' ],
18 silly audit   '@babel/helper-module-imports': [ '7.29.7' ],
18 silly audit   '@babel/helper-module-transforms': [ '7.29.7' ],
18 silly audit   '@babel/helper-plugin-utils': [ '7.29.7' ],
18 silly audit   '@babel/helper-string-parser': [ '7.29.7' ],
18 silly audit   '@babel/helper-validator-identifier': [ '7.29.7' ],
18 silly audit   '@babel/helper-validator-option': [ '7.29.7' ],
18 silly audit   '@babel/helpers': [ '7.29.7' ],
18 silly audit   '@babel/parser': [ '7.29.8' ],
18 silly audit   '@babel/plugin-transform-react-jsx-self': [ '7.29.7' ],
18 silly audit   '@babel/plugin-transform-react-jsx-source': [ '7.29.7' ],
18 silly audit   '@babel/template': [ '7.29.7' ],
18 silly audit   '@babel/traverse': [ '7.29.8' ],
18 silly audit   '@babel/types': [ '7.29.8' ],
18 silly audit   '@esbuild/aix-ppc64': [ '0.21.5' ],
18 silly audit   '@esbuild/android-arm': [ '0.21.5' ],
18 silly audit   '@esbuild/android-arm64': [ '0.21.5' ],
18 silly audit   '@esbuild/android-x64': [ '0.21.5' ],
18 silly audit   '@esbuild/darwin-arm64': [ '0.21.5' ],
18 silly audit   '@esbuild/darwin-x64': [ '0.21.5' ],
18 silly audit   '@esbuild/freebsd-arm64': [ '0.21.5' ],
18 silly audit   '@esbuild/freebsd-x64': [ '0.21.5' ],
18 silly audit   '@esbuild/linux-arm': [ '0.21.5' ],
18 silly audit   '@esbuild/linux-arm64': [ '0.21.5' ],
18 silly audit   '@esbuild/linux-ia32': [ '0.21.5' ],
18 silly audit   '@esbuild/linux-loong64': [ '0.21.5' ],
18 silly audit   '@esbuild/linux-mips64el': [ '0.21.5' ],
18 silly audit   '@esbuild/linux-ppc64': [ '0.21.5' ],
18 silly audit   '@esbuild/linux-riscv64': [ '0.21.5' ],
18 silly audit   '@esbuild/linux-s390x': [ '0.21.5' ],
18 silly audit   '@esbuild/linux-x64': [ '0.21.5' ],
18 silly audit   '@esbuild/netbsd-x64': [ '0.21.5' ],
18 silly audit   '@esbuild/openbsd-x64': [ '0.21.5' ],
18 silly audit   '@esbuild/sunos-x64': [ '0.21.5' ],
18 silly audit   '@esbuild/win32-arm64': [ '0.21.5' ],
18 silly audit   '@esbuild/win32-ia32': [ '0.21.5' ],
18 silly audit   '@esbuild/win32-x64': [ '0.21.5' ],
18 silly audit   '@firebase/analytics': [ '0.10.8' ],
18 silly audit   '@firebase/analytics-compat': [ '0.2.14' ],
18 silly audit   '@firebase/analytics-types': [ '0.8.2' ],
18 silly audit   '@firebase/app': [ '0.10.13' ],
18 silly audit   '@firebase/app-check': [ '0.8.8' ],
18 silly audit   '@firebase/app-check-compat': [ '0.3.15' ],
18 silly audit   '@firebase/app-check-interop-types': [ '0.3.2' ],
18 silly audit   '@firebase/app-check-types': [ '0.5.2' ],
18 silly audit   '@firebase/app-compat': [ '0.2.43' ],
18 silly audit   '@firebase/app-types': [ '0.9.2' ],
18 silly audit   '@firebase/auth-compat': [ '0.5.14' ],
18 silly audit   '@firebase/auth': [ '1.7.9' ],
18 silly audit   '@firebase/auth-interop-types': [ '0.2.3' ],
18 silly audit   '@firebase/auth-types': [ '0.12.2' ],
18 silly audit   '@firebase/component': [ '0.6.9' ],
18 silly audit   '@firebase/data-connect': [ '0.1.0' ],
18 silly audit   '@firebase/database': [ '1.0.8' ],
18 silly audit   '@firebase/database-compat': [ '1.0.8' ],
18 silly audit   '@firebase/database-types': [ '1.0.5' ],
18 silly audit   '@firebase/firestore': [ '4.7.3' ],
18 silly audit   '@firebase/firestore-compat': [ '0.3.38' ],
18 silly audit   '@firebase/firestore-types': [ '3.0.2' ],
18 silly audit   '@firebase/functions': [ '0.11.8' ],
18 silly audit   '@firebase/functions-compat': [ '0.3.14' ],
18 silly audit   '@firebase/functions-types': [ '0.6.2' ],
18 silly audit   '@firebase/installations': [ '0.6.9' ],
18 silly audit   '@firebase/installations-compat': [ '0.2.9' ],
18 silly audit   '@firebase/installations-types': [ '0.5.2' ],
18 silly audit   '@firebase/logger': [ '0.4.2' ],
18 silly audit   '@firebase/messaging': [ '0.12.12' ],
18 silly audit   '@firebase/messaging-compat': [ '0.2.12' ],
18 silly audit   '@firebase/messaging-interop-types': [ '0.2.2' ],
18 silly audit   '@firebase/performance': [ '0.6.9' ],
18 silly audit   '@firebase/performance-compat': [ '0.2.9' ],
18 silly audit   '@firebase/performance-types': [ '0.2.2' ],
18 silly audit   '@firebase/remote-config': [ '0.4.9' ],
18 silly audit   '@firebase/remote-config-compat': [ '0.2.9' ],
18 silly audit   '@firebase/remote-config-types': [ '0.3.2' ],
18 silly audit   '@firebase/storage': [ '0.13.2' ],
18 silly audit   '@firebase/storage-compat': [ '0.3.12' ],
18 silly audit   '@firebase/storage-types': [ '0.8.2' ],
18 silly audit   '@firebase/util': [ '1.10.0' ],
18 silly audit   '@firebase/vertexai-preview': [ '0.0.4' ],
18 silly audit   '@firebase/webchannel-wrapper': [ '1.0.1' ],
18 silly audit   '@grpc/grpc-js': [ '1.9.16' ],
18 silly audit   '@grpc/proto-loader': [ '0.7.15' ],
18 silly audit   '@jridgewell/gen-mapping': [ '0.3.13' ],
18 silly audit   '@jridgewell/remapping': [ '2.3.5' ],
18 silly audit   '@jridgewell/resolve-uri': [ '3.1.2' ],
18 silly audit   '@jridgewell/sourcemap-codec': [ '1.5.5' ],
18 silly audit   '@jridgewell/trace-mapping': [ '0.3.31' ],
18 silly audit   '@napi-rs/lzma-linux-x64-gnu': [ '1.5.1' ],
18 silly audit   '@nodelib/fs.scandir': [ '2.1.5' ],
18 silly audit   '@nodelib/fs.stat': [ '2.0.5' ],
18 silly audit   '@nodelib/fs.walk': [ '1.2.8' ],
18 silly audit   '@protobufjs/aspromise': [ '1.1.2' ],
18 silly audit   '@protobufjs/base64': [ '1.1.2' ],
18 silly audit   '@protobufjs/codegen': [ '2.0.5' ],
18 silly audit   '@protobufjs/eventemitter': [ '1.1.1' ],
18 silly audit   '@protobufjs/fetch': [ '1.1.1' ],
18 silly audit   '@protobufjs/float': [ '1.0.2' ],
18 silly audit   '@protobufjs/path': [ '1.1.2' ],
18 silly audit   '@protobufjs/pool': [ '1.1.0' ],
18 silly audit   '@protobufjs/utf8': [ '1.1.2' ],
18 silly audit   '@rolldown/pluginutils': [ '1.0.0-beta.27' ],
18 silly audit   '@rollup/rollup-android-arm-eabi': [ '4.62.4' ],
18 silly audit   '@rollup/rollup-android-arm64': [ '4.62.4' ],
18 silly audit   '@rollup/rollup-darwin-arm64': [ '4.62.4' ],
18 silly audit   '@rollup/rollup-darwin-x64': [ '4.62.4' ],
18 silly audit   '@rollup/rollup-freebsd-arm64': [ '4.62.4' ],
18 silly audit   '@rollup/rollup-freebsd-x64': [ '4.62.4' ],
18 silly audit   '@rollup/rollup-linux-arm-gnueabihf': [ '4.62.4' ],
18 silly audit   '@rollup/rollup-linux-arm-musleabihf': [ '4.62.4' ],
18 silly audit   '@rollup/rollup-linux-arm64-gnu': [ '4.62.4' ],
18 silly audit   '@rollup/rollup-linux-arm64-musl': [ '4.62.4' ],
18 silly audit   '@rollup/rollup-linux-loong64-gnu': [ '4.62.4' ],
18 silly audit   '@rollup/rollup-linux-loong64-musl': [ '4.62.4' ],
18 silly audit   '@rollup/rollup-linux-ppc64-gnu': [ '4.62.4' ],
18 silly audit   '@rollup/rollup-linux-ppc64-musl': [ '4.62.4' ],
18 silly audit   '@rollup/rollup-linux-riscv64-gnu': [ '4.62.4' ],
18 silly audit   '@rollup/rollup-linux-riscv64-musl': [ '4.62.4' ],
18 silly audit   '@rollup/rollup-linux-s390x-gnu': [ '4.62.4' ],
18 silly audit   '@rollup/rollup-linux-x64-gnu': [ '4.62.4' ],
18 silly audit   '@rollup/rollup-linux-x64-musl': [ '4.62.4' ],
18 silly audit   '@rollup/rollup-openbsd-x64': [ '4.62.4' ],
18 silly audit   '@rollup/rollup-openharmony-arm64': [ '4.62.4' ],
18 silly audit   '@rollup/rollup-win32-arm64-msvc': [ '4.62.4' ],
18 silly audit   '@rollup/rollup-win32-ia32-msvc': [ '4.62.4' ],
18 silly audit   '@rollup/rollup-win32-x64-gnu': [ '4.62.4' ],
18 silly audit   '@rollup/rollup-win32-x64-msvc': [ '4.62.4' ],
18 silly audit   '@types/babel__core': [ '7.20.5' ],
18 silly audit   '@types/babel__generator': [ '7.27.0' ],
18 silly audit   '@types/babel__template': [ '7.4.4' ],
18 silly audit   '@types/babel__traverse': [ '7.28.0' ],
18 silly audit   '@types/estree': [ '1.0.9' ],
18 silly audit   '@types/node': [ '20.19.43' ],
18 silly audit   '@types/prop-types': [ '15.7.15' ],
18 silly audit   '@types/react': [ '18.3.31' ],
18 silly audit   '@types/react-dom': [ '18.3.7' ],
18 silly audit   '@vitejs/plugin-react': [ '4.7.0' ],
18 silly audit   'ansi-regex': [ '5.0.1' ],
18 silly audit   'ansi-styles': [ '4.3.0' ],
18 silly audit   'any-promise': [ '1.3.0' ],
18 silly audit   anymatch: [ '3.1.3' ],
18 silly audit   arg: [ '5.0.2' ],
18 silly audit   autoprefixer: [ '10.5.4' ],
18 silly audit   'baseline-browser-mapping': [ '2.11.15' ],
18 silly audit   'binary-extensions': [ '2.3.0' ],
18 silly audit   braces: [ '3.0.3' ],
18 silly audit   browserslist: [ '4.28.8' ],
18 silly audit   'camelcase-css': [ '2.0.1' ],
18 silly audit   'caniuse-lite': [ '1.0.30001809' ],
18 silly audit   chokidar: [ '3.6.0' ],
18 silly audit   'glob-parent': [ '5.1.2', '6.0.2' ],
18 silly audit   cliui: [ '8.0.1' ],
18 silly audit   'color-convert': [ '2.0.1' ],
18 silly audit   'color-name': [ '1.1.4' ],
18 silly audit   commander: [ '4.1.1' ],
18 silly audit   'convert-source-map': [ '2.0.0' ],
18 silly audit   cssesc: [ '3.0.0' ],
18 silly audit   csstype: [ '3.2.3' ],
18 silly audit   debug: [ '4.4.3' ],
18 silly audit   didyoumean: [ '1.2.2' ],
18 silly audit   dlv: [ '1.1.3' ],
18 silly audit   'electron-to-chromium': [ '1.5.411' ],
18 silly audit   'emoji-regex': [ '8.0.0' ],
18 silly audit   'es-errors': [ '1.3.0' ],
18 silly audit   esbuild: [ '0.21.5' ],
18 silly audit   escalade: [ '3.2.0' ],
18 silly audit   'fast-glob': [ '3.3.3' ],
18 silly audit   fastq: [ '1.20.1' ],
18 silly audit   'faye-websocket': [ '0.11.4' ],
18 silly audit   'fill-range': [ '7.1.1' ],
18 silly audit   firebase: [ '10.14.1' ],
18 silly audit   'fraction.js': [ '5.3.4' ],
18 silly audit   fsevents: [ '2.3.3' ],
18 silly audit   'function-bind': [ '1.1.2' ],
18 silly audit   gensync: [ '1.0.0-beta.2' ],
18 silly audit   'get-caller-file': [ '2.0.5' ],
18 silly audit   hasown: [ '2.0.4' ],
18 silly audit   'http-parser-js': [ '0.5.10' ],
18 silly audit   idb: [ '7.1.1' ],
18 silly audit   'is-binary-path': [ '2.1.0' ],
18 silly audit   'is-core-module': [ '2.16.2' ],
18 silly audit   'is-extglob': [ '2.1.1' ],
18 silly audit   'is-fullwidth-code-point': [ '3.0.0' ],
18 silly audit   'is-glob': [ '4.0.3' ],
18 silly audit   'is-number': [ '7.0.0' ],
18 silly audit   jiti: [ '1.21.7' ],
18 silly audit   'js-tokens': [ '4.0.0' ],
18 silly audit   jsesc: [ '3.1.0' ],
18 silly audit   json5: [ '2.2.3' ],
18 silly audit   lilconfig: [ '3.1.3' ],
18 silly audit   'lines-and-columns': [ '1.2.4' ],
18 silly audit   'lodash.camelcase': [ '4.3.0' ],
18 silly audit   long: [ '5.3.2' ],
18 silly audit   'loose-envify': [ '1.4.0' ],
18 silly audit   'lru-cache': [ '5.1.1' ],
18 silly audit   'lucide-react': [ '0.344.0' ],
18 silly audit   merge2: [ '1.4.1' ],
18 silly audit   micromatch: [ '4.0.8' ],
18 silly audit   ms: [ '2.1.3' ],
18 silly audit   mz: [ '2.7.0' ],
18 silly audit   nanoid: [ '3.3.18' ],
18 silly audit   'node-releases': [ '2.0.53' ],
18 silly audit   'normalize-path': [ '3.0.0' ],
18 silly audit   'object-assign': [ '4.1.1' ],
18 silly audit   'object-hash': [ '3.0.0' ],
18 silly audit   'path-parse': [ '1.0.7' ],
18 silly audit   picocolors: [ '1.1.1' ],
18 silly audit   picomatch: [ '2.3.2', '4.0.5' ],
18 silly audit   pify: [ '2.3.0' ],
18 silly audit   pirates: [ '4.0.7' ],
18 silly audit   postcss: [ '8.5.26' ],
18 silly audit   'postcss-import': [ '15.1.0' ],
18 silly audit   'postcss-js': [ '4.1.0' ],
18 silly audit   'postcss-load-config': [ '6.0.1' ],
18 silly audit   'postcss-nested': [ '6.2.0' ],
18 silly audit   'postcss-selector-parser': [ '6.1.4' ],
18 silly audit   'postcss-value-parser': [ '4.2.0' ],
18 silly audit   protobufjs: [ '7.6.5' ],
18 silly audit   'queue-microtask': [ '1.2.3' ],
18 silly audit   react: [ '18.3.1' ],
18 silly audit   'react-dom': [ '18.3.1' ],
18 silly audit   'react-refresh': [ '0.17.0' ],
18 silly audit   'read-cache': [ '1.0.0' ],
18 silly audit   readdirp: [ '3.6.0' ],
18 silly audit   'require-directory': [ '2.1.1' ],
18 silly audit   resolve: [ '1.22.12' ],
18 silly audit   reusify: [ '1.1.0' ],
18 silly audit   rollup: [ '4.62.4' ],
18 silly audit   'run-parallel': [ '1.2.0' ],
18 silly audit   'safe-buffer': [ '5.2.1' ],
18 silly audit   scheduler: [ '0.23.2' ],
18 silly audit   semver: [ '6.3.1' ],
18 silly audit   'source-map-js': [ '1.2.1' ],
18 silly audit   'string-width': [ '4.2.3' ],
18 silly audit   'strip-ansi': [ '6.0.1' ],
18 silly audit   sucrase: [ '3.35.1' ],
18 silly audit   'supports-preserve-symlinks-flag': [ '1.0.0' ],
18 silly audit   tailwindcss: [ '3.4.19' ],
18 silly audit   thenify: [ '3.3.1' ],
18 silly audit   'thenify-all': [ '1.6.0' ],
18 silly audit   tinyglobby: [ '0.2.17' ],
18 silly audit   fdir: [ '6.5.0' ],
18 silly audit   'to-regex-range': [ '5.0.1' ],
18 silly audit   'ts-interface-checker': [ '0.1.13' ],
18 silly audit   tslib: [ '2.8.1' ],
18 silly audit   typescript: [ '5.9.3' ],
18 silly audit   undici: [ '6.19.7' ],
18 silly audit   'undici-types': [ '6.21.0' ],
18 silly audit   'update-browserslist-db': [ '1.3.1' ],
18 silly audit   'util-deprecate': [ '1.0.2' ],
18 silly audit   vite: [ '5.4.21' ],
18 silly audit   'websocket-driver': [ '0.7.5' ],
18 silly audit   'websocket-extensions': [ '0.1.4' ],
18 silly audit   'wrap-ansi': [ '7.0.0' ],
18 silly audit   y18n: [ '5.0.8' ],
18 silly audit   yallist: [ '3.1.1' ],
18 silly audit   yargs: [ '17.7.3' ],
18 silly audit   'yargs-parser': [ '21.1.1' ]
18 silly audit }
19 http cache update-browserslist-db@https://registry.npmjs.org/update-browserslist-db/-/update-browserslist-db-1.3.1.tgz 1ms (cache hit)
20 http cache vite@https://registry.npmjs.org/vite/-/vite-5.4.21.tgz 0ms (cache hit)
21 http cache typescript@https://registry.npmjs.org/typescript/-/typescript-5.9.3.tgz 0ms (cache hit)
22 http cache undici@https://registry.npmjs.org/undici/-/undici-6.19.7.tgz 0ms (cache hit)
23 http cache tailwindcss@https://registry.npmjs.org/tailwindcss/-/tailwindcss-3.4.19.tgz 0ms (cache hit)
24 http cache sucrase@https://registry.npmjs.org/sucrase/-/sucrase-3.35.1.tgz 0ms (cache hit)
25 http cache semver@https://registry.npmjs.org/semver/-/semver-6.3.1.tgz 0ms (cache hit)
26 http cache rollup@https://registry.npmjs.org/rollup/-/rollup-4.62.4.tgz 0ms (cache hit)
27 http cache resolve@https://registry.npmjs.org/resolve/-/resolve-1.22.12.tgz 0ms (cache hit)
28 http cache loose-envify@https://registry.npmjs.org/loose-envify/-/loose-envify-1.4.0.tgz 0ms (cache hit)
29 http cache nanoid@https://registry.npmjs.org/nanoid/-/nanoid-3.3.18.tgz 0ms (cache hit)
30 http cache json5@https://registry.npmjs.org/json5/-/json5-2.2.3.tgz 0ms (cache hit)
31 http cache jsesc@https://registry.npmjs.org/jsesc/-/jsesc-3.1.0.tgz 0ms (cache hit)
32 http cache jiti@https://registry.npmjs.org/jiti/-/jiti-1.21.7.tgz 1ms (cache hit)
33 http cache caniuse-lite@https://registry.npmjs.org/caniuse-lite/-/caniuse-lite-1.0.30001809.tgz 0ms (cache hit)
34 http cache esbuild@https://registry.npmjs.org/esbuild/-/esbuild-0.21.5.tgz 0ms (cache hit)
35 http cache @grpc/proto-loader@https://registry.npmjs.org/@grpc/proto-loader/-/proto-loader-0.7.15.tgz 0ms (cache hit)
36 http cache @esbuild/win32-x64@https://registry.npmjs.org/@esbuild/win32-x64/-/win32-x64-0.21.5.tgz 0ms (cache hit)
37 http cache cssesc@https://registry.npmjs.org/cssesc/-/cssesc-3.0.0.tgz 0ms (cache hit)
38 http cache browserslist@https://registry.npmjs.org/browserslist/-/browserslist-4.28.8.tgz 0ms (cache hit)
39 http cache @babel/types@https://registry.npmjs.org/@babel/types/-/types-7.29.8.tgz 0ms (cache hit)
40 http cache @grpc/grpc-js@https://registry.npmjs.org/@grpc/grpc-js/-/grpc-js-1.9.16.tgz 0ms (cache hit)
41 http cache @babel/parser@https://registry.npmjs.org/@babel/parser/-/parser-7.29.8.tgz 0ms (cache hit)
42 http cache @babel/helpers@https://registry.npmjs.org/@babel/helpers/-/helpers-7.29.7.tgz 0ms (cache hit)
43 http cache @babel/traverse@https://registry.npmjs.org/@babel/traverse/-/traverse-7.29.8.tgz 0ms (cache hit)
44 http cache @babel/core@https://registry.npmjs.org/@babel/core/-/core-7.29.7.tgz 0ms (cache hit)
45 silly tarball no local data for update-browserslist-db@https://registry.npmjs.org/update-browserslist-db/-/update-browserslist-db-1.3.1.tgz. Extracting by manifest.
46 silly tarball no local data for vite@https://registry.npmjs.org/vite/-/vite-5.4.21.tgz. Extracting by manifest.
47 http cache @firebase/auth@https://registry.npmjs.org/@firebase/auth/-/auth-1.7.9.tgz 1ms (cache hit)
48 silly tarball no local data for typescript@https://registry.npmjs.org/typescript/-/typescript-5.9.3.tgz. Extracting by manifest.
49 silly tarball no local data for undici@https://registry.npmjs.org/undici/-/undici-6.19.7.tgz. Extracting by manifest.
50 http cache baseline-browser-mapping@https://registry.npmjs.org/baseline-browser-mapping/-/baseline-browser-mapping-2.11.15.tgz 0ms (cache hit)
51 http cache autoprefixer@https://registry.npmjs.org/autoprefixer/-/autoprefixer-10.5.4.tgz 0ms (cache hit)
52 http cache firebase@https://registry.npmjs.org/firebase/-/firebase-10.14.1.tgz 0ms (cache hit)
53 silly tarball no local data for tailwindcss@https://registry.npmjs.org/tailwindcss/-/tailwindcss-3.4.19.tgz. Extracting by manifest.
54 silly tarball no local data for sucrase@https://registry.npmjs.org/sucrase/-/sucrase-3.35.1.tgz. Extracting by manifest.
55 silly tarball no local data for semver@https://registry.npmjs.org/semver/-/semver-6.3.1.tgz. Extracting by manifest.
56 silly tarball no local data for rollup@https://registry.npmjs.org/rollup/-/rollup-4.62.4.tgz. Extracting by manifest.
57 silly tarball no local data for resolve@https://registry.npmjs.org/resolve/-/resolve-1.22.12.tgz. Extracting by manifest.
58 silly tarball no local data for loose-envify@https://registry.npmjs.org/loose-envify/-/loose-envify-1.4.0.tgz. Extracting by manifest.
59 silly tarball no local data for nanoid@https://registry.npmjs.org/nanoid/-/nanoid-3.3.18.tgz. Extracting by manifest.
60 silly tarball no local data for json5@https://registry.npmjs.org/json5/-/json5-2.2.3.tgz. Extracting by manifest.
61 silly tarball no local data for jsesc@https://registry.npmjs.org/jsesc/-/jsesc-3.1.0.tgz. Extracting by manifest.
62 silly tarball no local data for jiti@https://registry.npmjs.org/jiti/-/jiti-1.21.7.tgz. Extracting by manifest.
63 silly tarball no local data for caniuse-lite@https://registry.npmjs.org/caniuse-lite/-/caniuse-lite-1.0.30001809.tgz. Extracting by manifest.
64 silly tarball no local data for esbuild@https://registry.npmjs.org/esbuild/-/esbuild-0.21.5.tgz. Extracting by manifest.
65 silly tarball no local data for @grpc/proto-loader@https://registry.npmjs.org/@grpc/proto-loader/-/proto-loader-0.7.15.tgz. Extracting by manifest.
66 silly tarball no local data for @esbuild/win32-x64@https://registry.npmjs.org/@esbuild/win32-x64/-/win32-x64-0.21.5.tgz. Extracting by manifest.
67 silly tarball no local data for cssesc@https://registry.npmjs.org/cssesc/-/cssesc-3.0.0.tgz. Extracting by manifest.
68 silly tarball no local data for browserslist@https://registry.npmjs.org/browserslist/-/browserslist-4.28.8.tgz. Extracting by manifest.
69 silly tarball no local data for @babel/types@https://registry.npmjs.org/@babel/types/-/types-7.29.8.tgz. Extracting by manifest.
70 silly tarball no local data for @grpc/grpc-js@https://registry.npmjs.org/@grpc/grpc-js/-/grpc-js-1.9.16.tgz. Extracting by manifest.
71 silly tarball no local data for @babel/parser@https://registry.npmjs.org/@babel/parser/-/parser-7.29.8.tgz. Extracting by manifest.
72 silly tarball no local data for @babel/helpers@https://registry.npmjs.org/@babel/helpers/-/helpers-7.29.7.tgz. Extracting by manifest.
73 silly tarball no local data for @babel/traverse@https://registry.npmjs.org/@babel/traverse/-/traverse-7.29.8.tgz. Extracting by manifest.
74 silly tarball no local data for @babel/core@https://registry.npmjs.org/@babel/core/-/core-7.29.7.tgz. Extracting by manifest.
75 silly tarball no local data for @firebase/auth@https://registry.npmjs.org/@firebase/auth/-/auth-1.7.9.tgz. Extracting by manifest.
76 silly tarball no local data for baseline-browser-mapping@https://registry.npmjs.org/baseline-browser-mapping/-/baseline-browser-mapping-2.11.15.tgz. Extracting by manifest.
77 silly tarball no local data for autoprefixer@https://registry.npmjs.org/autoprefixer/-/autoprefixer-10.5.4.tgz. Extracting by manifest.
78 silly tarball no local data for firebase@https://registry.npmjs.org/firebase/-/firebase-10.14.1.tgz. Extracting by manifest.
79 warn tar ENOENT: Cannot cd into 'E:/Soni_Navratri/node_modules/sucrase'
80 silly tar _r [CwdError]: ENOENT: Cannot cd into 'E:/Soni_Navratri/node_modules/sucrase'
80 silly tar     at C:\Users\Tulsi Gold & Silver\AppData\Local\Microsoft\WinGet\Packages\OpenJS.NodeJS.LTS_Microsoft.Winget.Source_8wekyb3d8bbwe\node-v24.19.0-win-x64\node_modules\npm\node_modules\tar\dist\commonjs\index.min.js:3:41372
80 silly tar     at callback (C:\Users\Tulsi Gold & Silver\AppData\Local\Microsoft\WinGet\Packages\OpenJS.NodeJS.LTS_Microsoft.Winget.Source_8wekyb3d8bbwe\node-v24.19.0-win-x64\node_modules\npm\node_modules\graceful-fs\polyfills.js:306:20)
80 silly tar     at FSReqCallback.oncomplete (node:fs:198:21) {
80 silly tar   path: 'E:/Soni_Navratri/node_modules/sucrase',
80 silly tar   code: 'ENOENT',
80 silly tar   syscall: 'chdir'
80 silly tar }
81 warn tarball tarball data for sucrase@https://registry.npmjs.org/sucrase/-/sucrase-3.35.1.tgz (sha512-DhuTmvZWux4H1UOnWMB3sk0sbaCVOoQZjv8u1rDoTV0HTdGem9hkAZtl4JZy8P2z4Bg0nT+YMeOFyVr4zcG5Tw==) seems to be corrupted. Trying again.
82 warn tar ENOENT: Cannot cd into 'E:/Soni_Navratri/node_modules/resolve'
83 silly tar _r [CwdError]: ENOENT: Cannot cd into 'E:/Soni_Navratri/node_modules/resolve'
83 silly tar     at C:\Users\Tulsi Gold & Silver\AppData\Local\Microsoft\WinGet\Packages\OpenJS.NodeJS.LTS_Microsoft.Winget.Source_8wekyb3d8bbwe\node-v24.19.0-win-x64\node_modules\npm\node_modules\tar\dist\commonjs\index.min.js:3:41372
83 silly tar     at callback (C:\Users\Tulsi Gold & Silver\AppData\Local\Microsoft\WinGet\Packages\OpenJS.NodeJS.LTS_Microsoft.Winget.Source_8wekyb3d8bbwe\node-v24.19.0-win-x64\node_modules\npm\node_modules\graceful-fs\polyfills.js:306:20)
83 silly tar     at FSReqCallback.oncomplete (node:fs:198:21) {
83 silly tar   path: 'E:/Soni_Navratri/node_modules/resolve',
83 silly tar   code: 'ENOENT',
83 silly tar   syscall: 'chdir'
83 silly tar }
84 warn tarball tarball data for resolve@https://registry.npmjs.org/resolve/-/resolve-1.22.12.tgz (sha512-TyeJ1zif53BPfHootBGwPRYT1RUt6oGWsaQr8UyZW/eAm9bKoijtvruSDEmZHm92CwS9nj7/fWttqPCgzep8CA==) seems to be corrupted. Trying again.
85 http fetch POST 200 https://registry.npmjs.org/-/npm/v1/security/advisories/bulk 1008ms
86 silly audit report {
86 silly audit report   esbuild: [
86 silly audit report     {
86 silly audit report       id: 1102341,
86 silly audit report       url: 'https://github.com/advisories/GHSA-67mh-4wv8-2f99',
86 silly audit report       title: 'esbuild enables any website to send any requests to the development server and read the response',
86 silly audit report       severity: 'moderate',
86 silly audit report       vulnerable_versions: '<=0.24.2',
86 silly audit report       cwe: [Array],
86 silly audit report       cvss: [Object]
86 silly audit report     }
86 silly audit report   ],
86 silly audit report   undici: [
86 silly audit report     {
86 silly audit report       id: 1101609,
86 silly audit report       url: 'https://github.com/advisories/GHSA-c76h-2ccp-4975',
86 silly audit report       title: 'Use of Insufficiently Random Values in undici',
86 silly audit report       severity: 'moderate',
86 silly audit report       vulnerable_versions: '>=6.0.0 <6.21.1',
86 silly audit report       cwe: [Array],
86 silly audit report       cvss: [Object]
86 silly audit report     },
86 silly audit report     {
86 silly audit report       id: 1112496,
86 silly audit report       url: 'https://github.com/advisories/GHSA-g9mf-h72j-4rw9',
86 silly audit report       title: 'Undici has an unbounded decompression chain in HTTP responses on Node.js Fetch API via Content-Encoding leads to resource exhaustion',
86 silly audit report       severity: 'moderate',
86 silly audit report       vulnerable_versions: '<6.23.0',
86 silly audit report       cwe: [Array],
86 silly audit report       cvss: [Object]
86 silly audit report     },
86 silly audit report     {
86 silly audit report       id: 1113068,
86 silly audit report       url: 'https://github.com/advisories/GHSA-cxrh-j4jr-qwg3',
86 silly audit report       title: 'undici Denial of Service attack via bad certificate data',
86 silly audit report       severity: 'low',
86 silly audit report       vulnerable_versions: '>=6.0.0 <6.21.2',
86 silly audit report       cwe: [Array],
86 silly audit report       cvss: [Object]
86 silly audit report     },
86 silly audit report     {
86 silly audit report       id: 1114592,
86 silly audit report       url: 'https://github.com/advisories/GHSA-f269-vfmq-vjvj',
86 silly audit report       title: 'Undici: Malicious WebSocket 64-bit length overflows parser and crashes the client',
86 silly audit report       severity: 'high',
86 silly audit report       vulnerable_versions: '>=6.0.0 <6.24.0',
86 silly audit report       cwe: [Array],
86 silly audit report       cvss: [Object]
86 silly audit report     },
86 silly audit report     {
86 silly audit report       id: 1114594,
86 silly audit report       url: 'https://github.com/advisories/GHSA-2mjp-6q6p-2qxm',
86 silly audit report       title: 'Undici has an HTTP Request/Response Smuggling issue',
86 silly audit report       severity: 'moderate',
86 silly audit report       vulnerable_versions: '<6.24.0',
86 silly audit report       cwe: [Array],
86 silly audit report       cvss: [Object]
86 silly audit report     },
86 silly audit report     {
86 silly audit report       id: 1114638,
86 silly audit report       url: 'https://github.com/advisories/GHSA-vrm6-8vpv-qv8q',
86 silly audit report       title: 'Undici has Unbounded Memory Consumption in WebSocket permessage-deflate Decompression',
86 silly audit report       severity: 'high',
86 silly audit report       vulnerable_versions: '<6.24.0',
86 silly audit report       cwe: [Array],
86 silly audit report       cvss: [Object]
86 silly audit report     },
86 silly audit report     {
86 silly audit report       id: 1114640,
86 silly audit report       url: 'https://github.com/advisories/GHSA-v9p9-hfj2-hcw8',
86 silly audit report       title: 'Undici has Unhandled Exception in WebSocket Client Due to Invalid server_max_window_bits Validation',
86 silly audit report       severity: 'high',
86 silly audit report       vulnerable_versions: '<6.24.0',
86 silly audit report       cwe: [Array],
86 silly audit report       cvss: [Object]
86 silly audit report     },
86 silly audit report     {
86 silly audit report       id: 1114642,
86 silly audit report       url: 'https://github.com/advisories/GHSA-4992-7rv2-5pvq',
86 silly audit report       title: 'Undici has CRLF Injection in undici via `upgrade` option',
86 silly audit report       severity: 'moderate',
86 silly audit report       vulnerable_versions: '<6.24.0',
86 silly audit report       cwe: [Array],
86 silly audit report       cvss: [Object]
86 silly audit report     },
86 silly audit report     {
86 silly audit report       id: 1130716,
86 silly audit report       url: 'https://github.com/advisories/GHSA-8xcm-r25x-g524',
86 silly audit report       title: 'undici vulnerable to downstream response desynchronization via retry interceptor',
86 silly audit report       severity: 'moderate',
86 silly audit report       vulnerable_versions: '<6.28.0',
86 silly audit report       cwe: [Array],
86 silly audit report       cvss: [Object]
86 silly audit report     },
86 silly audit report     {
86 silly audit report       id: 1130727,
86 silly audit report       url: 'https://github.com/advisories/GHSA-m8rv-5g2x-5cg5',
86 silly audit report       title: "undici vulnerable to CRLF Injection via blob-like body 'type' property",
86 silly audit report       severity: 'moderate',
86 silly audit report       vulnerable_versions: '<6.28.0',
86 silly audit report       cwe: [Array],
86 silly audit report       cvss: [Object]
86 silly audit report     },
86 silly audit report     {
86 silly audit report       id: 1130732,
86 silly audit report       url: 'https://github.com/advisories/GHSA-v3r7-h72x-cjcm',
86 silly audit report       title: 'undici vulnerable to cookie attribute injection via unsanitized domain and unparsed setCookie fields',
86 silly audit report       severity: 'moderate',
86 silly audit report       vulnerable_versions: '<6.28.0',
86 silly audit report       cwe: [Array],
86 silly audit report       cvss: [Object]
86 silly audit report     },
86 silly audit report     {
86 silly audit report       id: 1121242,
86 silly audit report       url: 'https://github.com/advisories/GHSA-p88m-4jfj-68fv',
86 silly audit report       title: 'undici vulnerable to HTTP header injection via Set-Cookie percent-decoding',
86 silly audit report       severity: 'moderate',
86 silly audit report       vulnerable_versions: '<6.27.0',
86 silly audit report       cwe: [Array],
86 silly audit report       cvss: [Object]
86 silly audit report     },
86 silly audit report     {
86 silly audit report       id: 1121245,
86 silly audit report       url: 'https://github.com/advisories/GHSA-vxpw-j846-p89q',
86 silly audit report       title: 'undici WebSocket client vulnerable to denial of service via fragment count bypass',
86 silly audit report       severity: 'high',
86 silly audit report       vulnerable_versions: '<6.27.0',
86 silly audit report       cwe: [Array],
86 silly audit report       cvss: [Object]
86 silly audit report     },
86 silly audit report     {
86 silly audit report       id: 1121255,
86 silly audit report       url: 'https://github.com/advisories/GHSA-g8m3-5g58-fq7m',
86 silly audit report       title: 'undici vulnerable to Set-Cookie SameSite attribute downgrade via permissive substring matching',
86 silly audit report       severity: 'low',
86 silly audit report       vulnerable_versions: '<6.27.0',
86 silly audit report       cwe: [Array],
86 silly audit report       cvss: [Object]
86 silly audit report     },
86 silly audit report     {
86 silly audit report       id: 1137243,
86 silly audit report       url: 'https://github.com/advisories/GHSA-35p6-xmwp-9g52',
86 silly audit report       title: 'undici vulnerable to HTTP response queue poisoning via keep-alive socket reuse',
86 silly audit report       severity: 'low',
86 silly audit report       vulnerable_versions: '<6.27.0',
86 silly audit report       cwe: [Array],
86 silly audit report       cvss: [Object]
86 silly audit report     }
86 silly audit report   ],
86 silly audit report   vite: [
86 silly audit report     {
86 silly audit report       id: 1120784,
86 silly audit report       url: 'https://github.com/advisories/GHSA-v6wh-96g9-6wx3',
86 silly audit report       title: 'launch-editor: NTLMv2 hash disclosure via UNC path handling on Windows',
86 silly audit report       severity: 'moderate',
86 silly audit report       vulnerable_versions: '<=6.4.2',
86 silly audit report       cwe: [Array],
86 silly audit report       cvss: [Object]
86 silly audit report     },
86 silly audit report     {
86 silly audit report       id: 1116229,
86 silly audit report       url: 'https://github.com/advisories/GHSA-4w7w-66w2-5vf9',
86 silly audit report       title: 'Vite Vulnerable to Path Traversal in Optimized Deps `.map` Handling',
86 silly audit report       severity: 'moderate',
86 silly audit report       vulnerable_versions: '<=6.4.1',
86 silly audit report       cwe: [Array],
86 silly audit report       cvss: [Object]
86 silly audit report     },
86 silly audit report     {
86 silly audit report       id: 1123525,
86 silly audit report       url: 'https://github.com/advisories/GHSA-fx2h-pf6j-xcff',
86 silly audit report       title: 'vite: `server.fs.deny` bypass on Windows alternate paths',
86 silly audit report       severity: 'high',
86 silly audit report       vulnerable_versions: '<=6.4.2',
86 silly audit report       cwe: [Array],
86 silly audit report       cvss: [Object]
86 silly audit report     }
86 silly audit report   ]
86 silly audit report }
87 silly packumentCache corgi:https://registry.npmjs.org/esbuild cache-miss
88 silly packumentCache corgi:https://registry.npmjs.org/undici cache-miss
89 silly packumentCache corgi:https://registry.npmjs.org/vite cache-miss
90 warn tar ENOENT: Cannot cd into 'E:/Soni_Navratri/node_modules/sucrase'
91 silly tar _r [CwdError]: ENOENT: Cannot cd into 'E:/Soni_Navratri/node_modules/sucrase'
91 silly tar     at C:\Users\Tulsi Gold & Silver\AppData\Local\Microsoft\WinGet\Packages\OpenJS.NodeJS.LTS_Microsoft.Winget.Source_8wekyb3d8bbwe\node-v24.19.0-win-x64\node_modules\npm\node_modules\tar\dist\commonjs\index.min.js:3:41372
91 silly tar     at callback (C:\Users\Tulsi Gold & Silver\AppData\Local\Microsoft\WinGet\Packages\OpenJS.NodeJS.LTS_Microsoft.Winget.Source_8wekyb3d8bbwe\node-v24.19.0-win-x64\node_modules\npm\node_modules\graceful-fs\polyfills.js:306:20)
91 silly tar     at FSReqCallback.oncomplete (node:fs:198:21) {
91 silly tar   path: 'E:/Soni_Navratri/node_modules/sucrase',
91 silly tar   code: 'ENOENT',
91 silly tar   syscall: 'chdir'
91 silly tar }
92 warn tarball tarball data for sucrase@https://registry.npmjs.org/sucrase/-/sucrase-3.35.1.tgz (sha512-DhuTmvZWux4H1UOnWMB3sk0sbaCVOoQZjv8u1rDoTV0HTdGem9hkAZtl4JZy8P2z4Bg0nT+YMeOFyVr4zcG5Tw==) seems to be corrupted. Trying again.
93 http fetch GET 200 https://registry.npmjs.org/update-browserslist-db/-/update-browserslist-db-1.3.1.tgz 1661ms (cache miss)
94 http fetch GET 200 https://registry.npmjs.org/cssesc/-/cssesc-3.0.0.tgz 1634ms (cache miss)
95 http fetch GET 200 https://registry.npmjs.org/loose-envify/-/loose-envify-1.4.0.tgz 2048ms (cache miss)
96 http fetch GET 200 https://registry.npmjs.org/jsesc/-/jsesc-3.1.0.tgz 2206ms (cache miss)
97 http fetch GET 200 https://registry.npmjs.org/semver/-/semver-6.3.1.tgz 2751ms (cache miss)
98 http fetch GET 200 https://registry.npmjs.org/undici 8864ms (cache miss)
99 silly packumentCache corgi:https://registry.npmjs.org/undici set size:undefined disposed:false
100 http fetch GET 200 https://registry.npmjs.org/browserslist/-/browserslist-4.28.8.tgz 10426ms (cache miss)
101 http fetch GET 200 https://registry.npmjs.org/esbuild/-/esbuild-0.21.5.tgz 10438ms (cache miss)
102 http fetch GET 200 https://registry.npmjs.org/baseline-browser-mapping/-/baseline-browser-mapping-2.11.15.tgz 16418ms (cache miss)
103 http fetch GET 200 https://registry.npmjs.org/@grpc/proto-loader/-/proto-loader-0.7.15.tgz 16822ms (cache miss)
104 http fetch GET 200 https://registry.npmjs.org/esbuild 16995ms (cache miss)
105 silly packumentCache corgi:https://registry.npmjs.org/esbuild set size:undefined disposed:false
106 http fetch GET 200 https://registry.npmjs.org/nanoid/-/nanoid-3.3.18.tgz 21987ms (cache miss)
107 http fetch GET 200 https://registry.npmjs.org/vite 21267ms (cache miss)
108 silly packumentCache corgi:https://registry.npmjs.org/vite set size:undefined disposed:false
109 http fetch GET 200 https://registry.npmjs.org/json5/-/json5-2.2.3.tgz 22264ms (cache miss)
110 http fetch GET 200 https://registry.npmjs.org/@babel/parser/-/parser-7.29.8.tgz 22662ms (cache miss)
111 silly packumentCache corgi:https://registry.npmjs.org/@firebase%2fauth-compat cache-miss
112 silly packumentCache corgi:https://registry.npmjs.org/@firebase%2fauth cache-miss
113 silly packumentCache corgi:https://registry.npmjs.org/@firebase%2ffirestore cache-miss
114 silly packumentCache corgi:https://registry.npmjs.org/@firebase%2ffunctions cache-miss
115 silly packumentCache corgi:https://registry.npmjs.org/@firebase%2fstorage cache-miss
116 http fetch GET 200 https://registry.npmjs.org/jiti/-/jiti-1.21.7.tgz 31759ms (cache miss)
117 http fetch GET 200 https://registry.npmjs.org/@firebase%2fauth-compat 10629ms (cache miss)
118 silly packumentCache corgi:https://registry.npmjs.org/@firebase%2fauth-compat set size:undefined disposed:false
119 http fetch GET 200 https://registry.npmjs.org/rollup/-/rollup-4.62.4.tgz 42497ms (cache miss)
120 http fetch GET 200 https://registry.npmjs.org/vite/-/vite-5.4.21.tgz 43402ms (cache miss)
121 http fetch GET 200 https://registry.npmjs.org/@firebase%2fstorage 21328ms (cache miss)
122 silly packumentCache corgi:https://registry.npmjs.org/@firebase%2fstorage set size:undefined disposed:false
123 http fetch GET 200 https://registry.npmjs.org/@firebase%2fauth 21562ms (cache miss)
124 silly packumentCache corgi:https://registry.npmjs.org/@firebase%2fauth set size:undefined disposed:false
125 http fetch GET 200 https://registry.npmjs.org/@firebase%2ffunctions 21982ms (cache miss)
126 silly packumentCache corgi:https://registry.npmjs.org/@firebase%2ffunctions set size:undefined disposed:false
127 http fetch GET 200 https://registry.npmjs.org/@esbuild/win32-x64/-/win32-x64-0.21.5.tgz 47549ms (cache miss)
128 http fetch GET 200 https://registry.npmjs.org/@babel/traverse/-/traverse-7.29.8.tgz 47749ms (cache miss)
129 http fetch GET 200 https://registry.npmjs.org/@firebase%2ffirestore 24059ms (cache miss)
130 silly packumentCache corgi:https://registry.npmjs.org/@firebase%2ffirestore set size:undefined disposed:false
131 silly packumentCache corgi:https://registry.npmjs.org/@vitejs%2fplugin-react cache-miss
132 http fetch GET 200 https://registry.npmjs.org/@vitejs%2fplugin-react 276ms (cache miss)
133 silly packumentCache corgi:https://registry.npmjs.org/@vitejs%2fplugin-react set size:undefined disposed:false
134 silly packumentCache corgi:https://registry.npmjs.org/firebase cache-miss
135 http fetch GET 200 https://registry.npmjs.org/autoprefixer/-/autoprefixer-10.5.4.tgz 50923ms (cache miss)
136 http fetch GET 200 https://registry.npmjs.org/resolve/-/resolve-1.22.12.tgz 50973ms (cache miss)
137 http fetch GET 200 https://registry.npmjs.org/@babel/core/-/core-7.29.7.tgz 59465ms (cache miss)
138 http fetch GET 200 https://registry.npmjs.org/firebase 10186ms (cache miss)
139 silly packumentCache corgi:https://registry.npmjs.org/firebase set size:undefined disposed:false
140 silly packumentCache corgi:https://registry.npmjs.org/@firebase%2fstorage-compat cache-miss
141 warn tar TAR_ENTRY_ERROR ENOENT: no such file or directory, lstat 'E:\Soni_Navratri\node_modules\firebase\node_modules\@firebase\auth\dist\node-esm'
142 silly tar TAR_ENTRY_ERROR ENOENT: no such file or directory, lstat 'E:\Soni_Navratri\node_modules\firebase\node_modules\@firebase\auth\dist\node-esm' [Error: ENOENT: no such file or directory, lstat 'E:\Soni_Navratri\node_modules\firebase\node_modules\@firebase\auth\dist\node-esm'] {
142 silly tar   errno: -4058,
142 silly tar   code: 'ENOENT',
142 silly tar   syscall: 'lstat',
142 silly tar   path: 'E:/Soni_Navratri/node_modules/firebase/node_modules/@firebase/auth/dist/node-esm',
142 silly tar   entry: Is {
142 silly tar     _events: [Object: null prototype] { end: [Function (anonymous)] },
142 silly tar     _eventsCount: 1,
142 silly tar     _maxListeners: undefined,
142 silly tar     writable: false,
142 silly tar     readable: true,
142 silly tar     extended: undefined,
142 silly tar     globalExtended: undefined,
142 silly tar     header: Ls {
142 silly tar       cksumValid: true,
142 silly tar       needPax: false,
142 silly tar       nullBlock: false,
142 silly tar       block: undefined,
142 silly tar       path: 'package/dist/node-esm/src/core/strategies/abstract_popup_redirect_operation.test.d.ts',
142 silly tar       mode: 420,
142 silly tar       uid: undefined,
142 silly tar       gid: undefined,
142 silly tar       size: 633,
142 silly tar       cksum: 11506,
142 silly tar       linkpath: '',
142 silly tar       uname: '',
142 silly tar       gname: '',
142 silly tar       devmaj: 0,
142 silly tar       devmin: 0,
142 silly tar       atime: undefined,
142 silly tar       ctime: undefined,
142 silly tar       mtime: 1985-10-26T08:15:00.000Z,
142 silly tar       charset: undefined,
142 silly tar       comment: undefined
142 silly tar     },
142 silly tar     startBlockSize: 1024,
142 silly tar     blockRemain: 0,
142 silly tar     remain: 0,
142 silly tar     type: 'File',
142 silly tar     meta: false,
142 silly tar     ignore: false,
142 silly tar     path: 'dist/node-esm/src/core/strategies/abstract_popup_redirect_operation.test.d.ts',
142 silly tar     mode: 438,
142 silly tar     uid: undefined,
142 silly tar     gid: undefined,
142 silly tar     uname: '',
142 silly tar     gname: '',
142 silly tar     size: 633,
142 silly tar     mtime: 1985-10-26T08:15:00.000Z,
142 silly tar     atime: undefined,
142 silly tar     ctime: undefined,
142 silly tar     linkpath: undefined,
142 silly tar     dev: undefined,
142 silly tar     ino: undefined,
142 silly tar     nlink: undefined,
142 silly tar     invalid: false,
142 silly tar     absolute: 'E:/Soni_Navratri/node_modules/firebase/node_modules/@firebase/auth/dist/node-esm/src/core/strategies/abstract_popup_redirect_operation.test.d.ts',
142 silly tar     unsupported: false,
142 silly tar     Symbol(shapeMode): false,
142 silly tar     Symbol(kCapture): false,
142 silly tar     Symbol(flowing): false,
142 silly tar     Symbol(paused): true,
142 silly tar     Symbol(pipes): [],
142 silly tar     Symbol(buffer): [
142 silly tar       <Buffer 2f 2a 2a 0d 0a 20 2a 20 40 6c 69 63 65 6e 73 65 0d 0a 20 2a 20 43 6f 70 79 72 69 67 68 74 20 32 30 32 30 20 47 6f 6f 67 6c 65 20 4c 4c 43 0d 0a 20 2a ... 583 more bytes>
142 silly tar     ],
142 silly tar     Symbol(objectMode): false,
142 silly tar     Symbol(encoding): null,
142 silly tar     Symbol(async): false,
142 silly tar     Symbol(decoder): null,
142 silly tar     Symbol(EOF): true,
142 silly tar     Symbol(emittedEnd): false,
142 silly tar     Symbol(emittingEnd): false,
142 silly tar     Symbol(closed): false,
142 silly tar     Symbol(emittedError): null,
142 silly tar     Symbol(bufferLength): 633,
142 silly tar     Symbol(destroyed): false,
142 silly tar     Symbol(signal): undefined,
142 silly tar     Symbol(aborted): false,
142 silly tar     Symbol(dataListeners): 0,
142 silly tar     Symbol(discarded): false
142 silly tar   },
142 silly tar   cwd: 'E:/Soni_Navratri/node_modules/firebase/node_modules/@firebase/auth',
142 silly tar   tarCode: 'TAR_ENTRY_ERROR'
142 silly tar }
143 warn tar TAR_ENTRY_ERROR ENOENT: no such file or directory, lstat 'E:\Soni_Navratri\node_modules\firebase\compat\performance\dist\esm'
144 silly tar TAR_ENTRY_ERROR ENOENT: no such file or directory, lstat 'E:\Soni_Navratri\node_modules\firebase\compat\performance\dist\esm' [Error: ENOENT: no such file or directory, lstat 'E:\Soni_Navratri\node_modules\firebase\compat\performance\dist\esm'] {
144 silly tar   errno: -4058,
144 silly tar   code: 'ENOENT',
144 silly tar   syscall: 'lstat',
144 silly tar   path: 'E:/Soni_Navratri/node_modules/firebase/compat/performance/dist/esm',
144 silly tar   entry: Is {
144 silly tar     _events: [Object: null prototype] { end: [Function (anonymous)] },
144 silly tar     _eventsCount: 1,
144 silly tar     _maxListeners: undefined,
144 silly tar     writable: false,
144 silly tar     readable: true,
144 silly tar     extended: undefined,
144 silly tar     globalExtended: undefined,
144 silly tar     header: Ls {
144 silly tar       cksumValid: true,
144 silly tar       needPax: false,
144 silly tar       nullBlock: false,
144 silly tar       block: undefined,
144 silly tar       path: 'package/compat/performance/dist/esm/package.json',
144 silly tar       mode: 420,
144 silly tar       uid: undefined,
144 silly tar       gid: undefined,
144 silly tar       size: 17,
144 silly tar       cksum: 7722,
144 silly tar       linkpath: '',
144 silly tar       uname: '',
144 silly tar       gname: '',
144 silly tar       devmaj: 0,
144 silly tar       devmin: 0,
144 silly tar       atime: undefined,
144 silly tar       ctime: undefined,
144 silly tar       mtime: 1985-10-26T08:15:00.000Z,
144 silly tar       charset: undefined,
144 silly tar       comment: undefined
144 silly tar     },
144 silly tar     startBlockSize: 512,
144 silly tar     blockRemain: 0,
144 silly tar     remain: 0,
144 silly tar     type: 'File',
144 silly tar     meta: false,
144 silly tar     ignore: false,
144 silly tar     path: 'compat/performance/dist/esm/package.json',
144 silly tar     mode: 438,
144 silly tar     uid: undefined,
144 silly tar     gid: undefined,
144 silly tar     uname: '',
144 silly tar     gname: '',
144 silly tar     size: 17,
144 silly tar     mtime: 1985-10-26T08:15:00.000Z,
144 silly tar     atime: undefined,
144 silly tar     ctime: undefined,
144 silly tar     linkpath: undefined,
144 silly tar     dev: undefined,
144 silly tar     ino: undefined,
144 silly tar     nlink: undefined,
144 silly tar     invalid: false,
144 silly tar     absolute: 'E:/Soni_Navratri/node_modules/firebase/compat/performance/dist/esm/package.json',
144 silly tar     unsupported: false,
144 silly tar     Symbol(shapeMode): false,
144 silly tar     Symbol(kCapture): false,
144 silly tar     Symbol(flowing): false,
144 silly tar     Symbol(paused): true,
144 silly tar     Symbol(pipes): [],
144 silly tar     Symbol(buffer): [ <Buffer 7b 22 74 79 70 65 22 3a 22 6d 6f 64 75 6c 65 22 7d> ],
144 silly tar     Symbol(objectMode): false,
144 silly tar     Symbol(encoding): null,
144 silly tar     Symbol(async): false,
144 silly tar     Symbol(decoder): null,
144 silly tar     Symbol(EOF): true,
144 silly tar     Symbol(emittedEnd): false,
144 silly tar     Symbol(emittingEnd): false,
144 silly tar     Symbol(closed): false,
144 silly tar     Symbol(emittedError): null,
144 silly tar     Symbol(bufferLength): 17,
144 silly tar     Symbol(destroyed): false,
144 silly tar     Symbol(signal): undefined,
144 silly tar     Symbol(aborted): false,
144 silly tar     Symbol(dataListeners): 0,
144 silly tar     Symbol(discarded): false
144 silly tar   },
144 silly tar   cwd: 'E:/Soni_Navratri/node_modules/firebase',
144 silly tar   tarCode: 'TAR_ENTRY_ERROR'
144 silly tar }
145 warn tar TAR_ENTRY_ERROR ENOENT: no such file or directory, lstat 'E:\Soni_Navratri\node_modules\firebase\node_modules\@firebase\auth\dist'
146 silly tar TAR_ENTRY_ERROR ENOENT: no such file or directory, lstat 'E:\Soni_Navratri\node_modules\firebase\node_modules\@firebase\auth\dist' [Error: ENOENT: no such file or directory, lstat 'E:\Soni_Navratri\node_modules\firebase\node_modules\@firebase\auth\dist'] {
146 silly tar   errno: -4058,
146 silly tar   code: 'ENOENT',
146 silly tar   syscall: 'lstat',
146 silly tar   path: 'E:/Soni_Navratri/node_modules/firebase/node_modules/@firebase/auth/dist',
146 silly tar   entry: Is {
146 silly tar     _events: [Object: null prototype] { end: [Function (anonymous)] },
146 silly tar     _eventsCount: 1,
146 silly tar     _maxListeners: undefined,
146 silly tar     writable: false,
146 silly tar     readable: true,
146 silly tar     extended: undefined,
146 silly tar     globalExtended: undefined,
146 silly tar     header: Ls {
146 silly tar       cksumValid: true,
146 silly tar       needPax: false,
146 silly tar       nullBlock: false,
146 silly tar       block: undefined,
146 silly tar       path: 'package/dist/node/src/core/strategies/abstract_popup_redirect_operation.test.d.ts',
146 silly tar       mode: 420,
146 silly tar       uid: undefined,
146 silly tar       gid: undefined,
146 silly tar       size: 633,
146 silly tar       cksum: 11136,
146 silly tar       linkpath: '',
146 silly tar       uname: '',
146 silly tar       gname: '',
146 silly tar       devmaj: 0,
146 silly tar       devmin: 0,
146 silly tar       atime: undefined,
146 silly tar       ctime: undefined,
146 silly tar       mtime: 1985-10-26T08:15:00.000Z,
146 silly tar       charset: undefined,
146 silly tar       comment: undefined
146 silly tar     },
146 silly tar     startBlockSize: 1024,
146 silly tar     blockRemain: 0,
146 silly tar     remain: 0,
146 silly tar     type: 'File',
146 silly tar     meta: false,
146 silly tar     ignore: false,
146 silly tar     path: 'dist/node/src/core/strategies/abstract_popup_redirect_operation.test.d.ts',
146 silly tar     mode: 438,
146 silly tar     uid: undefined,
146 silly tar     gid: undefined,
146 silly tar     uname: '',
146 silly tar     gname: '',
146 silly tar     size: 633,
146 silly tar     mtime: 1985-10-26T08:15:00.000Z,
146 silly tar     atime: undefined,
146 silly tar     ctime: undefined,
146 silly tar     linkpath: undefined,
146 silly tar     dev: undefined,
146 silly tar     ino: undefined,
146 silly tar     nlink: undefined,
146 silly tar     invalid: false,
146 silly tar     absolute: 'E:/Soni_Navratri/node_modules/firebase/node_modules/@firebase/auth/dist/node/src/core/strategies/abstract_popup_redirect_operation.test.d.ts',
146 silly tar     unsupported: false,
146 silly tar     Symbol(shapeMode): false,
146 silly tar     Symbol(kCapture): false,
146 silly tar     Symbol(flowing): false,
146 silly tar     Symbol(paused): true,
146 silly tar     Symbol(pipes): [],
146 silly tar     Symbol(buffer): [
146 silly tar       <Buffer 2f 2a 2a 0d 0a 20 2a 20 40 6c 69 63 65 6e 73 65 0d 0a 20 2a 20 43 6f 70 79 72 69 67 68 74 20 32 30 32 30 20 47 6f 6f 67 6c 65 20 4c 4c 43 0d 0a 20 2a ... 583 more bytes>
146 silly tar     ],
146 silly tar     Symbol(objectMode): false,
146 silly tar     Symbol(encoding): null,
146 silly tar     Symbol(async): false,
146 silly tar     Symbol(decoder): null,
146 silly tar     Symbol(EOF): true,
146 silly tar     Symbol(emittedEnd): false,
146 silly tar     Symbol(emittingEnd): false,
146 silly tar     Symbol(closed): false,
146 silly tar     Symbol(emittedError): null,
146 silly tar     Symbol(bufferLength): 633,
146 silly tar     Symbol(destroyed): false,
146 silly tar     Symbol(signal): undefined,
146 silly tar     Symbol(aborted): false,
146 silly tar     Symbol(dataListeners): 0,
146 silly tar     Symbol(discarded): false
146 silly tar   },
146 silly tar   cwd: 'E:/Soni_Navratri/node_modules/firebase/node_modules/@firebase/auth',
146 silly tar   tarCode: 'TAR_ENTRY_ERROR'
146 silly tar }
147 warn tar TAR_ENTRY_ERROR ENOENT: no such file or directory, lstat 'E:\Soni_Navratri\node_modules\firebase\node_modules\@firebase\auth\dist'
148 silly tar TAR_ENTRY_ERROR ENOENT: no such file or directory, lstat 'E:\Soni_Navratri\node_modules\firebase\node_modules\@firebase\auth\dist' [Error: ENOENT: no such file or directory, lstat 'E:\Soni_Navratri\node_modules\firebase\node_modules\@firebase\auth\dist'] {
148 silly tar   errno: -4058,
148 silly tar   code: 'ENOENT',
148 silly tar   syscall: 'lstat',
148 silly tar   path: 'E:/Soni_Navratri/node_modules/firebase/node_modules/@firebase/auth/dist',
148 silly tar   entry: Is {
148 silly tar     _events: [Object: null prototype] { end: [Function (anonymous)] },
148 silly tar     _eventsCount: 1,
148 silly tar     _maxListeners: undefined,
148 silly tar     writable: false,
148 silly tar     readable: true,
148 silly tar     extended: undefined,
148 silly tar     globalExtended: undefined,
148 silly tar     header: Ls {
148 silly tar       cksumValid: true,
148 silly tar       needPax: false,
148 silly tar       nullBlock: false,
148 silly tar       block: undefined,
148 silly tar       path: 'package/dist/rn/src/core/strategies/abstract_popup_redirect_operation.test.d.ts',
148 silly tar       mode: 420,
148 silly tar       uid: undefined,
148 silly tar       gid: undefined,
148 silly tar       size: 633,
148 silly tar       cksum: 10938,
148 silly tar       linkpath: '',
148 silly tar       uname: '',
148 silly tar       gname: '',
148 silly tar       devmaj: 0,
148 silly tar       devmin: 0,
148 silly tar       atime: undefined,
148 silly tar       ctime: undefined,
148 silly tar       mtime: 1985-10-26T08:15:00.000Z,
148 silly tar       charset: undefined,
148 silly tar       comment: undefined
148 silly tar     },
148 silly tar     startBlockSize: 1024,
148 silly tar     blockRemain: 0,
148 silly tar     remain: 0,
148 silly tar     type: 'File',
148 silly tar     meta: false,
148 silly tar     ignore: false,
148 silly tar     path: 'dist/rn/src/core/strategies/abstract_popup_redirect_operation.test.d.ts',
148 silly tar     mode: 438,
148 silly tar     uid: undefined,
148 silly tar     gid: undefined,
148 silly tar     uname: '',
148 silly tar     gname: '',
148 silly tar     size: 633,
148 silly tar     mtime: 1985-10-26T08:15:00.000Z,
148 silly tar     atime: undefined,
148 silly tar     ctime: undefined,
148 silly tar     linkpath: undefined,
148 silly tar     dev: undefined,
148 silly tar     ino: undefined,
148 silly tar     nlink: undefined,
148 silly tar     invalid: false,
148 silly tar     absolute: 'E:/Soni_Navratri/node_modules/firebase/node_modules/@firebase/auth/dist/rn/src/core/strategies/abstract_popup_redirect_operation.test.d.ts',
148 silly tar     unsupported: false,
148 silly tar     Symbol(shapeMode): false,
148 silly tar     Symbol(kCapture): false,
148 silly tar     Symbol(flowing): false,
148 silly tar     Symbol(paused): true,
148 silly tar     Symbol(pipes): [],
148 silly tar     Symbol(buffer): [
148 silly tar       <Buffer 2f 2a 2a 0d 0a 20 2a 20 40 6c 69 63 65 6e 73 65 0d 0a 20 2a 20 43 6f 70 79 72 69 67 68 74 20 32 30 32 30 20 47 6f 6f 67 6c 65 20 4c 4c 43 0d 0a 20 2a ... 583 more bytes>
148 silly tar     ],
148 silly tar     Symbol(objectMode): false,
148 silly tar     Symbol(encoding): null,
148 silly tar     Symbol(async): false,
148 silly tar     Symbol(decoder): null,
148 silly tar     Symbol(EOF): true,
148 silly tar     Symbol(emittedEnd): false,
148 silly tar     Symbol(emittingEnd): false,
148 silly tar     Symbol(closed): false,
148 silly tar     Symbol(emittedError): null,
148 silly tar     Symbol(bufferLength): 633,
148 silly tar     Symbol(destroyed): false,
148 silly tar     Symbol(signal): undefined,
148 silly tar     Symbol(aborted): false,
148 silly tar     Symbol(dataListeners): 0,
148 silly tar     Symbol(discarded): false
148 silly tar   },
148 silly tar   cwd: 'E:/Soni_Navratri/node_modules/firebase/node_modules/@firebase/auth',
148 silly tar   tarCode: 'TAR_ENTRY_ERROR'
148 silly tar }
149 warn tar TAR_ENTRY_ERROR ENOENT: no such file or directory, lstat 'E:\Soni_Navratri\node_modules\firebase\node_modules\@firebase\auth\dist'
150 silly tar TAR_ENTRY_ERROR ENOENT: no such file or directory, lstat 'E:\Soni_Navratri\node_modules\firebase\node_modules\@firebase\auth\dist' [Error: ENOENT: no such file or directory, lstat 'E:\Soni_Navratri\node_modules\firebase\node_modules\@firebase\auth\dist'] {
150 silly tar   errno: -4058,
150 silly tar   code: 'ENOENT',
150 silly tar   syscall: 'lstat',
150 silly tar   path: 'E:/Soni_Navratri/node_modules/firebase/node_modules/@firebase/auth/dist',
150 silly tar   entry: Is {
150 silly tar     _events: [Object: null prototype] { end: [Function (anonymous)] },
150 silly tar     _eventsCount: 1,
150 silly tar     _maxListeners: undefined,
150 silly tar     writable: false,
150 silly tar     readable: true,
150 silly tar     extended: undefined,
150 silly tar     globalExtended: undefined,
150 silly tar     header: Ls {
150 silly tar       cksumValid: true,
150 silly tar       needPax: false,
150 silly tar       nullBlock: false,
150 silly tar       block: undefined,
150 silly tar       path: 'package/dist/src/core/strategies/abstract_popup_redirect_operation.test.d.ts',
150 silly tar       mode: 420,
150 silly tar       uid: undefined,
150 silly tar       gid: undefined,
150 silly tar       size: 633,
150 silly tar       cksum: 10667,
150 silly tar       linkpath: '',
150 silly tar       uname: '',
150 silly tar       gname: '',
150 silly tar       devmaj: 0,
150 silly tar       devmin: 0,
150 silly tar       atime: undefined,
150 silly tar       ctime: undefined,
150 silly tar       mtime: 1985-10-26T08:15:00.000Z,
150 silly tar       charset: undefined,
150 silly tar       comment: undefined
150 silly tar     },
150 silly tar     startBlockSize: 1024,
150 silly tar     blockRemain: 0,
150 silly tar     remain: 0,
150 silly tar     type: 'File',
150 silly tar     meta: false,
150 silly tar     ignore: false,
150 silly tar     path: 'dist/src/core/strategies/abstract_popup_redirect_operation.test.d.ts',
150 silly tar     mode: 438,
150 silly tar     uid: undefined,
150 silly tar     gid: undefined,
150 silly tar     uname: '',
150 silly tar     gname: '',
150 silly tar     size: 633,
150 silly tar     mtime: 1985-10-26T08:15:00.000Z,
150 silly tar     atime: undefined,
150 silly tar     ctime: undefined,
150 silly tar     linkpath: undefined,
150 silly tar     dev: undefined,
150 silly tar     ino: undefined,
150 silly tar     nlink: undefined,
150 silly tar     invalid: false,
150 silly tar     absolute: 'E:/Soni_Navratri/node_modules/firebase/node_modules/@firebase/auth/dist/src/core/strategies/abstract_popup_redirect_operation.test.d.ts',
150 silly tar     unsupported: false,
150 silly tar     Symbol(shapeMode): false,
150 silly tar     Symbol(kCapture): false,
150 silly tar     Symbol(flowing): false,
150 silly tar     Symbol(paused): true,
150 silly tar     Symbol(pipes): [],
150 silly tar     Symbol(buffer): [
150 silly tar       <Buffer 2f 2a 2a 0d 0a 20 2a 20 40 6c 69 63 65 6e 73 65 0d 0a 20 2a 20 43 6f 70 79 72 69 67 68 74 20 32 30 32 30 20 47 6f 6f 67 6c 65 20 4c 4c 43 0d 0a 20 2a ... 583 more bytes>
150 silly tar     ],
150 silly tar     Symbol(objectMode): false,
150 silly tar     Symbol(encoding): null,
150 silly tar     Symbol(async): false,
150 silly tar     Symbol(decoder): null,
150 silly tar     Symbol(EOF): true,
150 silly tar     Symbol(emittedEnd): false,
150 silly tar     Symbol(emittingEnd): false,
150 silly tar     Symbol(closed): false,
150 silly tar     Symbol(emittedError): null,
150 silly tar     Symbol(bufferLength): 633,
150 silly tar     Symbol(destroyed): false,
150 silly tar     Symbol(signal): undefined,
150 silly tar     Symbol(aborted): false,
150 silly tar     Symbol(dataListeners): 0,
150 silly tar     Symbol(discarded): false
150 silly tar   },
150 silly tar   cwd: 'E:/Soni_Navratri/node_modules/firebase/node_modules/@firebase/auth',
150 silly tar   tarCode: 'TAR_ENTRY_ERROR'
150 silly tar }
151 warn tar TAR_ENTRY_ERROR ENOENT: no such file or directory, lstat 'E:\Soni_Navratri\node_modules\firebase\node_modules\@firebase\auth\dist'
152 silly tar TAR_ENTRY_ERROR ENOENT: no such file or directory, lstat 'E:\Soni_Navratri\node_modules\firebase\node_modules\@firebase\auth\dist' [Error: ENOENT: no such file or directory, lstat 'E:\Soni_Navratri\node_modules\firebase\node_modules\@firebase\auth\dist'] {
152 silly tar   errno: -4058,
152 silly tar   code: 'ENOENT',
152 silly tar   syscall: 'lstat',
152 silly tar   path: 'E:/Soni_Navratri/node_modules/firebase/node_modules/@firebase/auth/dist',
152 silly tar   entry: Is {
152 silly tar     _events: [Object: null prototype] { end: [Function (anonymous)] },
152 silly tar     _eventsCount: 1,
152 silly tar     _maxListeners: undefined,
152 silly tar     writable: false,
152 silly tar     readable: true,
152 silly tar     extended: undefined,
152 silly tar     globalExtended: undefined,
152 silly tar     header: Ls {
152 silly tar       cksumValid: true,
152 silly tar       needPax: false,
152 silly tar       nullBlock: false,
152 silly tar       block: undefined,
152 silly tar       path: 'package/dist/web-extension-cjs/src/core/strategies/abstract_popup_redirect_operation.test.d.ts',
152 silly tar       mode: 420,
152 silly tar       uid: undefined,
152 silly tar       gid: undefined,
152 silly tar       size: 633,
152 silly tar       cksum: 12431,
152 silly tar       linkpath: '',
152 silly tar       uname: '',
152 silly tar       gname: '',
152 silly tar       devmaj: 0,
152 silly tar       devmin: 0,
152 silly tar       atime: undefined,
152 silly tar       ctime: undefined,
152 silly tar       mtime: 1985-10-26T08:15:00.000Z,
152 silly tar       charset: undefined,
152 silly tar       comment: undefined
152 silly tar     },
152 silly tar     startBlockSize: 1024,
152 silly tar     blockRemain: 0,
152 silly tar     remain: 0,
152 silly tar     type: 'File',
152 silly tar     meta: false,
152 silly tar     ignore: false,
152 silly tar     path: 'dist/web-extension-cjs/src/core/strategies/abstract_popup_redirect_operation.test.d.ts',
152 silly tar     mode: 438,
152 silly tar     uid: undefined,
152 silly tar     gid: undefined,
152 silly tar     uname: '',
152 silly tar     gname: '',
152 silly tar     size: 633,
152 silly tar     mtime: 1985-10-26T08:15:00.000Z,
152 silly tar     atime: undefined,
152 silly tar     ctime: undefined,
152 silly tar     linkpath: undefined,
152 silly tar     dev: undefined,
152 silly tar     ino: undefined,
152 silly tar     nlink: undefined,
152 silly tar     invalid: false,
152 silly tar     absolute: 'E:/Soni_Navratri/node_modules/firebase/node_modules/@firebase/auth/dist/web-extension-cjs/src/core/strategies/abstract_popup_redirect_operation.test.d.ts',
152 silly tar     unsupported: false,
152 silly tar     Symbol(shapeMode): false,
152 silly tar     Symbol(kCapture): false,
152 silly tar     Symbol(flowing): false,
152 silly tar     Symbol(paused): true,
152 silly tar     Symbol(pipes): [],
152 silly tar     Symbol(buffer): [
152 silly tar       <Buffer 2f 2a 2a 0d 0a 20 2a 20 40 6c 69 63 65 6e 73 65 0d 0a 20 2a 20 43 6f 70 79 72 69 67 68 74 20 32 30 32 30 20 47 6f 6f 67 6c 65 20 4c 4c 43 0d 0a 20 2a ... 583 more bytes>
152 silly tar     ],
152 silly tar     Symbol(objectMode): false,
152 silly tar     Symbol(encoding): null,
152 silly tar     Symbol(async): false,
152 silly tar     Symbol(decoder): null,
152 silly tar     Symbol(EOF): true,
152 silly tar     Symbol(emittedEnd): false,
152 silly tar     Symbol(emittingEnd): false,
152 silly tar     Symbol(closed): false,
152 silly tar     Symbol(emittedError): null,
152 silly tar     Symbol(bufferLength): 633,
152 silly tar     Symbol(destroyed): false,
152 silly tar     Symbol(signal): undefined,
152 silly tar     Symbol(aborted): false,
152 silly tar     Symbol(dataListeners): 0,
152 silly tar     Symbol(discarded): false
152 silly tar   },
152 silly tar   cwd: 'E:/Soni_Navratri/node_modules/firebase/node_modules/@firebase/auth',
152 silly tar   tarCode: 'TAR_ENTRY_ERROR'
152 silly tar }
153 warn tar TAR_ENTRY_ERROR ENOENT: no such file or directory, lstat 'E:\Soni_Navratri\node_modules\firebase\node_modules\@firebase\auth\dist'
154 silly tar TAR_ENTRY_ERROR ENOENT: no such file or directory, lstat 'E:\Soni_Navratri\node_modules\firebase\node_modules\@firebase\auth\dist' [Error: ENOENT: no such file or directory, lstat 'E:\Soni_Navratri\node_modules\firebase\node_modules\@firebase\auth\dist'] {
154 silly tar   errno: -4058,
154 silly tar   code: 'ENOENT',
154 silly tar   syscall: 'lstat',
154 silly tar   path: 'E:/Soni_Navratri/node_modules/firebase/node_modules/@firebase/auth/dist',
154 silly tar   entry: Is {
154 silly tar     _events: [Object: null prototype] { end: [Function (anonymous)] },
154 silly tar     _eventsCount: 1,
154 silly tar     _maxListeners: undefined,
154 silly tar     writable: false,
154 silly tar     readable: true,
154 silly tar     extended: undefined,
154 silly tar     globalExtended: undefined,
154 silly tar     header: Ls {
154 silly tar       cksumValid: true,
154 silly tar       needPax: false,
154 silly tar       nullBlock: false,
154 silly tar       block: undefined,
154 silly tar       path: 'package/dist/web-extension-esm2017/src/core/strategies/abstract_popup_redirect_operation.test.d.ts',
154 silly tar       mode: 420,
154 silly tar       uid: undefined,
154 silly tar       gid: undefined,
154 silly tar       size: 633,
154 silly tar       cksum: 12638,
154 silly tar       linkpath: '',
154 silly tar       uname: '',
154 silly tar       gname: '',
154 silly tar       devmaj: 0,
154 silly tar       devmin: 0,
154 silly tar       atime: undefined,
154 silly tar       ctime: undefined,
154 silly tar       mtime: 1985-10-26T08:15:00.000Z,
154 silly tar       charset: undefined,
154 silly tar       comment: undefined
154 silly tar     },
154 silly tar     startBlockSize: 1024,
154 silly tar     blockRemain: 0,
154 silly tar     remain: 0,
154 silly tar     type: 'File',
154 silly tar     meta: false,
154 silly tar     ignore: false,
154 silly tar     path: 'dist/web-extension-esm2017/src/core/strategies/abstract_popup_redirect_operation.test.d.ts',
154 silly tar     mode: 438,
154 silly tar     uid: undefined,
154 silly tar     gid: undefined,
154 silly tar     uname: '',
154 silly tar     gname: '',
154 silly tar     size: 633,
154 silly tar     mtime: 1985-10-26T08:15:00.000Z,
154 silly tar     atime: undefined,
154 silly tar     ctime: undefined,
154 silly tar     linkpath: undefined,
154 silly tar     dev: undefined,
154 silly tar     ino: undefined,
154 silly tar     nlink: undefined,
154 silly tar     invalid: false,
154 silly tar     absolute: 'E:/Soni_Navratri/node_modules/firebase/node_modules/@firebase/auth/dist/web-extension-esm2017/src/core/strategies/abstract_popup_redirect_operation.test.d.ts',
154 silly tar     unsupported: false,
154 silly tar     Symbol(shapeMode): false,
154 silly tar     Symbol(kCapture): false,
154 silly tar     Symbol(flowing): false,
154 silly tar     Symbol(paused): true,
154 silly tar     Symbol(pipes): [],
154 silly tar     Symbol(buffer): [
154 silly tar       <Buffer 2f 2a 2a 0d 0a 20 2a 20 40 6c 69 63 65 6e 73 65 0d 0a 20 2a 20 43 6f 70 79 72 69 67 68 74 20 32 30 32 30 20 47 6f 6f 67 6c 65 20 4c 4c 43 0d 0a 20 2a ... 583 more bytes>
154 silly tar     ],
154 silly tar     Symbol(objectMode): false,
154 silly tar     Symbol(encoding): null,
154 silly tar     Symbol(async): false,
154 silly tar     Symbol(decoder): null,
154 silly tar     Symbol(EOF): true,
154 silly tar     Symbol(emittedEnd): false,
154 silly tar     Symbol(emittingEnd): false,
154 silly tar     Symbol(closed): false,
154 silly tar     Symbol(emittedError): null,
154 silly tar     Symbol(bufferLength): 633,
154 silly tar     Symbol(destroyed): false,
154 silly tar     Symbol(signal): undefined,
154 silly tar     Symbol(aborted): false,
154 silly tar     Symbol(dataListeners): 0,
154 silly tar     Symbol(discarded): false
154 silly tar   },
154 silly tar   cwd: 'E:/Soni_Navratri/node_modules/firebase/node_modules/@firebase/auth',
154 silly tar   tarCode: 'TAR_ENTRY_ERROR'
154 silly tar }
155 warn tar TAR_ENTRY_ERROR ENOENT: no such file or directory, lstat 'E:\Soni_Navratri\node_modules\firebase\node_modules\@firebase\auth\dist'
156 silly tar TAR_ENTRY_ERROR ENOENT: no such file or directory, lstat 'E:\Soni_Navratri\node_modules\firebase\node_modules\@firebase\auth\dist' [Error: ENOENT: no such file or directory, lstat 'E:\Soni_Navratri\node_modules\firebase\node_modules\@firebase\auth\dist'] {
156 silly tar   errno: -4058,
156 silly tar   code: 'ENOENT',
156 silly tar   syscall: 'lstat',
156 silly tar   path: 'E:/Soni_Navratri/node_modules/firebase/node_modules/@firebase/auth/dist',
156 silly tar   entry: Is {
156 silly tar     _events: [Object: null prototype] { end: [Function (anonymous)] },
156 silly tar     _eventsCount: 1,
156 silly tar     _maxListeners: undefined,
156 silly tar     writable: false,
156 silly tar     readable: true,
156 silly tar     extended: undefined,
156 silly tar     globalExtended: undefined,
156 silly tar     header: Ls {
156 silly tar       cksumValid: true,
156 silly tar       needPax: false,
156 silly tar       nullBlock: false,
156 silly tar       block: undefined,
156 silly tar       path: 'package/dist/browser-cjs/src/core/user/account_info.d.ts',
156 silly tar       mode: 420,
156 silly tar       uid: undefined,
156 silly tar       gid: undefined,
156 silly tar       size: 2546,
156 silly tar       cksum: 8474,
156 silly tar       linkpath: '',
156 silly tar       uname: '',
156 silly tar       gname: '',
156 silly tar       devmaj: 0,
156 silly tar       devmin: 0,
156 silly tar       atime: undefined,
156 silly tar       ctime: undefined,
156 silly tar       mtime: 1985-10-26T08:15:00.000Z,
156 silly tar       charset: undefined,
156 silly tar       comment: undefined
156 silly tar     },
156 silly tar     startBlockSize: 2560,
156 silly tar     blockRemain: 0,
156 silly tar     remain: 0,
156 silly tar     type: 'File',
156 silly tar     meta: false,
156 silly tar     ignore: false,
156 silly tar     path: 'dist/browser-cjs/src/core/user/account_info.d.ts',
156 silly tar     mode: 438,
156 silly tar     uid: undefined,
156 silly tar     gid: undefined,
156 silly tar     uname: '',
156 silly tar     gname: '',
156 silly tar     size: 2546,
156 silly tar     mtime: 1985-10-26T08:15:00.000Z,
156 silly tar     atime: undefined,
156 silly tar     ctime: undefined,
156 silly tar     linkpath: undefined,
156 silly tar     dev: undefined,
156 silly tar     ino: undefined,
156 silly tar     nlink: undefined,
156 silly tar     invalid: false,
156 silly tar     absolute: 'E:/Soni_Navratri/node_modules/firebase/node_modules/@firebase/auth/dist/browser-cjs/src/core/user/account_info.d.ts',
156 silly tar     unsupported: false,
156 silly tar     Symbol(shapeMode): false,
156 silly tar     Symbol(kCapture): false,
156 silly tar     Symbol(flowing): false,
156 silly tar     Symbol(paused): true,
156 silly tar     Symbol(pipes): [],
156 silly tar     Symbol(buffer): [
156 silly tar       <Buffer 2f 2a 2a 0d 0a 20 2a 20 40 6c 69 63 65 6e 73 65 0d 0a 20 2a 20 43 6f 70 79 72 69 67 68 74 20 32 30 32 30 20 47 6f 6f 67 6c 65 20 4c 4c 43 0d 0a 20 2a ... 2496 more bytes>
156 silly tar     ],
156 silly tar     Symbol(objectMode): false,
156 silly tar     Symbol(encoding): null,
156 silly tar     Symbol(async): false,
156 silly tar     Symbol(decoder): null,
156 silly tar     Symbol(EOF): true,
156 silly tar     Symbol(emittedEnd): false,
156 silly tar     Symbol(emittingEnd): false,
156 silly tar     Symbol(closed): false,
156 silly tar     Symbol(emittedError): null,
156 silly tar     Symbol(bufferLength): 2546,
156 silly tar     Symbol(destroyed): false,
156 silly tar     Symbol(signal): undefined,
156 silly tar     Symbol(aborted): false,
156 silly tar     Symbol(dataListeners): 0,
156 silly tar     Symbol(discarded): false
156 silly tar   },
156 silly tar   cwd: 'E:/Soni_Navratri/node_modules/firebase/node_modules/@firebase/auth',
156 silly tar   tarCode: 'TAR_ENTRY_ERROR'
156 silly tar }
157 warn tar TAR_ENTRY_ERROR ENOENT: no such file or directory, lstat 'E:\Soni_Navratri\node_modules\firebase\node_modules\@firebase\auth\dist'
158 silly tar TAR_ENTRY_ERROR ENOENT: no such file or directory, lstat 'E:\Soni_Navratri\node_modules\firebase\node_modules\@firebase\auth\dist' [Error: ENOENT: no such file or directory, lstat 'E:\Soni_Navratri\node_modules\firebase\node_modules\@firebase\auth\dist'] {
158 silly tar   errno: -4058,
158 silly tar   code: 'ENOENT',
158 silly tar   syscall: 'lstat',
158 silly tar   path: 'E:/Soni_Navratri/node_modules/firebase/node_modules/@firebase/auth/dist',
158 silly tar   entry: Is {
158 silly tar     _events: [Object: null prototype] { end: [Function (anonymous)] },
158 silly tar     _eventsCount: 1,
158 silly tar     _maxListeners: undefined,
158 silly tar     writable: false,
158 silly tar     readable: true,
158 silly tar     extended: undefined,
158 silly tar     globalExtended: undefined,
158 silly tar     header: Ls {
158 silly tar       cksumValid: true,
158 silly tar       needPax: false,
158 silly tar       nullBlock: false,
158 silly tar       block: undefined,
158 silly tar       path: 'package/dist/cordova/src/core/user/account_info.d.ts',
158 silly tar       mode: 420,
158 silly tar       uid: undefined,
158 silly tar       gid: undefined,
158 silly tar       size: 2546,
158 silly tar       cksum: 8087,
158 silly tar       linkpath: '',
158 silly tar       uname: '',
158 silly tar       gname: '',
158 silly tar       devmaj: 0,
158 silly tar       devmin: 0,
158 silly tar       atime: undefined,
158 silly tar       ctime: undefined,
158 silly tar       mtime: 1985-10-26T08:15:00.000Z,
158 silly tar       charset: undefined,
158 silly tar       comment: undefined
158 silly tar     },
158 silly tar     startBlockSize: 2560,
158 silly tar     blockRemain: 0,
158 silly tar     remain: 0,
158 silly tar     type: 'File',
158 silly tar     meta: false,
158 silly tar     ignore: false,
158 silly tar     path: 'dist/cordova/src/core/user/account_info.d.ts',
158 silly tar     mode: 438,
158 silly tar     uid: undefined,
158 silly tar     gid: undefined,
158 silly tar     uname: '',
158 silly tar     gname: '',
158 silly tar     size: 2546,
158 silly tar     mtime: 1985-10-26T08:15:00.000Z,
158 silly tar     atime: undefined,
158 silly tar     ctime: undefined,
158 silly tar     linkpath: undefined,
158 silly tar     dev: undefined,
158 silly tar     ino: undefined,
158 silly tar     nlink: undefined,
158 silly tar     invalid: false,
158 silly tar     absolute: 'E:/Soni_Navratri/node_modules/firebase/node_modules/@firebase/auth/dist/cordova/src/core/user/account_info.d.ts',
158 silly tar     unsupported: false,
158 silly tar     Symbol(shapeMode): false,
158 silly tar     Symbol(kCapture): false,
158 silly tar     Symbol(flowing): false,
158 silly tar     Symbol(paused): true,
158 silly tar     Symbol(pipes): [],
158 silly tar     Symbol(buffer): [
158 silly tar       <Buffer 2f 2a 2a 0d 0a 20 2a 20 40 6c 69 63 65 6e 73 65 0d 0a 20 2a 20 43 6f 70 79 72 69 67 68 74 20 32 30 32 30 20 47 6f 6f 67 6c 65 20 4c 4c 43 0d 0a 20 2a ... 2496 more bytes>
158 silly tar     ],
158 silly tar     Symbol(objectMode): false,
158 silly tar     Symbol(encoding): null,
158 silly tar     Symbol(async): false,
158 silly tar     Symbol(decoder): null,
158 silly tar     Symbol(EOF): true,
158 silly tar     Symbol(emittedEnd): false,
158 silly tar     Symbol(emittingEnd): false,
158 silly tar     Symbol(closed): false,
158 silly tar     Symbol(emittedError): null,
158 silly tar     Symbol(bufferLength): 2546,
158 silly tar     Symbol(destroyed): false,
158 silly tar     Symbol(signal): undefined,
158 silly tar     Symbol(aborted): false,
158 silly tar     Symbol(dataListeners): 0,
158 silly tar     Symbol(discarded): false
158 silly tar   },
158 silly tar   cwd: 'E:/Soni_Navratri/node_modules/firebase/node_modules/@firebase/auth',
158 silly tar   tarCode: 'TAR_ENTRY_ERROR'
158 silly tar }
159 warn tar TAR_ENTRY_ERROR ENOENT: no such file or directory, lstat 'E:\Soni_Navratri\node_modules\firebase\node_modules\@firebase\auth\dist'
160 silly tar TAR_ENTRY_ERROR ENOENT: no such file or directory, lstat 'E:\Soni_Navratri\node_modules\firebase\node_modules\@firebase\auth\dist' [Error: ENOENT: no such file or directory, lstat 'E:\Soni_Navratri\node_modules\firebase\node_modules\@firebase\auth\dist'] {
160 silly tar   errno: -4058,
160 silly tar   code: 'ENOENT',
160 silly tar   syscall: 'lstat',
160 silly tar   path: 'E:/Soni_Navratri/node_modules/firebase/node_modules/@firebase/auth/dist',
160 silly tar   entry: Is {
160 silly tar     _events: [Object: null prototype] { end: [Function (anonymous)] },
160 silly tar     _eventsCount: 1,
160 silly tar     _maxListeners: undefined,
160 silly tar     writable: false,
160 silly tar     readable: true,
160 silly tar     extended: undefined,
160 silly tar     globalExtended: undefined,
160 silly tar     header: Ls {
160 silly tar       cksumValid: true,
160 silly tar       needPax: false,
160 silly tar       nullBlock: false,
160 silly tar       block: undefined,
160 silly tar       path: 'package/dist/esm2017/src/core/user/account_info.d.ts',
160 silly tar       mode: 420,
160 silly tar       uid: undefined,
160 silly tar       gid: undefined,
160 silly tar       size: 2546,
160 silly tar       cksum: 7864,
160 silly tar       linkpath: '',
160 silly tar       uname: '',
160 silly tar       gname: '',
160 silly tar       devmaj: 0,
160 silly tar       devmin: 0,
160 silly tar       atime: undefined,
160 silly tar       ctime: undefined,
160 silly tar       mtime: 1985-10-26T08:15:00.000Z,
160 silly tar       charset: undefined,
160 silly tar       comment: undefined
160 silly tar     },
160 silly tar     startBlockSize: 2560,
160 silly tar     blockRemain: 0,
160 silly tar     remain: 0,
160 silly tar     type: 'File',
160 silly tar     meta: false,
160 silly tar     ignore: false,
160 silly tar     path: 'dist/esm2017/src/core/user/account_info.d.ts',
160 silly tar     mode: 438,
160 silly tar     uid: undefined,
160 silly tar     gid: undefined,
160 silly tar     uname: '',
160 silly tar     gname: '',
160 silly tar     size: 2546,
160 silly tar     mtime: 1985-10-26T08:15:00.000Z,
160 silly tar     atime: undefined,
160 silly tar     ctime: undefined,
160 silly tar     linkpath: undefined,
160 silly tar     dev: undefined,
160 silly tar     ino: undefined,
160 silly tar     nlink: undefined,
160 silly tar     invalid: false,
160 silly tar     absolute: 'E:/Soni_Navratri/node_modules/firebase/node_modules/@firebase/auth/dist/esm2017/src/core/user/account_info.d.ts',
160 silly tar     unsupported: false,
160 silly tar     Symbol(shapeMode): false,
160 silly tar     Symbol(kCapture): false,
160 silly tar     Symbol(flowing): false,
160 silly tar     Symbol(paused): true,
160 silly tar     Symbol(pipes): [],
160 silly tar     Symbol(buffer): [
160 silly tar       <Buffer 2f 2a 2a 0d 0a 20 2a 20 40 6c 69 63 65 6e 73 65 0d 0a 20 2a 20 43 6f 70 79 72 69 67 68 74 20 32 30 32 30 20 47 6f 6f 67 6c 65 20 4c 4c 43 0d 0a 20 2a ... 2496 more bytes>
160 silly tar     ],
160 silly tar     Symbol(objectMode): false,
160 silly tar     Symbol(encoding): null,
160 silly tar     Symbol(async): false,
160 silly tar     Symbol(decoder): null,
160 silly tar     Symbol(EOF): true,
160 silly tar     Symbol(emittedEnd): false,
160 silly tar     Symbol(emittingEnd): false,
160 silly tar     Symbol(closed): false,
160 silly tar     Symbol(emittedError): null,
160 silly tar     Symbol(bufferLength): 2546,
160 silly tar     Symbol(destroyed): false,
160 silly tar     Symbol(signal): undefined,
160 silly tar     Symbol(aborted): false,
160 silly tar     Symbol(dataListeners): 0,
160 silly tar     Symbol(discarded): false
160 silly tar   },
160 silly tar   cwd: 'E:/Soni_Navratri/node_modules/firebase/node_modules/@firebase/auth',
160 silly tar   tarCode: 'TAR_ENTRY_ERROR'
160 silly tar }
161 warn tar TAR_ENTRY_ERROR ENOENT: no such file or directory, lstat 'E:\Soni_Navratri\node_modules\firebase\node_modules\@firebase\auth\dist'
162 silly tar TAR_ENTRY_ERROR ENOENT: no such file or directory, lstat 'E:\Soni_Navratri\node_modules\firebase\node_modules\@firebase\auth\dist' [Error: ENOENT: no such file or directory, lstat 'E:\Soni_Navratri\node_modules\firebase\node_modules\@firebase\auth\dist'] {
162 silly tar   errno: -4058,
162 silly tar   code: 'ENOENT',
162 silly tar   syscall: 'lstat',
162 silly tar   path: 'E:/Soni_Navratri/node_modules/firebase/node_modules/@firebase/auth/dist',
162 silly tar   entry: Is {
162 silly tar     _events: [Object: null prototype] { end: [Function (anonymous)] },
162 silly tar     _eventsCount: 1,
162 silly tar     _maxListeners: undefined,
162 silly tar     writable: false,
162 silly tar     readable: true,
162 silly tar     extended: undefined,
162 silly tar     globalExtended: undefined,
162 silly tar     header: Ls {
162 silly tar       cksumValid: true,
162 silly tar       needPax: false,
162 silly tar       nullBlock: false,
162 silly tar       block: undefined,
162 silly tar       path: 'package/dist/esm5/src/core/user/account_info.d.ts',
162 silly tar       mode: 420,
162 silly tar       uid: undefined,
162 silly tar       gid: undefined,
162 silly tar       size: 2546,
162 silly tar       cksum: 7715,
162 silly tar       linkpath: '',
162 silly tar       uname: '',
162 silly tar       gname: '',
162 silly tar       devmaj: 0,
162 silly tar       devmin: 0,
162 silly tar       atime: undefined,
162 silly tar       ctime: undefined,
162 silly tar       mtime: 1985-10-26T08:15:00.000Z,
162 silly tar       charset: undefined,
162 silly tar       comment: undefined
162 silly tar     },
162 silly tar     startBlockSize: 2560,
162 silly tar     blockRemain: 0,
162 silly tar     remain: 0,
162 silly tar     type: 'File',
162 silly tar     meta: false,
162 silly tar     ignore: false,
162 silly tar     path: 'dist/esm5/src/core/user/account_info.d.ts',
162 silly tar     mode: 438,
162 silly tar     uid: undefined,
162 silly tar     gid: undefined,
162 silly tar     uname: '',
162 silly tar     gname: '',
162 silly tar     size: 2546,
162 silly tar     mtime: 1985-10-26T08:15:00.000Z,
162 silly tar     atime: undefined,
162 silly tar     ctime: undefined,
162 silly tar     linkpath: undefined,
162 silly tar     dev: undefined,
162 silly tar     ino: undefined,
162 silly tar     nlink: undefined,
162 silly tar     invalid: false,
162 silly tar     absolute: 'E:/Soni_Navratri/node_modules/firebase/node_modules/@firebase/auth/dist/esm5/src/core/user/account_info.d.ts',
162 silly tar     unsupported: false,
162 silly tar     Symbol(shapeMode): false,
162 silly tar     Symbol(kCapture): false,
162 silly tar     Symbol(flowing): false,
162 silly tar     Symbol(paused): true,
162 silly tar     Symbol(pipes): [],
162 silly tar     Symbol(buffer): [
162 silly tar       <Buffer 2f 2a 2a 0d 0a 20 2a 20 40 6c 69 63 65 6e 73 65 0d 0a 20 2a 20 43 6f 70 79 72 69 67 68 74 20 32 30 32 30 20 47 6f 6f 67 6c 65 20 4c 4c 43 0d 0a 20 2a ... 2496 more bytes>
162 silly tar     ],
162 silly tar     Symbol(objectMode): false,
162 silly tar     Symbol(encoding): null,
162 silly tar     Symbol(async): false,
162 silly tar     Symbol(decoder): null,
162 silly tar     Symbol(EOF): true,
162 silly tar     Symbol(emittedEnd): false,
162 silly tar     Symbol(emittingEnd): false,
162 silly tar     Symbol(closed): false,
162 silly tar     Symbol(emittedError): null,
162 silly tar     Symbol(bufferLength): 2546,
162 silly tar     Symbol(destroyed): false,
162 silly tar     Symbol(signal): undefined,
162 silly tar     Symbol(aborted): false,
162 silly tar     Symbol(dataListeners): 0,
162 silly tar     Symbol(discarded): false
162 silly tar   },
162 silly tar   cwd: 'E:/Soni_Navratri/node_modules/firebase/node_modules/@firebase/auth',
162 silly tar   tarCode: 'TAR_ENTRY_ERROR'
162 silly tar }
163 warn tar TAR_ENTRY_ERROR ENOENT: no such file or directory, lstat 'E:\Soni_Navratri\node_modules\firebase\node_modules\@firebase\auth\dist'
164 silly tar TAR_ENTRY_ERROR ENOENT: no such file or directory, lstat 'E:\Soni_Navratri\node_modules\firebase\node_modules\@firebase\auth\dist' [Error: ENOENT: no such file or directory, lstat 'E:\Soni_Navratri\node_modules\firebase\node_modules\@firebase\auth\dist'] {
164 silly tar   errno: -4058,
164 silly tar   code: 'ENOENT',
164 silly tar   syscall: 'lstat',
164 silly tar   path: 'E:/Soni_Navratri/node_modules/firebase/node_modules/@firebase/auth/dist',
164 silly tar   entry: Is {
164 silly tar     _events: [Object: null prototype] { end: [Function (anonymous)] },
164 silly tar     _eventsCount: 1,
164 silly tar     _maxListeners: undefined,
164 silly tar     writable: false,
164 silly tar     readable: true,
164 silly tar     extended: undefined,
164 silly tar     globalExtended: undefined,
164 silly tar     header: Ls {
164 silly tar       cksumValid: true,
164 silly tar       needPax: false,
164 silly tar       nullBlock: false,
164 silly tar       block: undefined,
164 silly tar       path: 'package/dist/node-esm/src/core/user/account_info.d.ts',
164 silly tar       mode: 420,
164 silly tar       uid: undefined,
164 silly tar       gid: undefined,
164 silly tar       size: 2546,
164 silly tar       cksum: 8129,
164 silly tar       linkpath: '',
164 silly tar       uname: '',
164 silly tar       gname: '',
164 silly tar       devmaj: 0,
164 silly tar       devmin: 0,
164 silly tar       atime: undefined,
164 silly tar       ctime: undefined,
164 silly tar       mtime: 1985-10-26T08:15:00.000Z,
164 silly tar       charset: undefined,
164 silly tar       comment: undefined
164 silly tar     },
164 silly tar     startBlockSize: 2560,
164 silly tar     blockRemain: 0,
164 silly tar     remain: 0,
164 silly tar     type: 'File',
164 silly tar     meta: false,
164 silly tar     ignore: false,
164 silly tar     path: 'dist/node-esm/src/core/user/account_info.d.ts',
164 silly tar     mode: 438,
164 silly tar     uid: undefined,
164 silly tar     gid: undefined,
164 silly tar     uname: '',
164 silly tar     gname: '',
164 silly tar     size: 2546,
164 silly tar     mtime: 1985-10-26T08:15:00.000Z,
164 silly tar     atime: undefined,
164 silly tar     ctime: undefined,
164 silly tar     linkpath: undefined,
164 silly tar     dev: undefined,
164 silly tar     ino: undefined,
164 silly tar     nlink: undefined,
164 silly tar     invalid: false,
164 silly tar     absolute: 'E:/Soni_Navratri/node_modules/firebase/node_modules/@firebase/auth/dist/node-esm/src/core/user/account_info.d.ts',
164 silly tar     unsupported: false,
164 silly tar     Symbol(shapeMode): false,
164 silly tar     Symbol(kCapture): false,
164 silly tar     Symbol(flowing): false,
164 silly tar     Symbol(paused): true,
164 silly tar     Symbol(pipes): [],
164 silly tar     Symbol(buffer): [
164 silly tar       <Buffer 2f 2a 2a 0d 0a 20 2a 20 40 6c 69 63 65 6e 73 65 0d 0a 20 2a 20 43 6f 70 79 72 69 67 68 74 20 32 30 32 30 20 47 6f 6f 67 6c 65 20 4c 4c 43 0d 0a 20 2a ... 2496 more bytes>
164 silly tar     ],
164 silly tar     Symbol(objectMode): false,
164 silly tar     Symbol(encoding): null,
164 silly tar     Symbol(async): false,
164 silly tar     Symbol(decoder): null,
164 silly tar     Symbol(EOF): true,
164 silly tar     Symbol(emittedEnd): false,
164 silly tar     Symbol(emittingEnd): false,
164 silly tar     Symbol(closed): false,
164 silly tar     Symbol(emittedError): null,
164 silly tar     Symbol(bufferLength): 2546,
164 silly tar     Symbol(destroyed): false,
164 silly tar     Symbol(signal): undefined,
164 silly tar     Symbol(aborted): false,
164 silly tar     Symbol(dataListeners): 0,
164 silly tar     Symbol(discarded): false
164 silly tar   },
164 silly tar   cwd: 'E:/Soni_Navratri/node_modules/firebase/node_modules/@firebase/auth',
164 silly tar   tarCode: 'TAR_ENTRY_ERROR'
164 silly tar }
165 warn tar TAR_ENTRY_ERROR ENOENT: no such file or directory, lstat 'E:\Soni_Navratri\node_modules\firebase\node_modules\@firebase\auth\dist'
166 silly tar TAR_ENTRY_ERROR ENOENT: no such file or directory, lstat 'E:\Soni_Navratri\node_modules\firebase\node_modules\@firebase\auth\dist' [Error: ENOENT: no such file or directory, lstat 'E:\Soni_Navratri\node_modules\firebase\node_modules\@firebase\auth\dist'] {
166 silly tar   errno: -4058,
166 silly tar   code: 'ENOENT',
166 silly tar   syscall: 'lstat',
166 silly tar   path: 'E:/Soni_Navratri/node_modules/firebase/node_modules/@firebase/auth/dist',
166 silly tar   entry: Is {
166 silly tar     _events: [Object: null prototype] { end: [Function (anonymous)] },
166 silly tar     _eventsCount: 1,
166 silly tar     _maxListeners: undefined,
166 silly tar     writable: false,
166 silly tar     readable: true,
166 silly tar     extended: undefined,
166 silly tar     globalExtended: undefined,
166 silly tar     header: Ls {
166 silly tar       cksumValid: true,
166 silly tar       needPax: false,
166 silly tar       nullBlock: false,
166 silly tar       block: undefined,
166 silly tar       path: 'package/dist/node/src/core/user/account_info.d.ts',
166 silly tar       mode: 420,
166 silly tar       uid: undefined,
166 silly tar       gid: undefined,
166 silly tar       size: 2546,
166 silly tar       cksum: 7759,
166 silly tar       linkpath: '',
166 silly tar       uname: '',
166 silly tar       gname: '',
166 silly tar       devmaj: 0,
166 silly tar       devmin: 0,
166 silly tar       atime: undefined,
166 silly tar       ctime: undefined,
166 silly tar       mtime: 1985-10-26T08:15:00.000Z,
166 silly tar       charset: undefined,
166 silly tar       comment: undefined
166 silly tar     },
166 silly tar     startBlockSize: 2560,
166 silly tar     blockRemain: 0,
166 silly tar     remain: 0,
166 silly tar     type: 'File',
166 silly tar     meta: false,
166 silly tar     ignore: false,
166 silly tar     path: 'dist/node/src/core/user/account_info.d.ts',
166 silly tar     mode: 438,
166 silly tar     uid: undefined,
166 silly tar     gid: undefined,
166 silly tar     uname: '',
166 silly tar     gname: '',
166 silly tar     size: 2546,
166 silly tar     mtime: 1985-10-26T08:15:00.000Z,
166 silly tar     atime: undefined,
166 silly tar     ctime: undefined,
166 silly tar     linkpath: undefined,
166 silly tar     dev: undefined,
166 silly tar     ino: undefined,
166 silly tar     nlink: undefined,
166 silly tar     invalid: false,
166 silly tar     absolute: 'E:/Soni_Navratri/node_modules/firebase/node_modules/@firebase/auth/dist/node/src/core/user/account_info.d.ts',
166 silly tar     unsupported: false,
166 silly tar     Symbol(shapeMode): false,
166 silly tar     Symbol(kCapture): false,
166 silly tar     Symbol(flowing): false,
166 silly tar     Symbol(paused): true,
166 silly tar     Symbol(pipes): [],
166 silly tar     Symbol(buffer): [
166 silly tar       <Buffer 2f 2a 2a 0d 0a 20 2a 20 40 6c 69 63 65 6e 73 65 0d 0a 20 2a 20 43 6f 70 79 72 69 67 68 74 20 32 30 32 30 20 47 6f 6f 67 6c 65 20 4c 4c 43 0d 0a 20 2a ... 2496 more bytes>
166 silly tar     ],
166 silly tar     Symbol(objectMode): false,
166 silly tar     Symbol(encoding): null,
166 silly tar     Symbol(async): false,
166 silly tar     Symbol(decoder): null,
166 silly tar     Symbol(EOF): true,
166 silly tar     Symbol(emittedEnd): false,
166 silly tar     Symbol(emittingEnd): false,
166 silly tar     Symbol(closed): false,
166 silly tar     Symbol(emittedError): null,
166 silly tar     Symbol(bufferLength): 2546,
166 silly tar     Symbol(destroyed): false,
166 silly tar     Symbol(signal): undefined,
166 silly tar     Symbol(aborted): false,
166 silly tar     Symbol(dataListeners): 0,
166 silly tar     Symbol(discarded): false
166 silly tar   },
166 silly tar   cwd: 'E:/Soni_Navratri/node_modules/firebase/node_modules/@firebase/auth',
166 silly tar   tarCode: 'TAR_ENTRY_ERROR'
166 silly tar }
167 warn tar TAR_ENTRY_ERROR ENOENT: no such file or directory, lstat 'E:\Soni_Navratri\node_modules\firebase\node_modules\@firebase\auth\dist'
168 silly tar TAR_ENTRY_ERROR ENOENT: no such file or directory, lstat 'E:\Soni_Navratri\node_modules\firebase\node_modules\@firebase\auth\dist' [Error: ENOENT: no such file or directory, lstat 'E:\Soni_Navratri\node_modules\firebase\node_modules\@firebase\auth\dist'] {
168 silly tar   errno: -4058,
168 silly tar   code: 'ENOENT',
168 silly tar   syscall: 'lstat',
168 silly tar   path: 'E:/Soni_Navratri/node_modules/firebase/node_modules/@firebase/auth/dist',
168 silly tar   entry: Is {
168 silly tar     _events: [Object: null prototype] { end: [Function (anonymous)] },
168 silly tar     _eventsCount: 1,
168 silly tar     _maxListeners: undefined,
168 silly tar     writable: false,
168 silly tar     readable: true,
168 silly tar     extended: undefined,
168 silly tar     globalExtended: undefined,
168 silly tar     header: Ls {
168 silly tar       cksumValid: true,
168 silly tar       needPax: false,
168 silly tar       nullBlock: false,
168 silly tar       block: undefined,
168 silly tar       path: 'package/dist/rn/src/core/user/account_info.d.ts',
168 silly tar       mode: 420,
168 silly tar       uid: undefined,
168 silly tar       gid: undefined,
168 silly tar       size: 2546,
168 silly tar       cksum: 7561,
168 silly tar       linkpath: '',
168 silly tar       uname: '',
168 silly tar       gname: '',
168 silly tar       devmaj: 0,
168 silly tar       devmin: 0,
168 silly tar       atime: undefined,
168 silly tar       ctime: undefined,
168 silly tar       mtime: 1985-10-26T08:15:00.000Z,
168 silly tar       charset: undefined,
168 silly tar       comment: undefined
168 silly tar     },
168 silly tar     startBlockSize: 2560,
168 silly tar     blockRemain: 0,
168 silly tar     remain: 0,
168 silly tar     type: 'File',
168 silly tar     meta: false,
168 silly tar     ignore: false,
168 silly tar     path: 'dist/rn/src/core/user/account_info.d.ts',
168 silly tar     mode: 438,
168 silly tar     uid: undefined,
168 silly tar     gid: undefined,
168 silly tar     uname: '',
168 silly tar     gname: '',
168 silly tar     size: 2546,
168 silly tar     mtime: 1985-10-26T08:15:00.000Z,
168 silly tar     atime: undefined,
168 silly tar     ctime: undefined,
168 silly tar     linkpath: undefined,
168 silly tar     dev: undefined,
168 silly tar     ino: undefined,
168 silly tar     nlink: undefined,
168 silly tar     invalid: false,
168 silly tar     absolute: 'E:/Soni_Navratri/node_modules/firebase/node_modules/@firebase/auth/dist/rn/src/core/user/account_info.d.ts',
168 silly tar     unsupported: false,
168 silly tar     Symbol(shapeMode): false,
168 silly tar     Symbol(kCapture): false,
168 silly tar     Symbol(flowing): false,
168 silly tar     Symbol(paused): true,
168 silly tar     Symbol(pipes): [],
168 silly tar     Symbol(buffer): [
168 silly tar       <Buffer 2f 2a 2a 0d 0a 20 2a 20 40 6c 69 63 65 6e 73 65 0d 0a 20 2a 20 43 6f 70 79 72 69 67 68 74 20 32 30 32 30 20 47 6f 6f 67 6c 65 20 4c 4c 43 0d 0a 20 2a ... 2496 more bytes>
168 silly tar     ],
168 silly tar     Symbol(objectMode): false,
168 silly tar     Symbol(encoding): null,
168 silly tar     Symbol(async): false,
168 silly tar     Symbol(decoder): null,
168 silly tar     Symbol(EOF): true,
168 silly tar     Symbol(emittedEnd): false,
168 silly tar     Symbol(emittingEnd): false,
168 silly tar     Symbol(closed): false,
168 silly tar     Symbol(emittedError): null,
168 silly tar     Symbol(bufferLength): 2546,
168 silly tar     Symbol(destroyed): false,
168 silly tar     Symbol(signal): undefined,
168 silly tar     Symbol(aborted): false,
168 silly tar     Symbol(dataListeners): 0,
168 silly tar     Symbol(discarded): false
168 silly tar   },
168 silly tar   cwd: 'E:/Soni_Navratri/node_modules/firebase/node_modules/@firebase/auth',
168 silly tar   tarCode: 'TAR_ENTRY_ERROR'
168 silly tar }
169 warn tar TAR_ENTRY_ERROR ENOENT: no such file or directory, lstat 'E:\Soni_Navratri\node_modules\firebase\node_modules\@firebase\auth\dist'
170 silly tar TAR_ENTRY_ERROR ENOENT: no such file or directory, lstat 'E:\Soni_Navratri\node_modules\firebase\node_modules\@firebase\auth\dist' [Error: ENOENT: no such file or directory, lstat 'E:\Soni_Navratri\node_modules\firebase\node_modules\@firebase\auth\dist'] {
170 silly tar   errno: -4058,
170 silly tar   code: 'ENOENT',
170 silly tar   syscall: 'lstat',
170 silly tar   path: 'E:/Soni_Navratri/node_modules/firebase/node_modules/@firebase/auth/dist',
170 silly tar   entry: Is {
170 silly tar     _events: [Object: null prototype] { end: [Function (anonymous)] },
170 silly tar     _eventsCount: 1,
170 silly tar     _maxListeners: undefined,
170 silly tar     writable: false,
170 silly tar     readable: true,
170 silly tar     extended: undefined,
170 silly tar     globalExtended: undefined,
170 silly tar     header: Ls {
170 silly tar       cksumValid: true,
170 silly tar       needPax: false,
170 silly tar       nullBlock: false,
170 silly tar       block: undefined,
170 silly tar       path: 'package/dist/src/core/user/account_info.d.ts',
170 silly tar       mode: 420,
170 silly tar       uid: undefined,
170 silly tar       gid: undefined,
170 silly tar       size: 2546,
170 silly tar       cksum: 7290,
170 silly tar       linkpath: '',
170 silly tar       uname: '',
170 silly tar       gname: '',
170 silly tar       devmaj: 0,
170 silly tar       devmin: 0,
170 silly tar       atime: undefined,
170 silly tar       ctime: undefined,
170 silly tar       mtime: 1985-10-26T08:15:00.000Z,
170 silly tar       charset: undefined,
170 silly tar       comment: undefined
170 silly tar     },
170 silly tar     startBlockSize: 2560,
170 silly tar     blockRemain: 0,
170 silly tar     remain: 0,
170 silly tar     type: 'File',
170 silly tar     meta: false,
170 silly tar     ignore: false,
170 silly tar     path: 'dist/src/core/user/account_info.d.ts',
170 silly tar     mode: 438,
170 silly tar     uid: undefined,
170 silly tar     gid: undefined,
170 silly tar     uname: '',
170 silly tar     gname: '',
170 silly tar     size: 2546,
170 silly tar     mtime: 1985-10-26T08:15:00.000Z,
170 silly tar     atime: undefined,
170 silly tar     ctime: undefined,
170 silly tar     linkpath: undefined,
170 silly tar     dev: undefined,
170 silly tar     ino: undefined,
170 silly tar     nlink: undefined,
170 silly tar     invalid: false,
170 silly tar     absolute: 'E:/Soni_Navratri/node_modules/firebase/node_modules/@firebase/auth/dist/src/core/user/account_info.d.ts',
170 silly tar     unsupported: false,
170 silly tar     Symbol(shapeMode): false,
170 silly tar     Symbol(kCapture): false,
170 silly tar     Symbol(flowing): false,
170 silly tar     Symbol(paused): true,
170 silly tar     Symbol(pipes): [],
170 silly tar     Symbol(buffer): [
170 silly tar       <Buffer 2f 2a 2a 0d 0a 20 2a 20 40 6c 69 63 65 6e 73 65 0d 0a 20 2a 20 43 6f 70 79 72 69 67 68 74 20 32 30 32 30 20 47 6f 6f 67 6c 65 20 4c 4c 43 0d 0a 20 2a ... 2496 more bytes>
170 silly tar     ],
170 silly tar     Symbol(objectMode): false,
170 silly tar     Symbol(encoding): null,
170 silly tar     Symbol(async): false,
170 silly tar     Symbol(decoder): null,
170 silly tar     Symbol(EOF): true,
170 silly tar     Symbol(emittedEnd): false,
170 silly tar     Symbol(emittingEnd): false,
170 silly tar     Symbol(closed): false,
170 silly tar     Symbol(emittedError): null,
170 silly tar     Symbol(bufferLength): 2546,
170 silly tar     Symbol(destroyed): false,
170 silly tar     Symbol(signal): undefined,
170 silly tar     Symbol(aborted): false,
170 silly tar     Symbol(dataListeners): 0,
170 silly tar     Symbol(discarded): false
170 silly tar   },
170 silly tar   cwd: 'E:/Soni_Navratri/node_modules/firebase/node_modules/@firebase/auth',
170 silly tar   tarCode: 'TAR_ENTRY_ERROR'
170 silly tar }
171 warn tar TAR_ENTRY_ERROR ENOENT: no such file or directory, lstat 'E:\Soni_Navratri\node_modules\firebase\node_modules\@firebase\auth\dist'
172 silly tar TAR_ENTRY_ERROR ENOENT: no such file or directory, lstat 'E:\Soni_Navratri\node_modules\firebase\node_modules\@firebase\auth\dist' [Error: ENOENT: no such file or directory, lstat 'E:\Soni_Navratri\node_modules\firebase\node_modules\@firebase\auth\dist'] {
172 silly tar   errno: -4058,
172 silly tar   code: 'ENOENT',
172 silly tar   syscall: 'lstat',
172 silly tar   path: 'E:/Soni_Navratri/node_modules/firebase/node_modules/@firebase/auth/dist',
172 silly tar   entry: Is {
172 silly tar     _events: [Object: null prototype] { end: [Function (anonymous)] },
172 silly tar     _eventsCount: 1,
172 silly tar     _maxListeners: undefined,
172 silly tar     writable: false,
172 silly tar     readable: true,
172 silly tar     extended: undefined,
172 silly tar     globalExtended: undefined,
172 silly tar     header: Ls {
172 silly tar       cksumValid: true,
172 silly tar       needPax: false,
172 silly tar       nullBlock: false,
172 silly tar       block: undefined,
172 silly tar       path: 'package/dist/web-extension-cjs/src/core/user/account_info.d.ts',
172 silly tar       mode: 420,
172 silly tar       uid: undefined,
172 silly tar       gid: undefined,
172 silly tar       size: 2546,
172 silly tar       cksum: 9054,
172 silly tar       linkpath: '',
172 silly tar       uname: '',
172 silly tar       gname: '',
172 silly tar       devmaj: 0,
172 silly tar       devmin: 0,
172 silly tar       atime: undefined,
172 silly tar       ctime: undefined,
172 silly tar       mtime: 1985-10-26T08:15:00.000Z,
172 silly tar       charset: undefined,
172 silly tar       comment: undefined
172 silly tar     },
172 silly tar     startBlockSize: 2560,
172 silly tar     blockRemain: 0,
172 silly tar     remain: 0,
172 silly tar     type: 'File',
172 silly tar     meta: false,
172 silly tar     ignore: false,
172 silly tar     path: 'dist/web-extension-cjs/src/core/user/account_info.d.ts',
172 silly tar     mode: 438,
172 silly tar     uid: undefined,
172 silly tar     gid: undefined,
172 silly tar     uname: '',
172 silly tar     gname: '',
172 silly tar     size: 2546,
172 silly tar     mtime: 1985-10-26T08:15:00.000Z,
172 silly tar     atime: undefined,
172 silly tar     ctime: undefined,
172 silly tar     linkpath: undefined,
172 silly tar     dev: undefined,
172 silly tar     ino: undefined,
172 silly tar     nlink: undefined,
172 silly tar     invalid: false,
172 silly tar     absolute: 'E:/Soni_Navratri/node_modules/firebase/node_modules/@firebase/auth/dist/web-extension-cjs/src/core/user/account_info.d.ts',
172 silly tar     unsupported: false,
172 silly tar     Symbol(shapeMode): false,
172 silly tar     Symbol(kCapture): false,
172 silly tar     Symbol(flowing): false,
172 silly tar     Symbol(paused): true,
172 silly tar     Symbol(pipes): [],
172 silly tar     Symbol(buffer): [
172 silly tar       <Buffer 2f 2a 2a 0d 0a 20 2a 20 40 6c 69 63 65 6e 73 65 0d 0a 20 2a 20 43 6f 70 79 72 69 67 68 74 20 32 30 32 30 20 47 6f 6f 67 6c 65 20 4c 4c 43 0d 0a 20 2a ... 1213 more bytes>,
172 silly tar       <Buffer 6f 64 20 69 73 20 6e 6f 74 20 73 75 70 70 6f 72 74 65 64 20 6f 6e 20 61 6e 79 20 7b 40 6c 69 6e 6b 20 55 73 65 72 7d 20 73 69 67 6e 65 64 20 69 6e 20 ... 1233 more bytes>
172 silly tar     ],
172 silly tar     Symbol(objectMode): false,
172 silly tar     Symbol(encoding): null,
172 silly tar     Symbol(async): false,
172 silly tar     Symbol(decoder): null,
172 silly tar     Symbol(EOF): true,
172 silly tar     Symbol(emittedEnd): false,
172 silly tar     Symbol(emittingEnd): false,
172 silly tar     Symbol(closed): false,
172 silly tar     Symbol(emittedError): null,
172 silly tar     Symbol(bufferLength): 2546,
172 silly tar     Symbol(destroyed): false,
172 silly tar     Symbol(signal): undefined,
172 silly tar     Symbol(aborted): false,
172 silly tar     Symbol(dataListeners): 0,
172 silly tar     Symbol(discarded): false
172 silly tar   },
172 silly tar   cwd: 'E:/Soni_Navratri/node_modules/firebase/node_modules/@firebase/auth',
172 silly tar   tarCode: 'TAR_ENTRY_ERROR'
172 silly tar }
173 warn tar TAR_ENTRY_ERROR ENOENT: no such file or directory, lstat 'E:\Soni_Navratri\node_modules\firebase\node_modules\@firebase\auth\dist'
174 silly tar TAR_ENTRY_ERROR ENOENT: no such file or directory, lstat 'E:\Soni_Navratri\node_modules\firebase\node_modules\@firebase\auth\dist' [Error: ENOENT: no such file or directory, lstat 'E:\Soni_Navratri\node_modules\firebase\node_modules\@firebase\auth\dist'] {
174 silly tar   errno: -4058,
174 silly tar   code: 'ENOENT',
174 silly tar   syscall: 'lstat',
174 silly tar   path: 'E:/Soni_Navratri/node_modules/firebase/node_modules/@firebase/auth/dist',
174 silly tar   entry: Is {
174 silly tar     _events: [Object: null prototype] { end: [Function (anonymous)] },
174 silly tar     _eventsCount: 1,
174 silly tar     _maxListeners: undefined,
174 silly tar     writable: false,
174 silly tar     readable: true,
174 silly tar     extended: undefined,
174 silly tar     globalExtended: undefined,
174 silly tar     header: Ls {
174 silly tar       cksumValid: true,
174 silly tar       needPax: false,
174 silly tar       nullBlock: false,
174 silly tar       block: undefined,
174 silly tar       path: 'package/dist/web-extension-esm2017/src/core/user/account_info.d.ts',
174 silly tar       mode: 420,
174 silly tar       uid: undefined,
174 silly tar       gid: undefined,
174 silly tar       size: 2546,
174 silly tar       cksum: 9261,
174 silly tar       linkpath: '',
174 silly tar       uname: '',
174 silly tar       gname: '',
174 silly tar       devmaj: 0,
174 silly tar       devmin: 0,
174 silly tar       atime: undefined,
174 silly tar       ctime: undefined,
174 silly tar       mtime: 1985-10-26T08:15:00.000Z,
174 silly tar       charset: undefined,
174 silly tar       comment: undefined
174 silly tar     },
174 silly tar     startBlockSize: 2560,
174 silly tar     blockRemain: 0,
174 silly tar     remain: 0,
174 silly tar     type: 'File',
174 silly tar     meta: false,
174 silly tar     ignore: false,
174 silly tar     path: 'dist/web-extension-esm2017/src/core/user/account_info.d.ts',
174 silly tar     mode: 438,
174 silly tar     uid: undefined,
174 silly tar     gid: undefined,
174 silly tar     uname: '',
174 silly tar     gname: '',
174 silly tar     size: 2546,
174 silly tar     mtime: 1985-10-26T08:15:00.000Z,
174 silly tar     atime: undefined,
174 silly tar     ctime: undefined,
174 silly tar     linkpath: undefined,
174 silly tar     dev: undefined,
174 silly tar     ino: undefined,
174 silly tar     nlink: undefined,
174 silly tar     invalid: false,
174 silly tar     absolute: 'E:/Soni_Navratri/node_modules/firebase/node_modules/@firebase/auth/dist/web-extension-esm2017/src/core/user/account_info.d.ts',
174 silly tar     unsupported: false,
174 silly tar     Symbol(shapeMode): false,
174 silly tar     Symbol(kCapture): false,
174 silly tar     Symbol(flowing): false,
174 silly tar     Symbol(paused): true,
174 silly tar     Symbol(pipes): [],
174 silly tar     Symbol(buffer): [
174 silly tar       <Buffer 2f 2a 2a 0d 0a 20 2a 20 40 6c 69 63 65 6e 73 65 0d 0a 20 2a 20 43 6f 70 79 72 69 67 68 74 20 32 30 32 30 20 47 6f 6f 67 6c 65 20 4c 4c 43 0d 0a 20 2a ... 2496 more bytes>
174 silly tar     ],
174 silly tar     Symbol(objectMode): false,
174 silly tar     Symbol(encoding): null,
174 silly tar     Symbol(async): false,
174 silly tar     Symbol(decoder): null,
174 silly tar     Symbol(EOF): true,
174 silly tar     Symbol(emittedEnd): false,
174 silly tar     Symbol(emittingEnd): false,
174 silly tar     Symbol(closed): false,
174 silly tar     Symbol(emittedError): null,
174 silly tar     Symbol(bufferLength): 2546,
174 silly tar     Symbol(destroyed): false,
174 silly tar     Symbol(signal): undefined,
174 silly tar     Symbol(aborted): false,
174 silly tar     Symbol(dataListeners): 0,
174 silly tar     Symbol(discarded): false
174 silly tar   },
174 silly tar   cwd: 'E:/Soni_Navratri/node_modules/firebase/node_modules/@firebase/auth',
174 silly tar   tarCode: 'TAR_ENTRY_ERROR'
174 silly tar }
175 warn tar TAR_ENTRY_ERROR ENOENT: no such file or directory, lstat 'E:\Soni_Navratri\node_modules\firebase\node_modules\@firebase\auth\dist'
176 silly tar TAR_ENTRY_ERROR ENOENT: no such file or directory, lstat 'E:\Soni_Navratri\node_modules\firebase\node_modules\@firebase\auth\dist' [Error: ENOENT: no such file or directory, lstat 'E:\Soni_Navratri\node_modules\firebase\node_modules\@firebase\auth\dist'] {
176 silly tar   errno: -4058,
176 silly tar   code: 'ENOENT',
176 silly tar   syscall: 'lstat',
176 silly tar   path: 'E:/Soni_Navratri/node_modules/firebase/node_modules/@firebase/auth/dist',
176 silly tar   entry: Is {
176 silly tar     _events: [Object: null prototype] { end: [Function (anonymous)] },
176 silly tar     _eventsCount: 1,
176 silly tar     _maxListeners: undefined,
176 silly tar     writable: false,
176 silly tar     readable: true,
176 silly tar     extended: undefined,
176 silly tar     globalExtended: undefined,
176 silly tar     header: Ls {
176 silly tar       cksumValid: true,
176 silly tar       needPax: false,
176 silly tar       nullBlock: false,
176 silly tar       block: undefined,
176 silly tar       path: 'package/dist/browser-cjs/src/core/user/account_info.test.d.ts',
176 silly tar       mode: 420,
176 silly tar       uid: undefined,
176 silly tar       gid: undefined,
176 silly tar       size: 633,
176 silly tar       cksum: 8959,
176 silly tar       linkpath: '',
176 silly tar       uname: '',
176 silly tar       gname: '',
176 silly tar       devmaj: 0,
176 silly tar       devmin: 0,
176 silly tar       atime: undefined,
176 silly tar       ctime: undefined,
176 silly tar       mtime: 1985-10-26T08:15:00.000Z,
176 silly tar       charset: undefined,
176 silly tar       comment: undefined
176 silly tar     },
176 silly tar     startBlockSize: 1024,
176 silly tar     blockRemain: 0,
176 silly tar     remain: 0,
176 silly tar     type: 'File',
176 silly tar     meta: false,
176 silly tar     ignore: false,
176 silly tar     path: 'dist/browser-cjs/src/core/user/account_info.test.d.ts',
176 silly tar     mode: 438,
176 silly tar     uid: undefined,
176 silly tar     gid: undefined,
176 silly tar     uname: '',
176 silly tar     gname: '',
176 silly tar     size: 633,
176 silly tar     mtime: 1985-10-26T08:15:00.000Z,
176 silly tar     atime: undefined,
176 silly tar     ctime: undefined,
176 silly tar     linkpath: undefined,
176 silly tar     dev: undefined,
176 silly tar     ino: undefined,
176 silly tar     nlink: undefined,
176 silly tar     invalid: false,
176 silly tar     absolute: 'E:/Soni_Navratri/node_modules/firebase/node_modules/@firebase/auth/dist/browser-cjs/src/core/user/account_info.test.d.ts',
176 silly tar     unsupported: false,
176 silly tar     Symbol(shapeMode): false,
176 silly tar     Symbol(kCapture): false,
176 silly tar     Symbol(flowing): false,
176 silly tar     Symbol(paused): true,
176 silly tar     Symbol(pipes): [],
176 silly tar     Symbol(buffer): [
176 silly tar       <Buffer 2f 2a 2a 0d 0a 20 2a 20 40 6c 69 63 65 6e 73 65 0d 0a 20 2a 20 43 6f 70 79 72 69 67 68 74 20 32 30 32 30 20 47 6f 6f 67 6c 65 20 4c 4c 43 0d 0a 20 2a ... 583 more bytes>
176 silly tar     ],
176 silly tar     Symbol(objectMode): false,
176 silly tar     Symbol(encoding): null,
176 silly tar     Symbol(async): false,
176 silly tar     Symbol(decoder): null,
176 silly tar     Symbol(EOF): true,
176 silly tar     Symbol(emittedEnd): false,
176 silly tar     Symbol(emittingEnd): false,
176 silly tar     Symbol(closed): false,
176 silly tar     Symbol(emittedError): null,
176 silly tar     Symbol(bufferLength): 633,
176 silly tar     Symbol(destroyed): false,
176 silly tar     Symbol(signal): undefined,
176 silly tar     Symbol(aborted): false,
176 silly tar     Symbol(dataListeners): 0,
176 silly tar     Symbol(discarded): false
176 silly tar   },
176 silly tar   cwd: 'E:/Soni_Navratri/node_modules/firebase/node_modules/@firebase/auth',
176 silly tar   tarCode: 'TAR_ENTRY_ERROR'
176 silly tar }
177 warn tar TAR_ENTRY_ERROR ENOENT: no such file or directory, lstat 'E:\Soni_Navratri\node_modules\firebase\node_modules\@firebase\auth\dist'
178 silly tar TAR_ENTRY_ERROR ENOENT: no such file or directory, lstat 'E:\Soni_Navratri\node_modules\firebase\node_modules\@firebase\auth\dist' [Error: ENOENT: no such file or directory, lstat 'E:\Soni_Navratri\node_modules\firebase\node_modules\@firebase\auth\dist'] {
178 silly tar   errno: -4058,
178 silly tar   code: 'ENOENT',
178 silly tar   syscall: 'lstat',
178 silly tar   path: 'E:/Soni_Navratri/node_modules/firebase/node_modules/@firebase/auth/dist',
178 silly tar   entry: Is {
178 silly tar     _events: [Object: null prototype] { end: [Function (anonymous)] },
178 silly tar     _eventsCount: 1,
178 silly tar     _maxListeners: undefined,
178 silly tar     writable: false,
178 silly tar     readable: true,
178 silly tar     extended: undefined,
178 silly tar     globalExtended: undefined,
178 silly tar     header: Ls {
178 silly tar       cksumValid: true,
178 silly tar       needPax: false,
178 silly tar       nullBlock: false,
178 silly tar       block: undefined,
178 silly tar       path: 'package/dist/cordova/src/core/user/account_info.test.d.ts',
178 silly tar       mode: 420,
178 silly tar       uid: undefined,
178 silly tar       gid: undefined,
178 silly tar       size: 633,
178 silly tar       cksum: 8572,
178 silly tar       linkpath: '',
178 silly tar       uname: '',
178 silly tar       gname: '',
178 silly tar       devmaj: 0,
178 silly tar       devmin: 0,
178 silly tar       atime: undefined,
178 silly tar       ctime: undefined,
178 silly tar       mtime: 1985-10-26T08:15:00.000Z,
178 silly tar       charset: undefined,
178 silly tar       comment: undefined
178 silly tar     },
178 silly tar     startBlockSize: 1024,
178 silly tar     blockRemain: 0,
178 silly tar     remain: 0,
178 silly tar     type: 'File',
178 silly tar     meta: false,
178 silly tar     ignore: false,
178 silly tar     path: 'dist/cordova/src/core/user/account_info.test.d.ts',
178 silly tar     mode: 438,
178 silly tar     uid: undefined,
178 silly tar     gid: undefined,
178 silly tar     uname: '',
178 silly tar     gname: '',
178 silly tar     size: 633,
178 silly tar     mtime: 1985-10-26T08:15:00.000Z,
178 silly tar     atime: undefined,
178 silly tar     ctime: undefined,
178 silly tar     linkpath: undefined,
178 silly tar     dev: undefined,
178 silly tar     ino: undefined,
178 silly tar     nlink: undefined,
178 silly tar     invalid: false,
178 silly tar     absolute: 'E:/Soni_Navratri/node_modules/firebase/node_modules/@firebase/auth/dist/cordova/src/core/user/account_info.test.d.ts',
178 silly tar     unsupported: false,
178 silly tar     Symbol(shapeMode): false,
178 silly tar     Symbol(kCapture): false,
178 silly tar     Symbol(flowing): false,
178 silly tar     Symbol(paused): true,
178 silly tar     Symbol(pipes): [],
178 silly tar     Symbol(buffer): [
178 silly tar       <Buffer 2f 2a 2a 0d 0a 20 2a 20 40 6c 69 63 65 6e 73 65 0d 0a 20 2a 20 43 6f 70 79 72 69 67 68 74 20 32 30 32 30 20 47 6f 6f 67 6c 65 20 4c 4c 43 0d 0a 20 2a ... 583 more bytes>
178 silly tar     ],
178 silly tar     Symbol(objectMode): false,
178 silly tar     Symbol(encoding): null,
178 silly tar     Symbol(async): false,
178 silly tar     Symbol(decoder): null,
178 silly tar     Symbol(EOF): true,
178 silly tar     Symbol(emittedEnd): false,
178 silly tar     Symbol(emittingEnd): false,
178 silly tar     Symbol(closed): false,
178 silly tar     Symbol(emittedError): null,
178 silly tar     Symbol(bufferLength): 633,
178 silly tar     Symbol(destroyed): false,
178 silly tar     Symbol(signal): undefined,
178 silly tar     Symbol(aborted): false,
178 silly tar     Symbol(dataListeners): 0,
178 silly tar     Symbol(discarded): false
178 silly tar   },
178 silly tar   cwd: 'E:/Soni_Navratri/node_modules/firebase/node_modules/@firebase/auth',
178 silly tar   tarCode: 'TAR_ENTRY_ERROR'
178 silly tar }
179 warn tar TAR_ENTRY_ERROR ENOENT: no such file or directory, lstat 'E:\Soni_Navratri\node_modules\firebase\node_modules\@firebase\auth\dist'
180 silly tar TAR_ENTRY_ERROR ENOENT: no such file or directory, lstat 'E:\Soni_Navratri\node_modules\firebase\node_modules\@firebase\auth\dist' [Error: ENOENT: no such file or directory, lstat 'E:\Soni_Navratri\node_modules\firebase\node_modules\@firebase\auth\dist'] {
180 silly tar   errno: -4058,
180 silly tar   code: 'ENOENT',
180 silly tar   syscall: 'lstat',
180 silly tar   path: 'E:/Soni_Navratri/node_modules/firebase/node_modules/@firebase/auth/dist',
180 silly tar   entry: Is {
180 silly tar     _events: [Object: null prototype] { end: [Function (anonymous)] },
180 silly tar     _eventsCount: 1,
180 silly tar     _maxListeners: undefined,
180 silly tar     writable: false,
180 silly tar     readable: true,
180 silly tar     extended: undefined,
180 silly tar     globalExtended: undefined,
180 silly tar     header: Ls {
180 silly tar       cksumValid: true,
180 silly tar       needPax: false,
180 silly tar       nullBlock: false,
180 silly tar       block: undefined,
180 silly tar       path: 'package/dist/esm2017/src/core/user/account_info.test.d.ts',
180 silly tar       mode: 420,
180 silly tar       uid: undefined,
180 silly tar       gid: undefined,
180 silly tar       size: 633,
180 silly tar       cksum: 8349,
180 silly tar       linkpath: '',
180 silly tar       uname: '',
180 silly tar       gname: '',
180 silly tar       devmaj: 0,
180 silly tar       devmin: 0,
180 silly tar       atime: undefined,
180 silly tar       ctime: undefined,
180 silly tar       mtime: 1985-10-26T08:15:00.000Z,
180 silly tar       charset: undefined,
180 silly tar       comment: undefined
180 silly tar     },
180 silly tar     startBlockSize: 1024,
180 silly tar     blockRemain: 0,
180 silly tar     remain: 0,
180 silly tar     type: 'File',
180 silly tar     meta: false,
180 silly tar     ignore: false,
180 silly tar     path: 'dist/esm2017/src/core/user/account_info.test.d.ts',
180 silly tar     mode: 438,
180 silly tar     uid: undefined,
180 silly tar     gid: undefined,
180 silly tar     uname: '',
180 silly tar     gname: '',
180 silly tar     size: 633,
180 silly tar     mtime: 1985-10-26T08:15:00.000Z,
180 silly tar     atime: undefined,
180 silly tar     ctime: undefined,
180 silly tar     linkpath: undefined,
180 silly tar     dev: undefined,
180 silly tar     ino: undefined,
180 silly tar     nlink: undefined,
180 silly tar     invalid: false,
180 silly tar     absolute: 'E:/Soni_Navratri/node_modules/firebase/node_modules/@firebase/auth/dist/esm2017/src/core/user/account_info.test.d.ts',
180 silly tar     unsupported: false,
180 silly tar     Symbol(shapeMode): false,
180 silly tar     Symbol(kCapture): false,
180 silly tar     Symbol(flowing): false,
180 silly tar     Symbol(paused): true,
180 silly tar     Symbol(pipes): [],
180 silly tar     Symbol(buffer): [
180 silly tar       <Buffer 2f 2a 2a 0d 0a 20 2a 20 40 6c 69 63 65 6e 73 65 0d 0a 20 2a 20 43 6f 70 79 72 69 67 68 74 20 32 30 32 30 20 47 6f 6f 67 6c 65 20 4c 4c 43 0d 0a 20 2a ... 583 more bytes>
180 silly tar     ],
180 silly tar     Symbol(objectMode): false,
180 silly tar     Symbol(encoding): null,
180 silly tar     Symbol(async): false,
180 silly tar     Symbol(decoder): null,
180 silly tar     Symbol(EOF): true,
180 silly tar     Symbol(emittedEnd): false,
180 silly tar     Symbol(emittingEnd): false,
180 silly tar     Symbol(closed): false,
180 silly tar     Symbol(emittedError): null,
180 silly tar     Symbol(bufferLength): 633,
180 silly tar     Symbol(destroyed): false,
180 silly tar     Symbol(signal): undefined,
180 silly tar     Symbol(aborted): false,
180 silly tar     Symbol(dataListeners): 0,
180 silly tar     Symbol(discarded): false
180 silly tar   },
180 silly tar   cwd: 'E:/Soni_Navratri/node_modules/firebase/node_modules/@firebase/auth',
180 silly tar   tarCode: 'TAR_ENTRY_ERROR'
180 silly tar }
181 warn tar TAR_ENTRY_ERROR ENOENT: no such file or directory, lstat 'E:\Soni_Navratri\node_modules\firebase\node_modules\@firebase\auth\dist'
182 silly tar TAR_ENTRY_ERROR ENOENT: no such file or directory, lstat 'E:\Soni_Navratri\node_modules\firebase\node_modules\@firebase\auth\dist' [Error: ENOENT: no such file or directory, lstat 'E:\Soni_Navratri\node_modules\firebase\node_modules\@firebase\auth\dist'] {
182 silly tar   errno: -4058,
182 silly tar   code: 'ENOENT',
182 silly tar   syscall: 'lstat',
182 silly tar   path: 'E:/Soni_Navratri/node_modules/firebase/node_modules/@firebase/auth/dist',
182 silly tar   entry: Is {
182 silly tar     _events: [Object: null prototype] { end: [Function (anonymous)] },
182 silly tar     _eventsCount: 1,
182 silly tar     _maxListeners: undefined,
182 silly tar     writable: false,
182 silly tar     readable: true,
182 silly tar     extended: undefined,
182 silly tar     globalExtended: undefined,
182 silly tar     header: Ls {
182 silly tar       cksumValid: true,
182 silly tar       needPax: false,
182 silly tar       nullBlock: false,
182 silly tar       block: undefined,
182 silly tar       path: 'package/dist/esm5/src/core/user/account_info.test.d.ts',
182 silly tar       mode: 420,
182 silly tar       uid: undefined,
182 silly tar       gid: undefined,
182 silly tar       size: 633,
182 silly tar       cksum: 8200,
182 silly tar       linkpath: '',
182 silly tar       uname: '',
182 silly tar       gname: '',
182 silly tar       devmaj: 0,
182 silly tar       devmin: 0,
182 silly tar       atime: undefined,
182 silly tar       ctime: undefined,
182 silly tar       mtime: 1985-10-26T08:15:00.000Z,
182 silly tar       charset: undefined,
182 silly tar       comment: undefined
182 silly tar     },
182 silly tar     startBlockSize: 1024,
182 silly tar     blockRemain: 0,
182 silly tar     remain: 0,
182 silly tar     type: 'File',
182 silly tar     meta: false,
182 silly tar     ignore: false,
182 silly tar     path: 'dist/esm5/src/core/user/account_info.test.d.ts',
182 silly tar     mode: 438,
182 silly tar     uid: undefined,
182 silly tar     gid: undefined,
182 silly tar     uname: '',
182 silly tar     gname: '',
182 silly tar     size: 633,
182 silly tar     mtime: 1985-10-26T08:15:00.000Z,
182 silly tar     atime: undefined,
182 silly tar     ctime: undefined,
182 silly tar     linkpath: undefined,
182 silly tar     dev: undefined,
182 silly tar     ino: undefined,
182 silly tar     nlink: undefined,
182 silly tar     invalid: false,
182 silly tar     absolute: 'E:/Soni_Navratri/node_modules/firebase/node_modules/@firebase/auth/dist/esm5/src/core/user/account_info.test.d.ts',
182 silly tar     unsupported: false,
182 silly tar     Symbol(shapeMode): false,
182 silly tar     Symbol(kCapture): false,
182 silly tar     Symbol(flowing): false,
182 silly tar     Symbol(paused): true,
182 silly tar     Symbol(pipes): [],
182 silly tar     Symbol(buffer): [
182 silly tar       <Buffer 2f 2a 2a 0d 0a 20 2a 20 40 6c 69 63 65 6e 73 65 0d 0a 20 2a 20 43 6f 70 79 72 69 67 68 74 20 32 30 32 30 20 47 6f 6f 67 6c 65 20 4c 4c 43 0d 0a 20 2a ... 583 more bytes>
182 silly tar     ],
182 silly tar     Symbol(objectMode): false,
182 silly tar     Symbol(encoding): null,
182 silly tar     Symbol(async): false,
182 silly tar     Symbol(decoder): null,
182 silly tar     Symbol(EOF): true,
182 silly tar     Symbol(emittedEnd): false,
182 silly tar     Symbol(emittingEnd): false,
182 silly tar     Symbol(closed): false,
182 silly tar     Symbol(emittedError): null,
182 silly tar     Symbol(bufferLength): 633,
182 silly tar     Symbol(destroyed): false,
182 silly tar     Symbol(signal): undefined,
182 silly tar     Symbol(aborted): false,
182 silly tar     Symbol(dataListeners): 0,
182 silly tar     Symbol(discarded): false
182 silly tar   },
182 silly tar   cwd: 'E:/Soni_Navratri/node_modules/firebase/node_modules/@firebase/auth',
182 silly tar   tarCode: 'TAR_ENTRY_ERROR'
182 silly tar }
183 warn tar TAR_ENTRY_ERROR ENOENT: no such file or directory, lstat 'E:\Soni_Navratri\node_modules\firebase\node_modules\@firebase\auth\dist'
184 silly tar TAR_ENTRY_ERROR ENOENT: no such file or directory, lstat 'E:\Soni_Navratri\node_modules\firebase\node_modules\@firebase\auth\dist' [Error: ENOENT: no such file or directory, lstat 'E:\Soni_Navratri\node_modules\firebase\node_modules\@firebase\auth\dist'] {
184 silly tar   errno: -4058,
184 silly tar   code: 'ENOENT',
184 silly tar   syscall: 'lstat',
184 silly tar   path: 'E:/Soni_Navratri/node_modules/firebase/node_modules/@firebase/auth/dist',
184 silly tar   entry: Is {
184 silly tar     _events: [Object: null prototype] { end: [Function (anonymous)] },
184 silly tar     _eventsCount: 1,
184 silly tar     _maxListeners: undefined,
184 silly tar     writable: false,
184 silly tar     readable: true,
184 silly tar     extended: undefined,
184 silly tar     globalExtended: undefined,
184 silly tar     header: Ls {
184 silly tar       cksumValid: true,
184 silly tar       needPax: false,
184 silly tar       nullBlock: false,
184 silly tar       block: undefined,
184 silly tar       path: 'package/dist/node-esm/src/core/user/account_info.test.d.ts',
184 silly tar       mode: 420,
184 silly tar       uid: undefined,
184 silly tar       gid: undefined,
184 silly tar       size: 633,
184 silly tar       cksum: 8614,
184 silly tar       linkpath: '',
184 silly tar       uname: '',
184 silly tar       gname: '',
184 silly tar       devmaj: 0,
184 silly tar       devmin: 0,
184 silly tar       atime: undefined,
184 silly tar       ctime: undefined,
184 silly tar       mtime: 1985-10-26T08:15:00.000Z,
184 silly tar       charset: undefined,
184 silly tar       comment: undefined
184 silly tar     },
184 silly tar     startBlockSize: 1024,
184 silly tar     blockRemain: 0,
184 silly tar     remain: 0,
184 silly tar     type: 'File',
184 silly tar     meta: false,
184 silly tar     ignore: false,
184 silly tar     path: 'dist/node-esm/src/core/user/account_info.test.d.ts',
184 silly tar     mode: 438,
184 silly tar     uid: undefined,
184 silly tar     gid: undefined,
184 silly tar     uname: '',
184 silly tar     gname: '',
184 silly tar     size: 633,
184 silly tar     mtime: 1985-10-26T08:15:00.000Z,
184 silly tar     atime: undefined,
184 silly tar     ctime: undefined,
184 silly tar     linkpath: undefined,
184 silly tar     dev: undefined,
184 silly tar     ino: undefined,
184 silly tar     nlink: undefined,
184 silly tar     invalid: false,
184 silly tar     absolute: 'E:/Soni_Navratri/node_modules/firebase/node_modules/@firebase/auth/dist/node-esm/src/core/user/account_info.test.d.ts',
184 silly tar     unsupported: false,
184 silly tar     Symbol(shapeMode): false,
184 silly tar     Symbol(kCapture): false,
184 silly tar     Symbol(flowing): false,
184 silly tar     Symbol(paused): true,
184 silly tar     Symbol(pipes): [],
184 silly tar     Symbol(buffer): [
184 silly tar       <Buffer 2f 2a 2a 0d 0a 20 2a 20 40 6c 69 63 65 6e 73 65 0d 0a 20 2a 20 43 6f 70 79 72 69 67 68 74 20 32 30 32 30 20 47 6f 6f 67 6c 65 20 4c 4c 43 0d 0a 20 2a ... 583 more bytes>
184 silly tar     ],
184 silly tar     Symbol(objectMode): false,
184 silly tar     Symbol(encoding): null,
184 silly tar     Symbol(async): false,
184 silly tar     Symbol(decoder): null,
184 silly tar     Symbol(EOF): true,
184 silly tar     Symbol(emittedEnd): false,
184 silly tar     Symbol(emittingEnd): false,
184 silly tar     Symbol(closed): false,
184 silly tar     Symbol(emittedError): null,
184 silly tar     Symbol(bufferLength): 633,
184 silly tar     Symbol(destroyed): false,
184 silly tar     Symbol(signal): undefined,
184 silly tar     Symbol(aborted): false,
184 silly tar     Symbol(dataListeners): 0,
184 silly tar     Symbol(discarded): false
184 silly tar   },
184 silly tar   cwd: 'E:/Soni_Navratri/node_modules/firebase/node_modules/@firebase/auth',
184 silly tar   tarCode: 'TAR_ENTRY_ERROR'
184 silly tar }
185 warn tar TAR_ENTRY_ERROR ENOENT: no such file or directory, lstat 'E:\Soni_Navratri\node_modules\firebase\node_modules\@firebase\auth\dist'
186 silly tar TAR_ENTRY_ERROR ENOENT: no such file or directory, lstat 'E:\Soni_Navratri\node_modules\firebase\node_modules\@firebase\auth\dist' [Error: ENOENT: no such file or directory, lstat 'E:\Soni_Navratri\node_modules\firebase\node_modules\@firebase\auth\dist'] {
186 silly tar   errno: -4058,
186 silly tar   code: 'ENOENT',
186 silly tar   syscall: 'lstat',
186 silly tar   path: 'E:/Soni_Navratri/node_modules/firebase/node_modules/@firebase/auth/dist',
186 silly tar   entry: Is {
186 silly tar     _events: [Object: null prototype] { end: [Function (anonymous)] },
186 silly tar     _eventsCount: 1,
186 silly tar     _maxListeners: undefined,
186 silly tar     writable: false,
186 silly tar     readable: true,
186 silly tar     extended: undefined,
186 silly tar     globalExtended: undefined,
186 silly tar     header: Ls {
186 silly tar       cksumValid: true,
186 silly tar       needPax: false,
186 silly tar       nullBlock: false,
186 silly tar       block: undefined,
186 silly tar       path: 'package/dist/node/src/core/user/account_info.test.d.ts',
186 silly tar       mode: 420,
186 silly tar       uid: undefined,
186 silly tar       gid: undefined,
186 silly tar       size: 633,
186 silly tar       cksum: 8244,
186 silly tar       linkpath: '',
186 silly tar       uname: '',
186 silly tar       gname: '',
186 silly tar       devmaj: 0,
186 silly tar       devmin: 0,
186 silly tar       atime: undefined,
186 silly tar       ctime: undefined,
186 silly tar       mtime: 1985-10-26T08:15:00.000Z,
186 silly tar       charset: undefined,
186 silly tar       comment: undefined
186 silly tar     },
186 silly tar     startBlockSize: 1024,
186 silly tar     blockRemain: 0,
186 silly tar     remain: 0,
186 silly tar     type: 'File',
186 silly tar     meta: false,
186 silly tar     ignore: false,
186 silly tar     path: 'dist/node/src/core/user/account_info.test.d.ts',
186 silly tar     mode: 438,
186 silly tar     uid: undefined,
186 silly tar     gid: undefined,
186 silly tar     uname: '',
186 silly tar     gname: '',
186 silly tar     size: 633,
186 silly tar     mtime: 1985-10-26T08:15:00.000Z,
186 silly tar     atime: undefined,
186 silly tar     ctime: undefined,
186 silly tar     linkpath: undefined,
186 silly tar     dev: undefined,
186 silly tar     ino: undefined,
186 silly tar     nlink: undefined,
186 silly tar     invalid: false,
186 silly tar     absolute: 'E:/Soni_Navratri/node_modules/firebase/node_modules/@firebase/auth/dist/node/src/core/user/account_info.test.d.ts',
186 silly tar     unsupported: false,
186 silly tar     Symbol(shapeMode): false,
186 silly tar     Symbol(kCapture): false,
186 silly tar     Symbol(flowing): false,
186 silly tar     Symbol(paused): true,
186 silly tar     Symbol(pipes): [],
186 silly tar     Symbol(buffer): [
186 silly tar       <Buffer 2f 2a 2a 0d 0a 20 2a 20 40 6c 69 63 65 6e 73 65 0d 0a 20 2a 20 43 6f 70 79 72 69 67 68 74 20 32 30 32 30 20 47 6f 6f 67 6c 65 20 4c 4c 43 0d 0a 20 2a ... 583 more bytes>
186 silly tar     ],
186 silly tar     Symbol(objectMode): false,
186 silly tar     Symbol(encoding): null,
186 silly tar     Symbol(async): false,
186 silly tar     Symbol(decoder): null,
186 silly tar     Symbol(EOF): true,
186 silly tar     Symbol(emittedEnd): false,
186 silly tar     Symbol(emittingEnd): false,
186 silly tar     Symbol(closed): false,
186 silly tar     Symbol(emittedError): null,
186 silly tar     Symbol(bufferLength): 633,
186 silly tar     Symbol(destroyed): false,
186 silly tar     Symbol(signal): undefined,
186 silly tar     Symbol(aborted): false,
186 silly tar     Symbol(dataListeners): 0,
186 silly tar     Symbol(discarded): false
186 silly tar   },
186 silly tar   cwd: 'E:/Soni_Navratri/node_modules/firebase/node_modules/@firebase/auth',
186 silly tar   tarCode: 'TAR_ENTRY_ERROR'
186 silly tar }
187 warn tar TAR_ENTRY_ERROR ENOENT: no such file or directory, lstat 'E:\Soni_Navratri\node_modules\firebase\node_modules\@firebase\auth\dist'
188 silly tar TAR_ENTRY_ERROR ENOENT: no such file or directory, lstat 'E:\Soni_Navratri\node_modules\firebase\node_modules\@firebase\auth\dist' [Error: ENOENT: no such file or directory, lstat 'E:\Soni_Navratri\node_modules\firebase\node_modules\@firebase\auth\dist'] {
188 silly tar   errno: -4058,
188 silly tar   code: 'ENOENT',
188 silly tar   syscall: 'lstat',
188 silly tar   path: 'E:/Soni_Navratri/node_modules/firebase/node_modules/@firebase/auth/dist',
188 silly tar   entry: Is {
188 silly tar     _events: [Object: null prototype] { end: [Function (anonymous)] },
188 silly tar     _eventsCount: 1,
188 silly tar     _maxListeners: undefined,
188 silly tar     writable: false,
188 silly tar     readable: true,
188 silly tar     extended: undefined,
188 silly tar     globalExtended: undefined,
188 silly tar     header: Ls {
188 silly tar       cksumValid: true,
188 silly tar       needPax: false,
188 silly tar       nullBlock: false,
188 silly tar       block: undefined,
188 silly tar       path: 'package/dist/rn/src/core/user/account_info.test.d.ts',
188 silly tar       mode: 420,
188 silly tar       uid: undefined,
188 silly tar       gid: undefined,
188 silly tar       size: 633,
188 silly tar       cksum: 8046,
188 silly tar       linkpath: '',
188 silly tar       uname: '',
188 silly tar       gname: '',
188 silly tar       devmaj: 0,
188 silly tar       devmin: 0,
188 silly tar       atime: undefined,
188 silly tar       ctime: undefined,
188 silly tar       mtime: 1985-10-26T08:15:00.000Z,
188 silly tar       charset: undefined,
188 silly tar       comment: undefined
188 silly tar     },
188 silly tar     startBlockSize: 1024,
188 silly tar     blockRemain: 0,
188 silly tar     remain: 0,
188 silly tar     type: 'File',
188 silly tar     meta: false,
188 silly tar     ignore: false,
188 silly tar     path: 'dist/rn/src/core/user/account_info.test.d.ts',
188 silly tar     mode: 438,
188 silly tar     uid: undefined,
188 silly tar     gid: undefined,
188 silly tar     uname: '',
188 silly tar     gname: '',
188 silly tar     size: 633,
188 silly tar     mtime: 1985-10-26T08:15:00.000Z,
188 silly tar     atime: undefined,
188 silly tar     ctime: undefined,
188 silly tar     linkpath: undefined,
188 silly tar     dev: undefined,
188 silly tar     ino: undefined,
188 silly tar     nlink: undefined,
188 silly tar     invalid: false,
188 silly tar     absolute: 'E:/Soni_Navratri/node_modules/firebase/node_modules/@firebase/auth/dist/rn/src/core/user/account_info.test.d.ts',
188 silly tar     unsupported: false,
188 silly tar     Symbol(shapeMode): false,
188 silly tar     Symbol(kCapture): false,
188 silly tar     Symbol(flowing): false,
188 silly tar     Symbol(paused): true,
188 silly tar     Symbol(pipes): [],
188 silly tar     Symbol(buffer): [
188 silly tar       <Buffer 2f 2a 2a 0d 0a 20 2a 20 40 6c 69 63 65 6e 73 65 0d 0a 20 2a 20 43 6f 70 79 72 69 67 68 74 20 32 30 32 30 20 47 6f 6f 67 6c 65 20 4c 4c 43 0d 0a 20 2a ... 583 more bytes>
188 silly tar     ],
188 silly tar     Symbol(objectMode): false,
188 silly tar     Symbol(encoding): null,
188 silly tar     Symbol(async): false,
188 silly tar     Symbol(decoder): null,
188 silly tar     Symbol(EOF): true,
188 silly tar     Symbol(emittedEnd): false,
188 silly tar     Symbol(emittingEnd): false,
188 silly tar     Symbol(closed): false,
188 silly tar     Symbol(emittedError): null,
188 silly tar     Symbol(bufferLength): 633,
188 silly tar     Symbol(destroyed): false,
188 silly tar     Symbol(signal): undefined,
188 silly tar     Symbol(aborted): false,
188 silly tar     Symbol(dataListeners): 0,
188 silly tar     Symbol(discarded): false
188 silly tar   },
188 silly tar   cwd: 'E:/Soni_Navratri/node_modules/firebase/node_modules/@firebase/auth',
188 silly tar   tarCode: 'TAR_ENTRY_ERROR'
188 silly tar }
189 warn tar TAR_ENTRY_ERROR ENOENT: no such file or directory, lstat 'E:\Soni_Navratri\node_modules\firebase\node_modules\@firebase\auth\dist'
190 silly tar TAR_ENTRY_ERROR ENOENT: no such file or directory, lstat 'E:\Soni_Navratri\node_modules\firebase\node_modules\@firebase\auth\dist' [Error: ENOENT: no such file or directory, lstat 'E:\Soni_Navratri\node_modules\firebase\node_modules\@firebase\auth\dist'] {
190 silly tar   errno: -4058,
190 silly tar   code: 'ENOENT',
190 silly tar   syscall: 'lstat',
190 silly tar   path: 'E:/Soni_Navratri/node_modules/firebase/node_modules/@firebase/auth/dist',
190 silly tar   entry: Is {
190 silly tar     _events: [Object: null prototype] { end: [Function (anonymous)] },
190 silly tar     _eventsCount: 1,
190 silly tar     _maxListeners: undefined,
190 silly tar     writable: false,
190 silly tar     readable: true,
190 silly tar     extended: undefined,
190 silly tar     globalExtended: undefined,
190 silly tar     header: Ls {
190 silly tar       cksumValid: true,
190 silly tar       needPax: false,
190 silly tar       nullBlock: false,
190 silly tar       block: undefined,
190 silly tar       path: 'package/dist/src/core/user/account_info.test.d.ts',
190 silly tar       mode: 420,
190 silly tar       uid: undefined,
190 silly tar       gid: undefined,
190 silly tar       size: 633,
190 silly tar       cksum: 7775,
190 silly tar       linkpath: '',
190 silly tar       uname: '',
190 silly tar       gname: '',
190 silly tar       devmaj: 0,
190 silly tar       devmin: 0,
190 silly tar       atime: undefined,
190 silly tar       ctime: undefined,
190 silly tar       mtime: 1985-10-26T08:15:00.000Z,
190 silly tar       charset: undefined,
190 silly tar       comment: undefined
190 silly tar     },
190 silly tar     startBlockSize: 1024,
190 silly tar     blockRemain: 0,
190 silly tar     remain: 0,
190 silly tar     type: 'File',
190 silly tar     meta: false,
190 silly tar     ignore: false,
190 silly tar     path: 'dist/src/core/user/account_info.test.d.ts',
190 silly tar     mode: 438,
190 silly tar     uid: undefined,
190 silly tar     gid: undefined,
190 silly tar     uname: '',
190 silly tar     gname: '',
190 silly tar     size: 633,
190 silly tar     mtime: 1985-10-26T08:15:00.000Z,
190 silly tar     atime: undefined,
190 silly tar     ctime: undefined,
190 silly tar     linkpath: undefined,
190 silly tar     dev: undefined,
190 silly tar     ino: undefined,
190 silly tar     nlink: undefined,
190 silly tar     invalid: false,
190 silly tar     absolute: 'E:/Soni_Navratri/node_modules/firebase/node_modules/@firebase/auth/dist/src/core/user/account_info.test.d.ts',
190 silly tar     unsupported: false,
190 silly tar     Symbol(shapeMode): false,
190 silly tar     Symbol(kCapture): false,
190 silly tar     Symbol(flowing): false,
190 silly tar     Symbol(paused): true,
190 silly tar     Symbol(pipes): [],
190 silly tar     Symbol(buffer): [
190 silly tar       <Buffer 2f 2a 2a 0d 0a 20 2a 20 40 6c 69 63 65 6e 73 65 0d 0a 20 2a 20 43 6f 70 79 72 69 67 68 74 20 32 30 32 30 20 47 6f 6f 67 6c 65 20 4c 4c 43 0d 0a 20 2a ... 583 more bytes>
190 silly tar     ],
190 silly tar     Symbol(objectMode): false,
190 silly tar     Symbol(encoding): null,
190 silly tar     Symbol(async): false,
190 silly tar     Symbol(decoder): null,
190 silly tar     Symbol(EOF): true,
190 silly tar     Symbol(emittedEnd): false,
190 silly tar     Symbol(emittingEnd): false,
190 silly tar     Symbol(closed): false,
190 silly tar     Symbol(emittedError): null,
190 silly tar     Symbol(bufferLength): 633,
190 silly tar     Symbol(destroyed): false,
190 silly tar     Symbol(signal): undefined,
190 silly tar     Symbol(aborted): false,
190 silly tar     Symbol(dataListeners): 0,
190 silly tar     Symbol(discarded): false
190 silly tar   },
190 silly tar   cwd: 'E:/Soni_Navratri/node_modules/firebase/node_modules/@firebase/auth',
190 silly tar   tarCode: 'TAR_ENTRY_ERROR'
190 silly tar }
191 warn tar TAR_ENTRY_ERROR ENOENT: no such file or directory, lstat 'E:\Soni_Navratri\node_modules\firebase\node_modules\@firebase\auth\dist'
192 silly tar TAR_ENTRY_ERROR ENOENT: no such file or directory, lstat 'E:\Soni_Navratri\node_modules\firebase\node_modules\@firebase\auth\dist' [Error: ENOENT: no such file or directory, lstat 'E:\Soni_Navratri\node_modules\firebase\node_modules\@firebase\auth\dist'] {
192 silly tar   errno: -4058,
192 silly tar   code: 'ENOENT',
192 silly tar   syscall: 'lstat',
192 silly tar   path: 'E:/Soni_Navratri/node_modules/firebase/node_modules/@firebase/auth/dist',
192 silly tar   entry: Is {
192 silly tar     _events: [Object: null prototype] { end: [Function (anonymous)] },
192 silly tar     _eventsCount: 1,
192 silly tar     _maxListeners: undefined,
192 silly tar     writable: false,
192 silly tar     readable: true,
192 silly tar     extended: undefined,
192 silly tar     globalExtended: undefined,
192 silly tar     header: Ls {
192 silly tar       cksumValid: true,
192 silly tar       needPax: false,
192 silly tar       nullBlock: false,
192 silly tar       block: undefined,
192 silly tar       path: 'package/dist/web-extension-cjs/src/core/user/account_info.test.d.ts',
192 silly tar       mode: 420,
192 silly tar       uid: undefined,
192 silly tar       gid: undefined,
192 silly tar       size: 633,
192 silly tar       cksum: 9539,
192 silly tar       linkpath: '',
192 silly tar       uname: '',
192 silly tar       gname: '',
192 silly tar       devmaj: 0,
192 silly tar       devmin: 0,
192 silly tar       atime: undefined,
192 silly tar       ctime: undefined,
192 silly tar       mtime: 1985-10-26T08:15:00.000Z,
192 silly tar       charset: undefined,
192 silly tar       comment: undefined
192 silly tar     },
192 silly tar     startBlockSize: 1024,
192 silly tar     blockRemain: 0,
192 silly tar     remain: 0,
192 silly tar     type: 'File',
192 silly tar     meta: false,
192 silly tar     ignore: false,
192 silly tar     path: 'dist/web-extension-cjs/src/core/user/account_info.test.d.ts',
192 silly tar     mode: 438,
192 silly tar     uid: undefined,
192 silly tar     gid: undefined,
192 silly tar     uname: '',
192 silly tar     gname: '',
192 silly tar     size: 633,
192 silly tar     mtime: 1985-10-26T08:15:00.000Z,
192 silly tar     atime: undefined,
192 silly tar     ctime: undefined,
192 silly tar     linkpath: undefined,
192 silly tar     dev: undefined,
192 silly tar     ino: undefined,
192 silly tar     nlink: undefined,
192 silly tar     invalid: false,
192 silly tar     absolute: 'E:/Soni_Navratri/node_modules/firebase/node_modules/@firebase/auth/dist/web-extension-cjs/src/core/user/account_info.test.d.ts',
192 silly tar     unsupported: false,
192 silly tar     Symbol(shapeMode): false,
192 silly tar     Symbol(kCapture): false,
192 silly tar     Symbol(flowing): false,
192 silly tar     Symbol(paused): true,
192 silly tar     Symbol(pipes): [],
192 silly tar     Symbol(buffer): [
192 silly tar       <Buffer 2f 2a 2a 0d 0a 20 2a 20 40 6c 69 63 65 6e 73 65 0d 0a 20 2a 20 43 6f 70 79 72 69 67 68 74 20 32 30 32 30 20 47 6f 6f 67 6c 65 20 4c 4c 43 0d 0a 20 2a ... 583 more bytes>
192 silly tar     ],
192 silly tar     Symbol(objectMode): false,
192 silly tar     Symbol(encoding): null,
192 silly tar     Symbol(async): false,
192 silly tar     Symbol(decoder): null,
192 silly tar     Symbol(EOF): true,
192 silly tar     Symbol(emittedEnd): false,
192 silly tar     Symbol(emittingEnd): false,
192 silly tar     Symbol(closed): false,
192 silly tar     Symbol(emittedError): null,
192 silly tar     Symbol(bufferLength): 633,
192 silly tar     Symbol(destroyed): false,
192 silly tar     Symbol(signal): undefined,
192 silly tar     Symbol(aborted): false,
192 silly tar     Symbol(dataListeners): 0,
192 silly tar     Symbol(discarded): false
192 silly tar   },
192 silly tar   cwd: 'E:/Soni_Navratri/node_modules/firebase/node_modules/@firebase/auth',
192 silly tar   tarCode: 'TAR_ENTRY_ERROR'
192 silly tar }
193 warn tar TAR_ENTRY_ERROR ENOENT: no such file or directory, lstat 'E:\Soni_Navratri\node_modules\firebase\node_modules\@firebase\auth\dist'
194 silly tar TAR_ENTRY_ERROR ENOENT: no such file or directory, lstat 'E:\Soni_Navratri\node_modules\firebase\node_modules\@firebase\auth\dist' [Error: ENOENT: no such file or directory, lstat 'E:\Soni_Navratri\node_modules\firebase\node_modules\@firebase\auth\dist'] {
194 silly tar   errno: -4058,
194 silly tar   code: 'ENOENT',
194 silly tar   syscall: 'lstat',
194 silly tar   path: 'E:/Soni_Navratri/node_modules/firebase/node_modules/@firebase/auth/dist',
194 silly tar   entry: Is {
194 silly tar     _events: [Object: null prototype] { end: [Function (anonymous)] },
194 silly tar     _eventsCount: 1,
194 silly tar     _maxListeners: undefined,
194 silly tar     writable: false,
194 silly tar     readable: true,
194 silly tar     extended: undefined,
194 silly tar     globalExtended: undefined,
194 silly tar     header: Ls {
194 silly tar       cksumValid: true,
194 silly tar       needPax: false,
194 silly tar       nullBlock: false,
194 silly tar       block: undefined,
194 silly tar       path: 'package/dist/web-extension-esm2017/src/core/user/account_info.test.d.ts',
194 silly tar       mode: 420,
194 silly tar       uid: undefined,
194 silly tar       gid: undefined,
194 silly tar       size: 633,
194 silly tar       cksum: 9746,
194 silly tar       linkpath: '',
194 silly tar       uname: '',
194 silly tar       gname: '',
194 silly tar       devmaj: 0,
194 silly tar       devmin: 0,
194 silly tar       atime: undefined,
194 silly tar       ctime: undefined,
194 silly tar       mtime: 1985-10-26T08:15:00.000Z,
194 silly tar       charset: undefined,
194 silly tar       comment: undefined
194 silly tar     },
194 silly tar     startBlockSize: 1024,
194 silly tar     blockRemain: 0,
194 silly tar     remain: 0,
194 silly tar     type: 'File',
194 silly tar     meta: false,
194 silly tar     ignore: false,
194 silly tar     path: 'dist/web-extension-esm2017/src/core/user/account_info.test.d.ts',
194 silly tar     mode: 438,
194 silly tar     uid: undefined,
194 silly tar     gid: undefined,
194 silly tar     uname: '',
194 silly tar     gname: '',
194 silly tar     size: 633,
194 silly tar     mtime: 1985-10-26T08:15:00.000Z,
194 silly tar     atime: undefined,
194 silly tar     ctime: undefined,
194 silly tar     linkpath: undefined,
194 silly tar     dev: undefined,
194 silly tar     ino: undefined,
194 silly tar     nlink: undefined,
194 silly tar     invalid: false,
194 silly tar     absolute: 'E:/Soni_Navratri/node_modules/firebase/node_modules/@firebase/auth/dist/web-extension-esm2017/src/core/user/account_info.test.d.ts',
194 silly tar     unsupported: false,
194 silly tar     Symbol(shapeMode): false,
194 silly tar     Symbol(kCapture): false,
194 silly tar     Symbol(flowing): false,
194 silly tar     Symbol(paused): true,
194 silly tar     Symbol(pipes): [],
194 silly tar     Symbol(buffer): [
194 silly tar       <Buffer 2f 2a 2a 0d 0a 20 2a 20 40 6c 69 63 65 6e 73 65 0d 0a 20 2a 20 43 6f 70 79 72 69 67 68 74 20 32 30 32 30 20 47 6f 6f 67 6c 65 20 4c 4c 43 0d 0a 20 2a ... 583 more bytes>
194 silly tar     ],
194 silly tar     Symbol(objectMode): false,
194 silly tar     Symbol(encoding): null,
194 silly tar     Symbol(async): false,
194 silly tar     Symbol(decoder): null,
194 silly tar     Symbol(EOF): true,
194 silly tar     Symbol(emittedEnd): false,
194 silly tar     Symbol(emittingEnd): false,
194 silly tar     Symbol(closed): false,
194 silly tar     Symbol(emittedError): null,
194 silly tar     Symbol(bufferLength): 633,
194 silly tar     Symbol(destroyed): false,
194 silly tar     Symbol(signal): undefined,
194 silly tar     Symbol(aborted): false,
194 silly tar     Symbol(dataListeners): 0,
194 silly tar     Symbol(discarded): false
194 silly tar   },
194 silly tar   cwd: 'E:/Soni_Navratri/node_modules/firebase/node_modules/@firebase/auth',
194 silly tar   tarCode: 'TAR_ENTRY_ERROR'
194 silly tar }
195 warn tar TAR_ENTRY_ERROR ENOENT: no such file or directory, lstat 'E:\Soni_Navratri\node_modules\firebase\node_modules\@firebase\auth\dist'
196 silly tar TAR_ENTRY_ERROR ENOENT: no such file or directory, lstat 'E:\Soni_Navratri\node_modules\firebase\node_modules\@firebase\auth\dist' [Error: ENOENT: no such file or directory, lstat 'E:\Soni_Navratri\node_modules\firebase\node_modules\@firebase\auth\dist'] {
196 silly tar   errno: -4058,
196 silly tar   code: 'ENOENT',
196 silly tar   syscall: 'lstat',
196 silly tar   path: 'E:/Soni_Navratri/node_modules/firebase/node_modules/@firebase/auth/dist',
196 silly tar   entry: Is {
196 silly tar     _events: [Object: null prototype] { end: [Function (anonymous)] },
196 silly tar     _eventsCount: 1,
196 silly tar     _maxListeners: undefined,
196 silly tar     writable: false,
196 silly tar     readable: true,
196 silly tar     extended: undefined,
196 silly tar     globalExtended: undefined,
196 silly tar     header: Ls {
196 silly tar       cksumValid: true,
196 silly tar       needPax: false,
196 silly tar       nullBlock: false,
196 silly tar       block: undefined,
196 silly tar       path: 'package/dist/browser-cjs/src/api/account_management/account.d.ts',
196 silly tar       mode: 420,
196 silly tar       uid: undefined,
196 silly tar       gid: undefined,
196 silly tar       size: 2020,
196 silly tar       cksum: 9289,
196 silly tar       linkpath: '',
196 silly tar       uname: '',
196 silly tar       gname: '',
196 silly tar       devmaj: 0,
196 silly tar       devmin: 0,
196 silly tar       atime: undefined,
196 silly tar       ctime: undefined,
196 silly tar       mtime: 1985-10-26T08:15:00.000Z,
196 silly tar       charset: undefined,
196 silly tar       comment: undefined
196 silly tar     },
196 silly tar     startBlockSize: 2048,
196 silly tar     blockRemain: 0,
196 silly tar     remain: 0,
196 silly tar     type: 'File',
196 silly tar     meta: false,
196 silly tar     ignore: false,
196 silly tar     path: 'dist/browser-cjs/src/api/account_management/account.d.ts',
196 silly tar     mode: 438,
196 silly tar     uid: undefined,
196 silly tar     gid: undefined,
196 silly tar     uname: '',
196 silly tar     gname: '',
196 silly tar     size: 2020,
196 silly tar     mtime: 1985-10-26T08:15:00.000Z,
196 silly tar     atime: undefined,
196 silly tar     ctime: undefined,
196 silly tar     linkpath: undefined,
196 silly tar     dev: undefined,
196 silly tar     ino: undefined,
196 silly tar     nlink: undefined,
196 silly tar     invalid: false,
196 silly tar     absolute: 'E:/Soni_Navratri/node_modules/firebase/node_modules/@firebase/auth/dist/browser-cjs/src/api/account_management/account.d.ts',
196 silly tar     unsupported: false,
196 silly tar     Symbol(shapeMode): false,
196 silly tar     Symbol(kCapture): false,
196 silly tar     Symbol(flowing): false,
196 silly tar     Symbol(paused): true,
196 silly tar     Symbol(pipes): [],
196 silly tar     Symbol(buffer): [
196 silly tar       <Buffer 2f 2a 2a 0d 0a 20 2a 20 40 6c 69 63 65 6e 73 65 0d 0a 20 2a 20 43 6f 70 79 72 69 67 68 74 20 32 30 32 30 20 47 6f 6f 67 6c 65 20 4c 4c 43 0d 0a 20 2a ... 1970 more bytes>
196 silly tar     ],
196 silly tar     Symbol(objectMode): false,
196 silly tar     Symbol(encoding): null,
196 silly tar     Symbol(async): false,
196 silly tar     Symbol(decoder): null,
196 silly tar     Symbol(EOF): true,
196 silly tar     Symbol(emittedEnd): false,
196 silly tar     Symbol(emittingEnd): false,
196 silly tar     Symbol(closed): false,
196 silly tar     Symbol(emittedError): null,
196 silly tar     Symbol(bufferLength): 2020,
196 silly tar     Symbol(destroyed): false,
196 silly tar     Symbol(signal): undefined,
196 silly tar     Symbol(aborted): false,
196 silly tar     Symbol(dataListeners): 0,
196 silly tar     Symbol(discarded): false
196 silly tar   },
196 silly tar   cwd: 'E:/Soni_Navratri/node_modules/firebase/node_modules/@firebase/auth',
196 silly tar   tarCode: 'TAR_ENTRY_ERROR'
196 silly tar }
197 warn tar TAR_ENTRY_ERROR ENOENT: no such file or directory, lstat 'E:\Soni_Navratri\node_modules\firebase\node_modules\@firebase\auth\dist'
198 silly tar TAR_ENTRY_ERROR ENOENT: no such file or directory, lstat 'E:\Soni_Navratri\node_modules\firebase\node_modules\@firebase\auth\dist' [Error: ENOENT: no such file or directory, lstat 'E:\Soni_Navratri\node_modules\firebase\node_modules\@firebase\auth\dist'] {
198 silly tar   errno: -4058,
198 silly tar   code: 'ENOENT',
198 silly tar   syscall: 'lstat',
198 silly tar   path: 'E:/Soni_Navratri/node_modules/firebase/node_modules/@firebase/auth/dist',
198 silly tar   entry: Is {
198 silly tar     _events: [Object: null prototype] { end: [Function (anonymous)] },
198 silly tar     _eventsCount: 1,
198 silly tar     _maxListeners: undefined,
198 silly tar     writable: false,
198 silly tar     readable: true,
198 silly tar     extended: undefined,
198 silly tar     globalExtended: undefined,
198 silly tar     header: Ls {
198 silly tar       cksumValid: true,
198 silly tar       needPax: false,
198 silly tar       nullBlock: false,
198 silly tar       block: undefined,
198 silly tar       path: 'package/dist/cordova/src/api/account_management/account.d.ts',
198 silly tar       mode: 420,
198 silly tar       uid: undefined,
198 silly tar       gid: undefined,
198 silly tar       size: 2020,
198 silly tar       cksum: 8902,
198 silly tar       linkpath: '',
198 silly tar       uname: '',
198 silly tar       gname: '',
198 silly tar       devmaj: 0,
198 silly tar       devmin: 0,
198 silly tar       atime: undefined,
198 silly tar       ctime: undefined,
198 silly tar       mtime: 1985-10-26T08:15:00.000Z,
198 silly tar       charset: undefined,
198 silly tar       comment: undefined
198 silly tar     },
198 silly tar     startBlockSize: 2048,
198 silly tar     blockRemain: 0,
198 silly tar     remain: 0,
198 silly tar     type: 'File',
198 silly tar     meta: false,
198 silly tar     ignore: false,
198 silly tar     path: 'dist/cordova/src/api/account_management/account.d.ts',
198 silly tar     mode: 438,
198 silly tar     uid: undefined,
198 silly tar     gid: undefined,
198 silly tar     uname: '',
198 silly tar     gname: '',
198 silly tar     size: 2020,
198 silly tar     mtime: 1985-10-26T08:15:00.000Z,
198 silly tar     atime: undefined,
198 silly tar     ctime: undefined,
198 silly tar     linkpath: undefined,
198 silly tar     dev: undefined,
198 silly tar     ino: undefined,
198 silly tar     nlink: undefined,
198 silly tar     invalid: false,
198 silly tar     absolute: 'E:/Soni_Navratri/node_modules/firebase/node_modules/@firebase/auth/dist/cordova/src/api/account_management/account.d.ts',
198 silly tar     unsupported: false,
198 silly tar     Symbol(shapeMode): false,
198 silly tar     Symbol(kCapture): false,
198 silly tar     Symbol(flowing): false,
198 silly tar     Symbol(paused): true,
198 silly tar     Symbol(pipes): [],
198 silly tar     Symbol(buffer): [
198 silly tar       <Buffer 2f 2a 2a 0d 0a 20 2a 20 40 6c 69 63 65 6e 73 65 0d 0a 20 2a 20 43 6f 70 79 72 69 67 68 74 20 32 30 32 30 20 47 6f 6f 67 6c 65 20 4c 4c 43 0d 0a 20 2a ... 1970 more bytes>
198 silly tar     ],
198 silly tar     Symbol(objectMode): false,
198 silly tar     Symbol(encoding): null,
198 silly tar     Symbol(async): false,
198 silly tar     Symbol(decoder): null,
198 silly tar     Symbol(EOF): true,
198 silly tar     Symbol(emittedEnd): false,
198 silly tar     Symbol(emittingEnd): false,
198 silly tar     Symbol(closed): false,
198 silly tar     Symbol(emittedError): null,
198 silly tar     Symbol(bufferLength): 2020,
198 silly tar     Symbol(destroyed): false,
198 silly tar     Symbol(signal): undefined,
198 silly tar     Symbol(aborted): false,
198 silly tar     Symbol(dataListeners): 0,
198 silly tar     Symbol(discarded): false
198 silly tar   },
198 silly tar   cwd: 'E:/Soni_Navratri/node_modules/firebase/node_modules/@firebase/auth',
198 silly tar   tarCode: 'TAR_ENTRY_ERROR'
198 silly tar }
199 warn tar TAR_ENTRY_ERROR ENOENT: no such file or directory, lstat 'E:\Soni_Navratri\node_modules\firebase\node_modules\@firebase\auth\dist'
200 silly tar TAR_ENTRY_ERROR ENOENT: no such file or directory, lstat 'E:\Soni_Navratri\node_modules\firebase\node_modules\@firebase\auth\dist' [Error: ENOENT: no such file or directory, lstat 'E:\Soni_Navratri\node_modules\firebase\node_modules\@firebase\auth\dist'] {
200 silly tar   errno: -4058,
200 silly tar   code: 'ENOENT',
200 silly tar   syscall: 'lstat',
200 silly tar   path: 'E:/Soni_Navratri/node_modules/firebase/node_modules/@firebase/auth/dist',
200 silly tar   entry: Is {
200 silly tar     _events: [Object: null prototype] { end: [Function (anonymous)] },
200 silly tar     _eventsCount: 1,
200 silly tar     _maxListeners: undefined,
200 silly tar     writable: false,
200 silly tar     readable: true,
200 silly tar     extended: undefined,
200 silly tar     globalExtended: undefined,
200 silly tar     header: Ls {
200 silly tar       cksumValid: true,
200 silly tar       needPax: false,
200 silly tar       nullBlock: false,
200 silly tar       block: undefined,
200 silly tar       path: 'package/dist/esm2017/src/api/account_management/account.d.ts',
200 silly tar       mode: 420,
200 silly tar       uid: undefined,
200 silly tar       gid: undefined,
200 silly tar       size: 2020,
200 silly tar       cksum: 8679,
200 silly tar       linkpath: '',
200 silly tar       uname: '',
200 silly tar       gname: '',
200 silly tar       devmaj: 0,
200 silly tar       devmin: 0,
200 silly tar       atime: undefined,
200 silly tar       ctime: undefined,
200 silly tar       mtime: 1985-10-26T08:15:00.000Z,
200 silly tar       charset: undefined,
200 silly tar       comment: undefined
200 silly tar     },
200 silly tar     startBlockSize: 2048,
200 silly tar     blockRemain: 0,
200 silly tar     remain: 0,
200 silly tar     type: 'File',
200 silly tar     meta: false,
200 silly tar     ignore: false,
200 silly tar     path: 'dist/esm2017/src/api/account_management/account.d.ts',
200 silly tar     mode: 438,
200 silly tar     uid: undefined,
200 silly tar     gid: undefined,
200 silly tar     uname: '',
200 silly tar     gname: '',
200 silly tar     size: 2020,
200 silly tar     mtime: 1985-10-26T08:15:00.000Z,
200 silly tar     atime: undefined,
200 silly tar     ctime: undefined,
200 silly tar     linkpath: undefined,
200 silly tar     dev: undefined,
200 silly tar     ino: undefined,
200 silly tar     nlink: undefined,
200 silly tar     invalid: false,
200 silly tar     absolute: 'E:/Soni_Navratri/node_modules/firebase/node_modules/@firebase/auth/dist/esm2017/src/api/account_management/account.d.ts',
200 silly tar     unsupported: false,
200 silly tar     Symbol(shapeMode): false,
200 silly tar     Symbol(kCapture): false,
200 silly tar     Symbol(flowing): false,
200 silly tar     Symbol(paused): true,
200 silly tar     Symbol(pipes): [],
200 silly tar     Symbol(buffer): [
200 silly tar       <Buffer 2f 2a 2a 0d 0a 20 2a 20 40 6c 69 63 65 6e 73 65 0d 0a 20 2a 20 43 6f 70 79 72 69 67 68 74 20 32 30 32 30 20 47 6f 6f 67 6c 65 20 4c 4c 43 0d 0a 20 2a ... 1970 more bytes>
200 silly tar     ],
200 silly tar     Symbol(objectMode): false,
200 silly tar     Symbol(encoding): null,
200 silly tar     Symbol(async): false,
200 silly tar     Symbol(decoder): null,
200 silly tar     Symbol(EOF): true,
200 silly tar     Symbol(emittedEnd): false,
200 silly tar     Symbol(emittingEnd): false,
200 silly tar     Symbol(closed): false,
200 silly tar     Symbol(emittedError): null,
200 silly tar     Symbol(bufferLength): 2020,
200 silly tar     Symbol(destroyed): false,
200 silly tar     Symbol(signal): undefined,
200 silly tar     Symbol(aborted): false,
200 silly tar     Symbol(dataListeners): 0,
200 silly tar     Symbol(discarded): false
200 silly tar   },
200 silly tar   cwd: 'E:/Soni_Navratri/node_modules/firebase/node_modules/@firebase/auth',
200 silly tar   tarCode: 'TAR_ENTRY_ERROR'
200 silly tar }
201 warn tar TAR_ENTRY_ERROR ENOENT: no such file or directory, lstat 'E:\Soni_Navratri\node_modules\firebase\node_modules\@firebase\auth\dist'
202 silly tar TAR_ENTRY_ERROR ENOENT: no such file or directory, lstat 'E:\Soni_Navratri\node_modules\firebase\node_modules\@firebase\auth\dist' [Error: ENOENT: no such file or directory, lstat 'E:\Soni_Navratri\node_modules\firebase\node_modules\@firebase\auth\dist'] {
202 silly tar   errno: -4058,
202 silly tar   code: 'ENOENT',
202 silly tar   syscall: 'lstat',
202 silly tar   path: 'E:/Soni_Navratri/node_modules/firebase/node_modules/@firebase/auth/dist',
202 silly tar   entry: Is {
202 silly tar     _events: [Object: null prototype] { end: [Function (anonymous)] },
202 silly tar     _eventsCount: 1,
202 silly tar     _maxListeners: undefined,
202 silly tar     writable: false,
202 silly tar     readable: true,
202 silly tar     extended: undefined,
202 silly tar     globalExtended: undefined,
202 silly tar     header: Ls {
202 silly tar       cksumValid: true,
202 silly tar       needPax: false,
202 silly tar       nullBlock: false,
202 silly tar       block: undefined,
202 silly tar       path: 'package/dist/esm5/src/api/account_management/account.d.ts',
202 silly tar       mode: 420,
202 silly tar       uid: undefined,
202 silly tar       gid: undefined,
202 silly tar       size: 2020,
202 silly tar       cksum: 8530,
202 silly tar       linkpath: '',
202 silly tar       uname: '',
202 silly tar       gname: '',
202 silly tar       devmaj: 0,
202 silly tar       devmin: 0,
202 silly tar       atime: undefined,
202 silly tar       ctime: undefined,
202 silly tar       mtime: 1985-10-26T08:15:00.000Z,
202 silly tar       charset: undefined,
202 silly tar       comment: undefined
202 silly tar     },
202 silly tar     startBlockSize: 2048,
202 silly tar     blockRemain: 0,
202 silly tar     remain: 0,
202 silly tar     type: 'File',
202 silly tar     meta: false,
202 silly tar     ignore: false,
202 silly tar     path: 'dist/esm5/src/api/account_management/account.d.ts',
202 silly tar     mode: 438,
202 silly tar     uid: undefined,
202 silly tar     gid: undefined,
202 silly tar     uname: '',
202 silly tar     gname: '',
202 silly tar     size: 2020,
202 silly tar     mtime: 1985-10-26T08:15:00.000Z,
202 silly tar     atime: undefined,
202 silly tar     ctime: undefined,
202 silly tar     linkpath: undefined,
202 silly tar     dev: undefined,
202 silly tar     ino: undefined,
202 silly tar     nlink: undefined,
202 silly tar     invalid: false,
202 silly tar     absolute: 'E:/Soni_Navratri/node_modules/firebase/node_modules/@firebase/auth/dist/esm5/src/api/account_management/account.d.ts',
202 silly tar     unsupported: false,
202 silly tar     Symbol(shapeMode): false,
202 silly tar     Symbol(kCapture): false,
202 silly tar     Symbol(flowing): false,
202 silly tar     Symbol(paused): true,
202 silly tar     Symbol(pipes): [],
202 silly tar     Symbol(buffer): [
202 silly tar       <Buffer 2f 2a 2a 0d 0a 20 2a 20 40 6c 69 63 65 6e 73 65 0d 0a 20 2a 20 43 6f 70 79 72 69 67 68 74 20 32 30 32 30 20 47 6f 6f 67 6c 65 20 4c 4c 43 0d 0a 20 2a ... 1970 more bytes>
202 silly tar     ],
202 silly tar     Symbol(objectMode): false,
202 silly tar     Symbol(encoding): null,
202 silly tar     Symbol(async): false,
202 silly tar     Symbol(decoder): null,
202 silly tar     Symbol(EOF): true,
202 silly tar     Symbol(emittedEnd): false,
202 silly tar     Symbol(emittingEnd): false,
202 silly tar     Symbol(closed): false,
202 silly tar     Symbol(emittedError): null,
202 silly tar     Symbol(bufferLength): 2020,
202 silly tar     Symbol(destroyed): false,
202 silly tar     Symbol(signal): undefined,
202 silly tar     Symbol(aborted): false,
202 silly tar     Symbol(dataListeners): 0,
202 silly tar     Symbol(discarded): false
202 silly tar   },
202 silly tar   cwd: 'E:/Soni_Navratri/node_modules/firebase/node_modules/@firebase/auth',
202 silly tar   tarCode: 'TAR_ENTRY_ERROR'
202 silly tar }
203 warn tar TAR_ENTRY_ERROR ENOENT: no such file or directory, lstat 'E:\Soni_Navratri\node_modules\firebase\node_modules\@firebase\auth\dist'
204 silly tar TAR_ENTRY_ERROR ENOENT: no such file or directory, lstat 'E:\Soni_Navratri\node_modules\firebase\node_modules\@firebase\auth\dist' [Error: ENOENT: no such file or directory, lstat 'E:\Soni_Navratri\node_modules\firebase\node_modules\@firebase\auth\dist'] {
204 silly tar   errno: -4058,
204 silly tar   code: 'ENOENT',
204 silly tar   syscall: 'lstat',
204 silly tar   path: 'E:/Soni_Navratri/node_modules/firebase/node_modules/@firebase/auth/dist',
204 silly tar   entry: Is {
204 silly tar     _events: [Object: null prototype] { end: [Function (anonymous)] },
204 silly tar     _eventsCount: 1,
204 silly tar     _maxListeners: undefined,
204 silly tar     writable: false,
204 silly tar     readable: true,
204 silly tar     extended: undefined,
204 silly tar     globalExtended: undefined,
204 silly tar     header: Ls {
204 silly tar       cksumValid: true,
204 silly tar       needPax: false,
204 silly tar       nullBlock: false,
204 silly tar       block: undefined,
204 silly tar       path: 'package/dist/node-esm/src/api/account_management/account.d.ts',
204 silly tar       mode: 420,
204 silly tar       uid: undefined,
204 silly tar       gid: undefined,
204 silly tar       size: 2020,
204 silly tar       cksum: 8944,
204 silly tar       linkpath: '',
204 silly tar       uname: '',
204 silly tar       gname: '',
204 silly tar       devmaj: 0,
204 silly tar       devmin: 0,
204 silly tar       atime: undefined,
204 silly tar       ctime: undefined,
204 silly tar       mtime: 1985-10-26T08:15:00.000Z,
204 silly tar       charset: undefined,
204 silly tar       comment: undefined
204 silly tar     },
204 silly tar     startBlockSize: 2048,
204 silly tar     blockRemain: 0,
204 silly tar     remain: 0,
204 silly tar     type: 'File',
204 silly tar     meta: false,
204 silly tar     ignore: false,
204 silly tar     path: 'dist/node-esm/src/api/account_management/account.d.ts',
204 silly tar     mode: 438,
204 silly tar     uid: undefined,
204 silly tar     gid: undefined,
204 silly tar     uname: '',
204 silly tar     gname: '',
204 silly tar     size: 2020,
204 silly tar     mtime: 1985-10-26T08:15:00.000Z,
204 silly tar     atime: undefined,
204 silly tar     ctime: undefined,
204 silly tar     linkpath: undefined,
204 silly tar     dev: undefined,
204 silly tar     ino: undefined,
204 silly tar     nlink: undefined,
204 silly tar     invalid: false,
204 silly tar     absolute: 'E:/Soni_Navratri/node_modules/firebase/node_modules/@firebase/auth/dist/node-esm/src/api/account_management/account.d.ts',
204 silly tar     unsupported: false,
204 silly tar     Symbol(shapeMode): false,
204 silly tar     Symbol(kCapture): false,
204 silly tar     Symbol(flowing): false,
204 silly tar     Symbol(paused): true,
204 silly tar     Symbol(pipes): [],
204 silly tar     Symbol(buffer): [
204 silly tar       <Buffer 2f 2a 2a 0d 0a 20 2a 20 40 6c 69 63 65 6e 73 65 0d 0a 20 2a 20 43 6f 70 79 72 69 67 68 74 20 32 30 32 30 20 47 6f 6f 67 6c 65 20 4c 4c 43 0d 0a 20 2a ... 1970 more bytes>
204 silly tar     ],
204 silly tar     Symbol(objectMode): false,
204 silly tar     Symbol(encoding): null,
204 silly tar     Symbol(async): false,
204 silly tar     Symbol(decoder): null,
204 silly tar     Symbol(EOF): true,
204 silly tar     Symbol(emittedEnd): false,
204 silly tar     Symbol(emittingEnd): false,
204 silly tar     Symbol(closed): false,
204 silly tar     Symbol(emittedError): null,
204 silly tar     Symbol(bufferLength): 2020,
204 silly tar     Symbol(destroyed): false,
204 silly tar     Symbol(signal): undefined,
204 silly tar     Symbol(aborted): false,
204 silly tar     Symbol(dataListeners): 0,
204 silly tar     Symbol(discarded): false
204 silly tar   },
204 silly tar   cwd: 'E:/Soni_Navratri/node_modules/firebase/node_modules/@firebase/auth',
204 silly tar   tarCode: 'TAR_ENTRY_ERROR'
204 silly tar }
205 warn tar TAR_ENTRY_ERROR ENOENT: no such file or directory, lstat 'E:\Soni_Navratri\node_modules\firebase\node_modules\@firebase\auth\dist'
206 silly tar TAR_ENTRY_ERROR ENOENT: no such file or directory, lstat 'E:\Soni_Navratri\node_modules\firebase\node_modules\@firebase\auth\dist' [Error: ENOENT: no such file or directory, lstat 'E:\Soni_Navratri\node_modules\firebase\node_modules\@firebase\auth\dist'] {
206 silly tar   errno: -4058,
206 silly tar   code: 'ENOENT',
206 silly tar   syscall: 'lstat',
206 silly tar   path: 'E:/Soni_Navratri/node_modules/firebase/node_modules/@firebase/auth/dist',
206 silly tar   entry: Is {
206 silly tar     _events: [Object: null prototype] { end: [Function (anonymous)] },
206 silly tar     _eventsCount: 1,
206 silly tar     _maxListeners: undefined,
206 silly tar     writable: false,
206 silly tar     readable: true,
206 silly tar     extended: undefined,
206 silly tar     globalExtended: undefined,
206 silly tar     header: Ls {
206 silly tar       cksumValid: true,
206 silly tar       needPax: false,
206 silly tar       nullBlock: false,
206 silly tar       block: undefined,
206 silly tar       path: 'package/dist/node/src/api/account_management/account.d.ts',
206 silly tar       mode: 420,
206 silly tar       uid: undefined,
206 silly tar       gid: undefined,
206 silly tar       size: 2020,
206 silly tar       cksum: 8574,
206 silly tar       linkpath: '',
206 silly tar       uname: '',
206 silly tar       gname: '',
206 silly tar       devmaj: 0,
206 silly tar       devmin: 0,
206 silly tar       atime: undefined,
206 silly tar       ctime: undefined,
206 silly tar       mtime: 1985-10-26T08:15:00.000Z,
206 silly tar       charset: undefined,
206 silly tar       comment: undefined
206 silly tar     },
206 silly tar     startBlockSize: 2048,
206 silly tar     blockRemain: 0,
206 silly tar     remain: 0,
206 silly tar     type: 'File',
206 silly tar     meta: false,
206 silly tar     ignore: false,
206 silly tar     path: 'dist/node/src/api/account_management/account.d.ts',
206 silly tar     mode: 438,
206 silly tar     uid: undefined,
206 silly tar     gid: undefined,
206 silly tar     uname: '',
206 silly tar     gname: '',
206 silly tar     size: 2020,
206 silly tar     mtime: 1985-10-26T08:15:00.000Z,
206 silly tar     atime: undefined,
206 silly tar     ctime: undefined,
206 silly tar     linkpath: undefined,
206 silly tar     dev: undefined,
206 silly tar     ino: undefined,
206 silly tar     nlink: undefined,
206 silly tar     invalid: false,
206 silly tar     absolute: 'E:/Soni_Navratri/node_modules/firebase/node_modules/@firebase/auth/dist/node/src/api/account_management/account.d.ts',
206 silly tar     unsupported: false,
206 silly tar     Symbol(shapeMode): false,
206 silly tar     Symbol(kCapture): false,
206 silly tar     Symbol(flowing): false,
206 silly tar     Symbol(paused): true,
206 silly tar     Symbol(pipes): [],
206 silly tar     Symbol(buffer): [
206 silly tar       <Buffer 2f 2a 2a 0d 0a 20 2a 20 40 6c 69 63 65 6e 73 65 0d 0a 20 2a 20 43 6f 70 79 72 69 67 68 74 20 32 30 32 30 20 47 6f 6f 67 6c 65 20 4c 4c 43 0d 0a 20 2a ... 1970 more bytes>
206 silly tar     ],
206 silly tar     Symbol(objectMode): false,
206 silly tar     Symbol(encoding): null,
206 silly tar     Symbol(async): false,
206 silly tar     Symbol(decoder): null,
206 silly tar     Symbol(EOF): true,
206 silly tar     Symbol(emittedEnd): false,
206 silly tar     Symbol(emittingEnd): false,
206 silly tar     Symbol(closed): false,
206 silly tar     Symbol(emittedError): null,
206 silly tar     Symbol(bufferLength): 2020,
206 silly tar     Symbol(destroyed): false,
206 silly tar     Symbol(signal): undefined,
206 silly tar     Symbol(aborted): false,
206 silly tar     Symbol(dataListeners): 0,
206 silly tar     Symbol(discarded): false
206 silly tar   },
206 silly tar   cwd: 'E:/Soni_Navratri/node_modules/firebase/node_modules/@firebase/auth',
206 silly tar   tarCode: 'TAR_ENTRY_ERROR'
206 silly tar }
207 warn tar TAR_ENTRY_ERROR ENOENT: no such file or directory, lstat 'E:\Soni_Navratri\node_modules\firebase\node_modules\@firebase\auth\dist'
208 silly tar TAR_ENTRY_ERROR ENOENT: no such file or directory, lstat 'E:\Soni_Navratri\node_modules\firebase\node_modules\@firebase\auth\dist' [Error: ENOENT: no such file or directory, lstat 'E:\Soni_Navratri\node_modules\firebase\node_modules\@firebase\auth\dist'] {
208 silly tar   errno: -4058,
208 silly tar   code: 'ENOENT',
208 silly tar   syscall: 'lstat',
208 silly tar   path: 'E:/Soni_Navratri/node_modules/firebase/node_modules/@firebase/auth/dist',
208 silly tar   entry: Is {
208 silly tar     _events: [Object: null prototype] { end: [Function (anonymous)] },
208 silly tar     _eventsCount: 1,
208 silly tar     _maxListeners: undefined,
208 silly tar     writable: false,
208 silly tar     readable: true,
208 silly tar     extended: undefined,
208 silly tar     globalExtended: undefined,
208 silly tar     header: Ls {
208 silly tar       cksumValid: true,
208 silly tar       needPax: false,
208 silly tar       nullBlock: false,
208 silly tar       block: undefined,
208 silly tar       path: 'package/dist/rn/src/api/account_management/account.d.ts',
208 silly tar       mode: 420,
208 silly tar       uid: undefined,
208 silly tar       gid: undefined,
208 silly tar       size: 2020,
208 silly tar       cksum: 8376,
208 silly tar       linkpath: '',
208 silly tar       uname: '',
208 silly tar       gname: '',
208 silly tar       devmaj: 0,
208 silly tar       devmin: 0,
208 silly tar       atime: undefined,
208 silly tar       ctime: undefined,
208 silly tar       mtime: 1985-10-26T08:15:00.000Z,
208 silly tar       charset: undefined,
208 silly tar       comment: undefined
208 silly tar     },
208 silly tar     startBlockSize: 2048,
208 silly tar     blockRemain: 0,
208 silly tar     remain: 0,
208 silly tar     type: 'File',
208 silly tar     meta: false,
208 silly tar     ignore: false,
208 silly tar     path: 'dist/rn/src/api/account_management/account.d.ts',
208 silly tar     mode: 438,
208 silly tar     uid: undefined,
208 silly tar     gid: undefined,
208 silly tar     uname: '',
208 silly tar     gname: '',
208 silly tar     size: 2020,
208 silly tar     mtime: 1985-10-26T08:15:00.000Z,
208 silly tar     atime: undefined,
208 silly tar     ctime: undefined,
208 silly tar     linkpath: undefined,
208 silly tar     dev: undefined,
208 silly tar     ino: undefined,
208 silly tar     nlink: undefined,
208 silly tar     invalid: false,
208 silly tar     absolute: 'E:/Soni_Navratri/node_modules/firebase/node_modules/@firebase/auth/dist/rn/src/api/account_management/account.d.ts',
208 silly tar     unsupported: false,
208 silly tar     Symbol(shapeMode): false,
208 silly tar     Symbol(kCapture): false,
208 silly tar     Symbol(flowing): false,
208 silly tar     Symbol(paused): true,
208 silly tar     Symbol(pipes): [],
208 silly tar     Symbol(buffer): [
208 silly tar       <Buffer 2f 2a 2a 0d 0a 20 2a 20 40 6c 69 63 65 6e 73 65 0d 0a 20 2a 20 43 6f 70 79 72 69 67 68 74 20 32 30 32 30 20 47 6f 6f 67 6c 65 20 4c 4c 43 0d 0a 20 2a ... 1970 more bytes>
208 silly tar     ],
208 silly tar     Symbol(objectMode): false,
208 silly tar     Symbol(encoding): null,
208 silly tar     Symbol(async): false,
208 silly tar     Symbol(decoder): null,
208 silly tar     Symbol(EOF): true,
208 silly tar     Symbol(emittedEnd): false,
208 silly tar     Symbol(emittingEnd): false,
208 silly tar     Symbol(closed): false,
208 silly tar     Symbol(emittedError): null,
208 silly tar     Symbol(bufferLength): 2020,
208 silly tar     Symbol(destroyed): false,
208 silly tar     Symbol(signal): undefined,
208 silly tar     Symbol(aborted): false,
208 silly tar     Symbol(dataListeners): 0,
208 silly tar     Symbol(discarded): false
208 silly tar   },
208 silly tar   cwd: 'E:/Soni_Navratri/node_modules/firebase/node_modules/@firebase/auth',
208 silly tar   tarCode: 'TAR_ENTRY_ERROR'
208 silly tar }
209 warn tar TAR_ENTRY_ERROR ENOENT: no such file or directory, lstat 'E:\Soni_Navratri\node_modules\firebase\node_modules\@firebase\auth\dist'
210 silly tar TAR_ENTRY_ERROR ENOENT: no such file or directory, lstat 'E:\Soni_Navratri\node_modules\firebase\node_modules\@firebase\auth\dist' [Error: ENOENT: no such file or directory, lstat 'E:\Soni_Navratri\node_modules\firebase\node_modules\@firebase\auth\dist'] {
210 silly tar   errno: -4058,
210 silly tar   code: 'ENOENT',
210 silly tar   syscall: 'lstat',
210 silly tar   path: 'E:/Soni_Navratri/node_modules/firebase/node_modules/@firebase/auth/dist',
210 silly tar   entry: Is {
210 silly tar     _events: [Object: null prototype] { end: [Function (anonymous)] },
210 silly tar     _eventsCount: 1,
210 silly tar     _maxListeners: undefined,
210 silly tar     writable: false,
210 silly tar     readable: true,
210 silly tar     extended: undefined,
210 silly tar     globalExtended: undefined,
210 silly tar     header: Ls {
210 silly tar       cksumValid: true,
210 silly tar       needPax: false,
210 silly tar       nullBlock: false,
210 silly tar       block: undefined,
210 silly tar       path: 'package/dist/src/api/account_management/account.d.ts',
210 silly tar       mode: 420,
210 silly tar       uid: undefined,
210 silly tar       gid: undefined,
210 silly tar       size: 2020,
210 silly tar       cksum: 8105,
210 silly tar       linkpath: '',
210 silly tar       uname: '',
210 silly tar       gname: '',
210 silly tar       devmaj: 0,
210 silly tar       devmin: 0,
210 silly tar       atime: undefined,
210 silly tar       ctime: undefined,
210 silly tar       mtime: 1985-10-26T08:15:00.000Z,
210 silly tar       charset: undefined,
210 silly tar       comment: undefined
210 silly tar     },
210 silly tar     startBlockSize: 2048,
210 silly tar     blockRemain: 0,
210 silly tar     remain: 0,
210 silly tar     type: 'File',
210 silly tar     meta: false,
210 silly tar     ignore: false,
210 silly tar     path: 'dist/src/api/account_management/account.d.ts',
210 silly tar     mode: 438,
210 silly tar     uid: undefined,
210 silly tar     gid: undefined,
210 silly tar     uname: '',
210 silly tar     gname: '',
210 silly tar     size: 2020,
210 silly tar     mtime: 1985-10-26T08:15:00.000Z,
210 silly tar     atime: undefined,
210 silly tar     ctime: undefined,
210 silly tar     linkpath: undefined,
210 silly tar     dev: undefined,
210 silly tar     ino: undefined,
210 silly tar     nlink: undefined,
210 silly tar     invalid: false,
210 silly tar     absolute: 'E:/Soni_Navratri/node_modules/firebase/node_modules/@firebase/auth/dist/src/api/account_management/account.d.ts',
210 silly tar     unsupported: false,
210 silly tar     Symbol(shapeMode): false,
210 silly tar     Symbol(kCapture): false,
210 silly tar     Symbol(flowing): false,
210 silly tar     Symbol(paused): true,
210 silly tar     Symbol(pipes): [],
210 silly tar     Symbol(buffer): [
210 silly tar       <Buffer 2f 2a 2a 0d 0a 20 2a 20 40 6c 69 63 65 6e 73 65 0d 0a 20 2a 20 43 6f 70 79 72 69 67 68 74 20 32 30 32 30 20 47 6f 6f 67 6c 65 20 4c 4c 43 0d 0a 20 2a ... 1970 more bytes>
210 silly tar     ],
210 silly tar     Symbol(objectMode): false,
210 silly tar     Symbol(encoding): null,
210 silly tar     Symbol(async): false,
210 silly tar     Symbol(decoder): null,
210 silly tar     Symbol(EOF): true,
210 silly tar     Symbol(emittedEnd): false,
210 silly tar     Symbol(emittingEnd): false,
210 silly tar     Symbol(closed): false,
210 silly tar     Symbol(emittedError): null,
210 silly tar     Symbol(bufferLength): 2020,
210 silly tar     Symbol(destroyed): false,
210 silly tar     Symbol(signal): undefined,
210 silly tar     Symbol(aborted): false,
210 silly tar     Symbol(dataListeners): 0,
210 silly tar     Symbol(discarded): false
210 silly tar   },
210 silly tar   cwd: 'E:/Soni_Navratri/node_modules/firebase/node_modules/@firebase/auth',
210 silly tar   tarCode: 'TAR_ENTRY_ERROR'
210 silly tar }
211 warn tar TAR_ENTRY_ERROR ENOENT: no such file or directory, lstat 'E:\Soni_Navratri\node_modules\firebase\node_modules\@firebase\auth\dist'
212 silly tar TAR_ENTRY_ERROR ENOENT: no such file or directory, lstat 'E:\Soni_Navratri\node_modules\firebase\node_modules\@firebase\auth\dist' [Error: ENOENT: no such file or directory, lstat 'E:\Soni_Navratri\node_modules\firebase\node_modules\@firebase\auth\dist'] {
212 silly tar   errno: -4058,
212 silly tar   code: 'ENOENT',
212 silly tar   syscall: 'lstat',
212 silly tar   path: 'E:/Soni_Navratri/node_modules/firebase/node_modules/@firebase/auth/dist',
212 silly tar   entry: Is {
212 silly tar     _events: [Object: null prototype] { end: [Function (anonymous)] },
212 silly tar     _eventsCount: 1,
212 silly tar     _maxListeners: undefined,
212 silly tar     writable: false,
212 silly tar     readable: true,
212 silly tar     extended: undefined,
212 silly tar     globalExtended: undefined,
212 silly tar     header: Ls {
212 silly tar       cksumValid: true,
212 silly tar       needPax: false,
212 silly tar       nullBlock: false,
212 silly tar       block: undefined,
212 silly tar       path: 'package/dist/web-extension-cjs/src/api/account_management/account.d.ts',
212 silly tar       mode: 420,
212 silly tar       uid: undefined,
212 silly tar       gid: undefined,
212 silly tar       size: 2020,
212 silly tar       cksum: 9869,
212 silly tar       linkpath: '',
212 silly tar       uname: '',
212 silly tar       gname: '',
212 silly tar       devmaj: 0,
212 silly tar       devmin: 0,
212 silly tar       atime: undefined,
212 silly tar       ctime: undefined,
212 silly tar       mtime: 1985-10-26T08:15:00.000Z,
212 silly tar       charset: undefined,
212 silly tar       comment: undefined
212 silly tar     },
212 silly tar     startBlockSize: 2048,
212 silly tar     blockRemain: 0,
212 silly tar     remain: 0,
212 silly tar     type: 'File',
212 silly tar     meta: false,
212 silly tar     ignore: false,
212 silly tar     path: 'dist/web-extension-cjs/src/api/account_management/account.d.ts',
212 silly tar     mode: 438,
212 silly tar     uid: undefined,
212 silly tar     gid: undefined,
212 silly tar     uname: '',
212 silly tar     gname: '',
212 silly tar     size: 2020,
212 silly tar     mtime: 1985-10-26T08:15:00.000Z,
212 silly tar     atime: undefined,
212 silly tar     ctime: undefined,
212 silly tar     linkpath: undefined,
212 silly tar     dev: undefined,
212 silly tar     ino: undefined,
212 silly tar     nlink: undefined,
212 silly tar     invalid: false,
212 silly tar     absolute: 'E:/Soni_Navratri/node_modules/firebase/node_modules/@firebase/auth/dist/web-extension-cjs/src/api/account_management/account.d.ts',
212 silly tar     unsupported: false,
212 silly tar     Symbol(shapeMode): false,
212 silly tar     Symbol(kCapture): false,
212 silly tar     Symbol(flowing): false,
212 silly tar     Symbol(paused): true,
212 silly tar     Symbol(pipes): [],
212 silly tar     Symbol(buffer): [
212 silly tar       <Buffer 2f 2a 2a 0d 0a 20 2a 20 40 6c 69 63 65 6e 73 65 0d 0a 20 2a 20 43 6f 70 79 72 69 67 68 74 20 32 30 32 30 20 47 6f 6f 67 6c 65 20 4c 4c 43 0d 0a 20 2a ... 1970 more bytes>
212 silly tar     ],
212 silly tar     Symbol(objectMode): false,
212 silly tar     Symbol(encoding): null,
212 silly tar     Symbol(async): false,
212 silly tar     Symbol(decoder): null,
212 silly tar     Symbol(EOF): true,
212 silly tar     Symbol(emittedEnd): false,
212 silly tar     Symbol(emittingEnd): false,
212 silly tar     Symbol(closed): false,
212 silly tar     Symbol(emittedError): null,
212 silly tar     Symbol(bufferLength): 2020,
212 silly tar     Symbol(destroyed): false,
212 silly tar     Symbol(signal): undefined,
212 silly tar     Symbol(aborted): false,
212 silly tar     Symbol(dataListeners): 0,
212 silly tar     Symbol(discarded): false
212 silly tar   },
212 silly tar   cwd: 'E:/Soni_Navratri/node_modules/firebase/node_modules/@firebase/auth',
212 silly tar   tarCode: 'TAR_ENTRY_ERROR'
212 silly tar }
213 warn tar TAR_ENTRY_ERROR ENOENT: no such file or directory, lstat 'E:\Soni_Navratri\node_modules\firebase\node_modules\@firebase\auth\dist'
214 silly tar TAR_ENTRY_ERROR ENOENT: no such file or directory, lstat 'E:\Soni_Navratri\node_modules\firebase\node_modules\@firebase\auth\dist' [Error: ENOENT: no such file or directory, lstat 'E:\Soni_Navratri\node_modules\firebase\node_modules\@firebase\auth\dist'] {
214 silly tar   errno: -4058,
214 silly tar   code: 'ENOENT',
214 silly tar   syscall: 'lstat',
214 silly tar   path: 'E:/Soni_Navratri/node_modules/firebase/node_modules/@firebase/auth/dist',
214 silly tar   entry: Is {
214 silly tar     _events: [Object: null prototype] { end: [Function (anonymous)] },
214 silly tar     _eventsCount: 1,
214 silly tar     _maxListeners: undefined,
214 silly tar     writable: false,
214 silly tar     readable: true,
214 silly tar     extended: undefined,
214 silly tar     globalExtended: undefined,
214 silly tar     header: Ls {
214 silly tar       cksumValid: true,
214 silly tar       needPax: false,
214 silly tar       nullBlock: false,
214 silly tar       block: undefined,
214 silly tar       path: 'package/dist/web-extension-esm2017/src/api/account_management/account.d.ts',
214 silly tar       mode: 420,
214 silly tar       uid: undefined,
214 silly tar       gid: undefined,
214 silly tar       size: 2020,
214 silly tar       cksum: 10076,
214 silly tar       linkpath: '',
214 silly tar       uname: '',
214 silly tar       gname: '',
214 silly tar       devmaj: 0,
214 silly tar       devmin: 0,
214 silly tar       atime: undefined,
214 silly tar       ctime: undefined,
214 silly tar       mtime: 1985-10-26T08:15:00.000Z,
214 silly tar       charset: undefined,
214 silly tar       comment: undefined
214 silly tar     },
214 silly tar     startBlockSize: 2048,
214 silly tar     blockRemain: 0,
214 silly tar     remain: 0,
214 silly tar     type: 'File',
214 silly tar     meta: false,
214 silly tar     ignore: false,
214 silly tar     path: 'dist/web-extension-esm2017/src/api/account_management/account.d.ts',
214 silly tar     mode: 438,
214 silly tar     uid: undefined,
214 silly tar     gid: undefined,
214 silly tar     uname: '',
214 silly tar     gname: '',
214 silly tar     size: 2020,
214 silly tar     mtime: 1985-10-26T08:15:00.000Z,
214 silly tar     atime: undefined,
214 silly tar     ctime: undefined,
214 silly tar     linkpath: undefined,
214 silly tar     dev: undefined,
214 silly tar     ino: undefined,
214 silly tar     nlink: undefined,
214 silly tar     invalid: false,
214 silly tar     absolute: 'E:/Soni_Navratri/node_modules/firebase/node_modules/@firebase/auth/dist/web-extension-esm2017/src/api/account_management/account.d.ts',
214 silly tar     unsupported: false,
214 silly tar     Symbol(shapeMode): false,
214 silly tar     Symbol(kCapture): false,
214 silly tar     Symbol(flowing): false,
214 silly tar     Symbol(paused): true,
214 silly tar     Symbol(pipes): [],
214 silly tar     Symbol(buffer): [
214 silly tar       <Buffer 2f 2a 2a 0d 0a 20 2a 20 40 6c 69 63 65 6e 73 65 0d 0a 20 2a 20 43 6f 70 79 72 69 67 68 74 20 32 30 32 30 20 47 6f 6f 67 6c 65 20 4c 4c 43 0d 0a 20 2a ... 1970 more bytes>
214 silly tar     ],
214 silly tar     Symbol(objectMode): false,
214 silly tar     Symbol(encoding): null,
214 silly tar     Symbol(async): false,
214 silly tar     Symbol(decoder): null,
214 silly tar     Symbol(EOF): true,
214 silly tar     Symbol(emittedEnd): false,
214 silly tar     Symbol(emittingEnd): false,
214 silly tar     Symbol(closed): false,
214 silly tar     Symbol(emittedError): null,
214 silly tar     Symbol(bufferLength): 2020,
214 silly tar     Symbol(destroyed): false,
214 silly tar     Symbol(signal): undefined,
214 silly tar     Symbol(aborted): false,
214 silly tar     Symbol(dataListeners): 0,
214 silly tar     Symbol(discarded): false
214 silly tar   },
214 silly tar   cwd: 'E:/Soni_Navratri/node_modules/firebase/node_modules/@firebase/auth',
214 silly tar   tarCode: 'TAR_ENTRY_ERROR'
214 silly tar }
215 warn tar TAR_ENTRY_ERROR ENOENT: no such file or directory, lstat 'E:\Soni_Navratri\node_modules\firebase\node_modules\@firebase\auth\dist'
216 silly tar TAR_ENTRY_ERROR ENOENT: no such file or directory, lstat 'E:\Soni_Navratri\node_modules\firebase\node_modules\@firebase\auth\dist' [Error: ENOENT: no such file or directory, lstat 'E:\Soni_Navratri\node_modules\firebase\node_modules\@firebase\auth\dist'] {
216 silly tar   errno: -4058,
216 silly tar   code: 'ENOENT',
216 silly tar   syscall: 'lstat',
216 silly tar   path: 'E:/Soni_Navratri/node_modules/firebase/node_modules/@firebase/auth/dist',
216 silly tar   entry: Is {
216 silly tar     _events: [Object: null prototype] { end: [Function (anonymous)] },
216 silly tar     _eventsCount: 1,
216 silly tar     _maxListeners: undefined,
216 silly tar     writable: false,
216 silly tar     readable: true,
216 silly tar     extended: undefined,
216 silly tar     globalExtended: undefined,
216 silly tar     header: Ls {
216 silly tar       cksumValid: true,
216 silly tar       needPax: false,
216 silly tar       nullBlock: false,
216 silly tar       block: undefined,
216 silly tar       path: 'package/dist/browser-cjs/src/api/account_management/account.test.d.ts',
216 silly tar       mode: 420,
216 silly tar       uid: undefined,
216 silly tar       gid: undefined,
216 silly tar       size: 633,
216 silly tar       cksum: 9775,
216 silly tar       linkpath: '',
216 silly tar       uname: '',
216 silly tar       gname: '',
216 silly tar       devmaj: 0,
216 silly tar       devmin: 0,
216 silly tar       atime: undefined,
216 silly tar       ctime: undefined,
216 silly tar       mtime: 1985-10-26T08:15:00.000Z,
216 silly tar       charset: undefined,
216 silly tar       comment: undefined
216 silly tar     },
216 silly tar     startBlockSize: 1024,
216 silly tar     blockRemain: 0,
216 silly tar     remain: 0,
216 silly tar     type: 'File',
216 silly tar     meta: false,
216 silly tar     ignore: false,
216 silly tar     path: 'dist/browser-cjs/src/api/account_management/account.test.d.ts',
216 silly tar     mode: 438,
216 silly tar     uid: undefined,
216 silly tar     gid: undefined,
216 silly tar     uname: '',
216 silly tar     gname: '',
216 silly tar     size: 633,
216 silly tar     mtime: 1985-10-26T08:15:00.000Z,
216 silly tar     atime: undefined,
216 silly tar     ctime: undefined,
216 silly tar     linkpath: undefined,
216 silly tar     dev: undefined,
216 silly tar     ino: undefined,
216 silly tar     nlink: undefined,
216 silly tar     invalid: false,
216 silly tar     absolute: 'E:/Soni_Navratri/node_modules/firebase/node_modules/@firebase/auth/dist/browser-cjs/src/api/account_management/account.test.d.ts',
216 silly tar     unsupported: false,
216 silly tar     Symbol(shapeMode): false,
216 silly tar     Symbol(kCapture): false,
216 silly tar     Symbol(flowing): false,
216 silly tar     Symbol(paused): true,
216 silly tar     Symbol(pipes): [],
216 silly tar     Symbol(buffer): [
216 silly tar       <Buffer 2f 2a 2a 0d 0a 20 2a 20 40 6c 69 63 65 6e 73 65 0d 0a 20 2a 20 43 6f 70 79 72 69 67 68 74 20 32 30 32 30 20 47 6f 6f 67 6c 65 20 4c 4c 43 0d 0a 20 2a ... 583 more bytes>
216 silly tar     ],
216 silly tar     Symbol(objectMode): false,
216 silly tar     Symbol(encoding): null,
216 silly tar     Symbol(async): false,
216 silly tar     Symbol(decoder): null,
216 silly tar     Symbol(EOF): true,
216 silly tar     Symbol(emittedEnd): false,
216 silly tar     Symbol(emittingEnd): false,
216 silly tar     Symbol(closed): false,
216 silly tar     Symbol(emittedError): null,
216 silly tar     Symbol(bufferLength): 633,
216 silly tar     Symbol(destroyed): false,
216 silly tar     Symbol(signal): undefined,
216 silly tar     Symbol(aborted): false,
216 silly tar     Symbol(dataListeners): 0,
216 silly tar     Symbol(discarded): false
216 silly tar   },
216 silly tar   cwd: 'E:/Soni_Navratri/node_modules/firebase/node_modules/@firebase/auth',
216 silly tar   tarCode: 'TAR_ENTRY_ERROR'
216 silly tar }
217 warn tar TAR_ENTRY_ERROR ENOENT: no such file or directory, lstat 'E:\Soni_Navratri\node_modules\firebase\node_modules\@firebase\auth\dist'
218 silly tar TAR_ENTRY_ERROR ENOENT: no such file or directory, lstat 'E:\Soni_Navratri\node_modules\firebase\node_modules\@firebase\auth\dist' [Error: ENOENT: no such file or directory, lstat 'E:\Soni_Navratri\node_modules\firebase\node_modules\@firebase\auth\dist'] {
218 silly tar   errno: -4058,
218 silly tar   code: 'ENOENT',
218 silly tar   syscall: 'lstat',
218 silly tar   path: 'E:/Soni_Navratri/node_modules/firebase/node_modules/@firebase/auth/dist',
218 silly tar   entry: Is {
218 silly tar     _events: [Object: null prototype] { end: [Function (anonymous)] },
218 silly tar     _eventsCount: 1,
218 silly tar     _maxListeners: undefined,
218 silly tar     writable: false,
218 silly tar     readable: true,
218 silly tar     extended: undefined,
218 silly tar     globalExtended: undefined,
218 silly tar     header: Ls {
218 silly tar       cksumValid: true,
218 silly tar       needPax: false,
218 silly tar       nullBlock: false,
218 silly tar       block: undefined,
218 silly tar       path: 'package/dist/cordova/src/api/account_management/account.test.d.ts',
218 silly tar       mode: 420,
218 silly tar       uid: undefined,
218 silly tar       gid: undefined,
218 silly tar       size: 633,
218 silly tar       cksum: 9388,
218 silly tar       linkpath: '',
218 silly tar       uname: '',
218 silly tar       gname: '',
218 silly tar       devmaj: 0,
218 silly tar       devmin: 0,
218 silly tar       atime: undefined,
218 silly tar       ctime: undefined,
218 silly tar       mtime: 1985-10-26T08:15:00.000Z,
218 silly tar       charset: undefined,
218 silly tar       comment: undefined
218 silly tar     },
218 silly tar     startBlockSize: 1024,
218 silly tar     blockRemain: 0,
218 silly tar     remain: 0,
218 silly tar     type: 'File',
218 silly tar     meta: false,
218 silly tar     ignore: false,
218 silly tar     path: 'dist/cordova/src/api/account_management/account.test.d.ts',
218 silly tar     mode: 438,
218 silly tar     uid: undefined,
218 silly tar     gid: undefined,
218 silly tar     uname: '',
218 silly tar     gname: '',
218 silly tar     size: 633,
218 silly tar     mtime: 1985-10-26T08:15:00.000Z,
218 silly tar     atime: undefined,
218 silly tar     ctime: undefined,
218 silly tar     linkpath: undefined,
218 silly tar     dev: undefined,
218 silly tar     ino: undefined,
218 silly tar     nlink: undefined,
218 silly tar     invalid: false,
218 silly tar     absolute: 'E:/Soni_Navratri/node_modules/firebase/node_modules/@firebase/auth/dist/cordova/src/api/account_management/account.test.d.ts',
218 silly tar     unsupported: false,
218 silly tar     Symbol(shapeMode): false,
218 silly tar     Symbol(kCapture): false,
218 silly tar     Symbol(flowing): false,
218 silly tar     Symbol(paused): true,
218 silly tar     Symbol(pipes): [],
218 silly tar     Symbol(buffer): [
218 silly tar       <Buffer 2f 2a 2a 0d 0a 20 2a 20 40 6c 69 63 65 6e 73 65 0d 0a 20 2a 20 43 6f 70 79 72 69 67 68 74 20 32 30 32 30 20 47 6f 6f 67 6c 65 20 4c 4c 43 0d 0a 20 2a ... 583 more bytes>
218 silly tar     ],
218 silly tar     Symbol(objectMode): false,
218 silly tar     Symbol(encoding): null,
218 silly tar     Symbol(async): false,
218 silly tar     Symbol(decoder): null,
218 silly tar     Symbol(EOF): true,
218 silly tar     Symbol(emittedEnd): false,
218 silly tar     Symbol(emittingEnd): false,
218 silly tar     Symbol(closed): false,
218 silly tar     Symbol(emittedError): null,
218 silly tar     Symbol(bufferLength): 633,
218 silly tar     Symbol(destroyed): false,
218 silly tar     Symbol(signal): undefined,
218 silly tar     Symbol(aborted): false,
218 silly tar     Symbol(dataListeners): 0,
218 silly tar     Symbol(discarded): false
218 silly tar   },
218 silly tar   cwd: 'E:/Soni_Navratri/node_modules/firebase/node_modules/@firebase/auth',
218 silly tar   tarCode: 'TAR_ENTRY_ERROR'
218 silly tar }
219 warn tar TAR_ENTRY_ERROR ENOENT: no such file or directory, lstat 'E:\Soni_Navratri\node_modules\firebase\node_modules\@firebase\auth\dist'
220 silly tar TAR_ENTRY_ERROR ENOENT: no such file or directory, lstat 'E:\Soni_Navratri\node_modules\firebase\node_modules\@firebase\auth\dist' [Error: ENOENT: no such file or directory, lstat 'E:\Soni_Navratri\node_modules\firebase\node_modules\@firebase\auth\dist'] {
220 silly tar   errno: -4058,
220 silly tar   code: 'ENOENT',
220 silly tar   syscall: 'lstat',
220 silly tar   path: 'E:/Soni_Navratri/node_modules/firebase/node_modules/@firebase/auth/dist',
220 silly tar   entry: Is {
220 silly tar     _events: [Object: null prototype] { end: [Function (anonymous)] },
220 silly tar     _eventsCount: 1,
220 silly tar     _maxListeners: undefined,
220 silly tar     writable: false,
220 silly tar     readable: true,
220 silly tar     extended: undefined,
220 silly tar     globalExtended: undefined,
220 silly tar     header: Ls {
220 silly tar       cksumValid: true,
220 silly tar       needPax: false,
220 silly tar       nullBlock: false,
220 silly tar       block: undefined,
220 silly tar       path: 'package/dist/esm2017/src/api/account_management/account.test.d.ts',
220 silly tar       mode: 420,
220 silly tar       uid: undefined,
220 silly tar       gid: undefined,
220 silly tar       size: 633,
220 silly tar       cksum: 9165,
220 silly tar       linkpath: '',
220 silly tar       uname: '',
220 silly tar       gname: '',
220 silly tar       devmaj: 0,
220 silly tar       devmin: 0,
220 silly tar       atime: undefined,
220 silly tar       ctime: undefined,
220 silly tar       mtime: 1985-10-26T08:15:00.000Z,
220 silly tar       charset: undefined,
220 silly tar       comment: undefined
220 silly tar     },
220 silly tar     startBlockSize: 1024,
220 silly tar     blockRemain: 0,
220 silly tar     remain: 0,
220 silly tar     type: 'File',
220 silly tar     meta: false,
220 silly tar     ignore: false,
220 silly tar     path: 'dist/esm2017/src/api/account_management/account.test.d.ts',
220 silly tar     mode: 438,
220 silly tar     uid: undefined,
220 silly tar     gid: undefined,
220 silly tar     uname: '',
220 silly tar     gname: '',
220 silly tar     size: 633,
220 silly tar     mtime: 1985-10-26T08:15:00.000Z,
220 silly tar     atime: undefined,
220 silly tar     ctime: undefined,
220 silly tar     linkpath: undefined,
220 silly tar     dev: undefined,
220 silly tar     ino: undefined,
220 silly tar     nlink: undefined,
220 silly tar     invalid: false,
220 silly tar     absolute: 'E:/Soni_Navratri/node_modules/firebase/node_modules/@firebase/auth/dist/esm2017/src/api/account_management/account.test.d.ts',
220 silly tar     unsupported: false,
220 silly tar     Symbol(shapeMode): false,
220 silly tar     Symbol(kCapture): false,
220 silly tar     Symbol(flowing): false,
220 silly tar     Symbol(paused): true,
220 silly tar     Symbol(pipes): [],
220 silly tar     Symbol(buffer): [
220 silly tar       <Buffer 2f 2a 2a 0d 0a 20 2a 20 40 6c 69 63 65 6e 73 65 0d 0a 20 2a 20 43 6f 70 79 72 69 67 68 74 20 32 30 32 30 20 47 6f 6f 67 6c 65 20 4c 4c 43 0d 0a 20 2a ... 583 more bytes>
220 silly tar     ],
220 silly tar     Symbol(objectMode): false,
220 silly tar     Symbol(encoding): null,
220 silly tar     Symbol(async): false,
220 silly tar     Symbol(decoder): null,
220 silly tar     Symbol(EOF): true,
220 silly tar     Symbol(emittedEnd): false,
220 silly tar     Symbol(emittingEnd): false,
220 silly tar     Symbol(closed): false,
220 silly tar     Symbol(emittedError): null,
220 silly tar     Symbol(bufferLength): 633,
220 silly tar     Symbol(destroyed): false,
220 silly tar     Symbol(signal): undefined,
220 silly tar     Symbol(aborted): false,
220 silly tar     Symbol(dataListeners): 0,
220 silly tar     Symbol(discarded): false
220 silly tar   },
220 silly tar   cwd: 'E:/Soni_Navratri/node_modules/firebase/node_modules/@firebase/auth',
220 silly tar   tarCode: 'TAR_ENTRY_ERROR'
220 silly tar }
221 warn tar TAR_ENTRY_ERROR ENOENT: no such file or directory, lstat 'E:\Soni_Navratri\node_modules\firebase\node_modules\@firebase\auth\dist'
222 silly tar TAR_ENTRY_ERROR ENOENT: no such file or directory, lstat 'E:\Soni_Navratri\node_modules\firebase\node_modules\@firebase\auth\dist' [Error: ENOENT: no such file or directory, lstat 'E:\Soni_Navratri\node_modules\firebase\node_modules\@firebase\auth\dist'] {
222 silly tar   errno: -4058,
222 silly tar   code: 'ENOENT',
222 silly tar   syscall: 'lstat',
222 silly tar   path: 'E:/Soni_Navratri/node_modules/firebase/node_modules/@firebase/auth/dist',
222 silly tar   entry: Is {
222 silly tar     _events: [Object: null prototype] { end: [Function (anonymous)] },
222 silly tar     _eventsCount: 1,
222 silly tar     _maxListeners: undefined,
222 silly tar     writable: false,
222 silly tar     readable: true,
222 silly tar     extended: undefined,
222 silly tar     globalExtended: undefined,
222 silly tar     header: Ls {
222 silly tar       cksumValid: true,
222 silly tar       needPax: false,
222 silly tar       nullBlock: false,
222 silly tar       block: undefined,
222 silly tar       path: 'package/dist/esm5/src/api/account_management/account.test.d.ts',
222 silly tar       mode: 420,
222 silly tar       uid: undefined,
222 silly tar       gid: undefined,
222 silly tar       size: 633,
222 silly tar       cksum: 9016,
222 silly tar       linkpath: '',
222 silly tar       uname: '',
222 silly tar       gname: '',
222 silly tar       devmaj: 0,
222 silly tar       devmin: 0,
222 silly tar       atime: undefined,
222 silly tar       ctime: undefined,
222 silly tar       mtime: 1985-10-26T08:15:00.000Z,
222 silly tar       charset: undefined,
222 silly tar       comment: undefined
222 silly tar     },
222 silly tar     startBlockSize: 1024,
222 silly tar     blockRemain: 0,
222 silly tar     remain: 0,
222 silly tar     type: 'File',
222 silly tar     meta: false,
222 silly tar     ignore: false,
222 silly tar     path: 'dist/esm5/src/api/account_management/account.test.d.ts',
222 silly tar     mode: 438,
222 silly tar     uid: undefined,
222 silly tar     gid: undefined,
222 silly tar     uname: '',
222 silly tar     gname: '',
222 silly tar     size: 633,
222 silly tar     mtime: 1985-10-26T08:15:00.000Z,
222 silly tar     atime: undefined,
222 silly tar     ctime: undefined,
222 silly tar     linkpath: undefined,
222 silly tar     dev: undefined,
222 silly tar     ino: undefined,
222 silly tar     nlink: undefined,
222 silly tar     invalid: false,
222 silly tar     absolute: 'E:/Soni_Navratri/node_modules/firebase/node_modules/@firebase/auth/dist/esm5/src/api/account_management/account.test.d.ts',
222 silly tar     unsupported: false,
222 silly tar     Symbol(shapeMode): false,
222 silly tar     Symbol(kCapture): false,
222 silly tar     Symbol(flowing): false,
222 silly tar     Symbol(paused): true,
222 silly tar     Symbol(pipes): [],
222 silly tar     Symbol(buffer): [
222 silly tar       <Buffer 2f 2a 2a 0d 0a 20 2a 20 40 6c 69 63 65 6e 73 65 0d 0a 20 2a 20 43 6f 70 79 72 69 67 68 74 20 32 30 32 30 20 47 6f 6f 67 6c 65 20 4c 4c 43 0d 0a 20 2a ... 583 more bytes>
222 silly tar     ],
222 silly tar     Symbol(objectMode): false,
222 silly tar     Symbol(encoding): null,
222 silly tar     Symbol(async): false,
222 silly tar     Symbol(decoder): null,
222 silly tar     Symbol(EOF): true,
222 silly tar     Symbol(emittedEnd): false,
222 silly tar     Symbol(emittingEnd): false,
222 silly tar     Symbol(closed): false,
222 silly tar     Symbol(emittedError): null,
222 silly tar     Symbol(bufferLength): 633,
222 silly tar     Symbol(destroyed): false,
222 silly tar     Symbol(signal): undefined,
222 silly tar     Symbol(aborted): false,
222 silly tar     Symbol(dataListeners): 0,
222 silly tar     Symbol(discarded): false
222 silly tar   },
222 silly tar   cwd: 'E:/Soni_Navratri/node_modules/firebase/node_modules/@firebase/auth',
222 silly tar   tarCode: 'TAR_ENTRY_ERROR'
222 silly tar }
223 warn tar TAR_ENTRY_ERROR ENOENT: no such file or directory, lstat 'E:\Soni_Navratri\node_modules\firebase\node_modules\@firebase\auth\dist'
224 silly tar TAR_ENTRY_ERROR ENOENT: no such file or directory, lstat 'E:\Soni_Navratri\node_modules\firebase\node_modules\@firebase\auth\dist' [Error: ENOENT: no such file or directory, lstat 'E:\Soni_Navratri\node_modules\firebase\node_modules\@firebase\auth\dist'] {
224 silly tar   errno: -4058,
224 silly tar   code: 'ENOENT',
224 silly tar   syscall: 'lstat',
224 silly tar   path: 'E:/Soni_Navratri/node_modules/firebase/node_modules/@firebase/auth/dist',
224 silly tar   entry: Is {
224 silly tar     _events: [Object: null prototype] { end: [Function (anonymous)] },
224 silly tar     _eventsCount: 1,
224 silly tar     _maxListeners: undefined,
224 silly tar     writable: false,
224 silly tar     readable: true,
224 silly tar     extended: undefined,
224 silly tar     globalExtended: undefined,
224 silly tar     header: Ls {
224 silly tar       cksumValid: true,
224 silly tar       needPax: false,
224 silly tar       nullBlock: false,
224 silly tar       block: undefined,
224 silly tar       path: 'package/dist/node-esm/src/api/account_management/account.test.d.ts',
224 silly tar       mode: 420,
224 silly tar       uid: undefined,
224 silly tar       gid: undefined,
224 silly tar       size: 633,
224 silly tar       cksum: 9430,
224 silly tar       linkpath: '',
224 silly tar       uname: '',
224 silly tar       gname: '',
224 silly tar       devmaj: 0,
224 silly tar       devmin: 0,
224 silly tar       atime: undefined,
224 silly tar       ctime: undefined,
224 silly tar       mtime: 1985-10-26T08:15:00.000Z,
224 silly tar       charset: undefined,
224 silly tar       comment: undefined
224 silly tar     },
224 silly tar     startBlockSize: 1024,
224 silly tar     blockRemain: 0,
224 silly tar     remain: 0,
224 silly tar     type: 'File',
224 silly tar     meta: false,
224 silly tar     ignore: false,
224 silly tar     path: 'dist/node-esm/src/api/account_management/account.test.d.ts',
224 silly tar     mode: 438,
224 silly tar     uid: undefined,
224 silly tar     gid: undefined,
224 silly tar     uname: '',
224 silly tar     gname: '',
224 silly tar     size: 633,
224 silly tar     mtime: 1985-10-26T08:15:00.000Z,
224 silly tar     atime: undefined,
224 silly tar     ctime: undefined,
224 silly tar     linkpath: undefined,
224 silly tar     dev: undefined,
224 silly tar     ino: undefined,
224 silly tar     nlink: undefined,
224 silly tar     invalid: false,
224 silly tar     absolute: 'E:/Soni_Navratri/node_modules/firebase/node_modules/@firebase/auth/dist/node-esm/src/api/account_management/account.test.d.ts',
224 silly tar     unsupported: false,
224 silly tar     Symbol(shapeMode): false,
224 silly tar     Symbol(kCapture): false,
224 silly tar     Symbol(flowing): false,
224 silly tar     Symbol(paused): true,
224 silly tar     Symbol(pipes): [],
224 silly tar     Symbol(buffer): [
224 silly tar       <Buffer 2f 2a 2a 0d 0a 20 2a 20 40 6c 69 63 65 6e 73 65 0d 0a 20 2a 20 43 6f 70 79 72 69 67 68 74 20 32 30 32 30 20 47 6f 6f 67 6c 65 20 4c 4c 43 0d 0a 20 2a ... 583 more bytes>
224 silly tar     ],
224 silly tar     Symbol(objectMode): false,
224 silly tar     Symbol(encoding): null,
224 silly tar     Symbol(async): false,
224 silly tar     Symbol(decoder): null,
224 silly tar     Symbol(EOF): true,
224 silly tar     Symbol(emittedEnd): false,
224 silly tar     Symbol(emittingEnd): false,
224 silly tar     Symbol(closed): false,
224 silly tar     Symbol(emittedError): null,
224 silly tar     Symbol(bufferLength): 633,
224 silly tar     Symbol(destroyed): false,
224 silly tar     Symbol(signal): undefined,
224 silly tar     Symbol(aborted): false,
224 silly tar     Symbol(dataListeners): 0,
224 silly tar     Symbol(discarded): false
224 silly tar   },
224 silly tar   cwd: 'E:/Soni_Navratri/node_modules/firebase/node_modules/@firebase/auth',
224 silly tar   tarCode: 'TAR_ENTRY_ERROR'
224 silly tar }
225 warn tar TAR_ENTRY_ERROR ENOENT: no such file or directory, lstat 'E:\Soni_Navratri\node_modules\firebase\node_modules\@firebase\auth\dist'
226 silly tar TAR_ENTRY_ERROR ENOENT: no such file or directory, lstat 'E:\Soni_Navratri\node_modules\firebase\node_modules\@firebase\auth\dist' [Error: ENOENT: no such file or directory, lstat 'E:\Soni_Navratri\node_modules\firebase\node_modules\@firebase\auth\dist'] {
226 silly tar   errno: -4058,
226 silly tar   code: 'ENOENT',
226 silly tar   syscall: 'lstat',
226 silly tar   path: 'E:/Soni_Navratri/node_modules/firebase/node_modules/@firebase/auth/dist',
226 silly tar   entry: Is {
226 silly tar     _events: [Object: null prototype] { end: [Function (anonymous)] },
226 silly tar     _eventsCount: 1,
226 silly tar     _maxListeners: undefined,
226 silly tar     writable: false,
226 silly tar     readable: true,
226 silly tar     extended: undefined,
226 silly tar     globalExtended: undefined,
226 silly tar     header: Ls {
226 silly tar       cksumValid: true,
226 silly tar       needPax: false,
226 silly tar       nullBlock: false,
226 silly tar       block: undefined,
226 silly tar       path: 'package/dist/node/src/api/account_management/account.test.d.ts',
226 silly tar       mode: 420,
226 silly tar       uid: undefined,
226 silly tar       gid: undefined,
226 silly tar       size: 633,
226 silly tar       cksum: 9060,
226 silly tar       linkpath: '',
226 silly tar       uname: '',
226 silly tar       gname: '',
226 silly tar       devmaj: 0,
226 silly tar       devmin: 0,
226 silly tar       atime: undefined,
226 silly tar       ctime: undefined,
226 silly tar       mtime: 1985-10-26T08:15:00.000Z,
226 silly tar       charset: undefined,
226 silly tar       comment: undefined
226 silly tar     },
226 silly tar     startBlockSize: 1024,
226 silly tar     blockRemain: 0,
226 silly tar     remain: 0,
226 silly tar     type: 'File',
226 silly tar     meta: false,
226 silly tar     ignore: false,
226 silly tar     path: 'dist/node/src/api/account_management/account.test.d.ts',
226 silly tar     mode: 438,
226 silly tar     uid: undefined,
226 silly tar     gid: undefined,
226 silly tar     uname: '',
226 silly tar     gname: '',
226 silly tar     size: 633,
226 silly tar     mtime: 1985-10-26T08:15:00.000Z,
226 silly tar     atime: undefined,
226 silly tar     ctime: undefined,
226 silly tar     linkpath: undefined,
226 silly tar     dev: undefined,
226 silly tar     ino: undefined,
226 silly tar     nlink: undefined,
226 silly tar     invalid: false,
226 silly tar     absolute: 'E:/Soni_Navratri/node_modules/firebase/node_modules/@firebase/auth/dist/node/src/api/account_management/account.test.d.ts',
226 silly tar     unsupported: false,
226 silly tar     Symbol(shapeMode): false,
226 silly tar     Symbol(kCapture): false,
226 silly tar     Symbol(flowing): false,
226 silly tar     Symbol(paused): true,
226 silly tar     Symbol(pipes): [],
226 silly tar     Symbol(buffer): [
226 silly tar       <Buffer 2f 2a 2a 0d 0a 20 2a 20 40 6c 69 63 65 6e 73 65 0d 0a 20 2a 20 43 6f 70 79 72 69 67 68 74 20 32 30 32 30 20 47 6f 6f 67 6c 65 20 4c 4c 43 0d 0a 20 2a ... 583 more bytes>
226 silly tar     ],
226 silly tar     Symbol(objectMode): false,
226 silly tar     Symbol(encoding): null,
226 silly tar     Symbol(async): false,
226 silly tar     Symbol(decoder): null,
226 silly tar     Symbol(EOF): true,
226 silly tar     Symbol(emittedEnd): false,
226 silly tar     Symbol(emittingEnd): false,
226 silly tar     Symbol(closed): false,
226 silly tar     Symbol(emittedError): null,
226 silly tar     Symbol(bufferLength): 633,
226 silly tar     Symbol(destroyed): false,
226 silly tar     Symbol(signal): undefined,
226 silly tar     Symbol(aborted): false,
226 silly tar     Symbol(dataListeners): 0,
226 silly tar     Symbol(discarded): false
226 silly tar   },
226 silly tar   cwd: 'E:/Soni_Navratri/node_modules/firebase/node_modules/@firebase/auth',
226 silly tar   tarCode: 'TAR_ENTRY_ERROR'
226 silly tar }
227 warn tar TAR_ENTRY_ERROR ENOENT: no such file or directory, lstat 'E:\Soni_Navratri\node_modules\firebase\node_modules\@firebase\auth\dist'
228 silly tar TAR_ENTRY_ERROR ENOENT: no such file or directory, lstat 'E:\Soni_Navratri\node_modules\firebase\node_modules\@firebase\auth\dist' [Error: ENOENT: no such file or directory, lstat 'E:\Soni_Navratri\node_modules\firebase\node_modules\@firebase\auth\dist'] {
228 silly tar   errno: -4058,
228 silly tar   code: 'ENOENT',
228 silly tar   syscall: 'lstat',
228 silly tar   path: 'E:/Soni_Navratri/node_modules/firebase/node_modules/@firebase/auth/dist',
228 silly tar   entry: Is {
228 silly tar     _events: [Object: null prototype] { end: [Function (anonymous)] },
228 silly tar     _eventsCount: 1,
228 silly tar     _maxListeners: undefined,
228 silly tar     writable: false,
228 silly tar     readable: true,
228 silly tar     extended: undefined,
228 silly tar     globalExtended: undefined,
228 silly tar     header: Ls {
228 silly tar       cksumValid: true,
228 silly tar       needPax: false,
228 silly tar       nullBlock: false,
228 silly tar       block: undefined,
228 silly tar       path: 'package/dist/rn/src/api/account_management/account.test.d.ts',
228 silly tar       mode: 420,
228 silly tar       uid: undefined,
228 silly tar       gid: undefined,
228 silly tar       size: 633,
228 silly tar       cksum: 8862,
228 silly tar       linkpath: '',
228 silly tar       uname: '',
228 silly tar       gname: '',
228 silly tar       devmaj: 0,
228 silly tar       devmin: 0,
228 silly tar       atime: undefined,
228 silly tar       ctime: undefined,
228 silly tar       mtime: 1985-10-26T08:15:00.000Z,
228 silly tar       charset: undefined,
228 silly tar       comment: undefined
228 silly tar     },
228 silly tar     startBlockSize: 1024,
228 silly tar     blockRemain: 0,
228 silly tar     remain: 0,
228 silly tar     type: 'File',
228 silly tar     meta: false,
228 silly tar     ignore: false,
228 silly tar     path: 'dist/rn/src/api/account_management/account.test.d.ts',
228 silly tar     mode: 438,
228 silly tar     uid: undefined,
228 silly tar     gid: undefined,
228 silly tar     uname: '',
228 silly tar     gname: '',
228 silly tar     size: 633,
228 silly tar     mtime: 1985-10-26T08:15:00.000Z,
228 silly tar     atime: undefined,
228 silly tar     ctime: undefined,
228 silly tar     linkpath: undefined,
228 silly tar     dev: undefined,
228 silly tar     ino: undefined,
228 silly tar     nlink: undefined,
228 silly tar     invalid: false,
228 silly tar     absolute: 'E:/Soni_Navratri/node_modules/firebase/node_modules/@firebase/auth/dist/rn/src/api/account_management/account.test.d.ts',
228 silly tar     unsupported: false,
228 silly tar     Symbol(shapeMode): false,
228 silly tar     Symbol(kCapture): false,
228 silly tar     Symbol(flowing): false,
228 silly tar     Symbol(paused): true,
228 silly tar     Symbol(pipes): [],
228 silly tar     Symbol(buffer): [
228 silly tar       <Buffer 2f 2a 2a 0d 0a 20 2a 20 40 6c 69 63 65 6e 73 65 0d 0a 20 2a 20 43 6f 70 79 72 69 67 68 74 20 32 30 32 30 20 47 6f 6f 67 6c 65 20 4c 4c 43 0d 0a 20 2a ... 583 more bytes>
228 silly tar     ],
228 silly tar     Symbol(objectMode): false,
228 silly tar     Symbol(encoding): null,
228 silly tar     Symbol(async): false,
228 silly tar     Symbol(decoder): null,
228 silly tar     Symbol(EOF): true,
228 silly tar     Symbol(emittedEnd): false,
228 silly tar     Symbol(emittingEnd): false,
228 silly tar     Symbol(closed): false,
228 silly tar     Symbol(emittedError): null,
228 silly tar     Symbol(bufferLength): 633,
228 silly tar     Symbol(destroyed): false,
228 silly tar     Symbol(signal): undefined,
228 silly tar     Symbol(aborted): false,
228 silly tar     Symbol(dataListeners): 0,
228 silly tar     Symbol(discarded): false
228 silly tar   },
228 silly tar   cwd: 'E:/Soni_Navratri/node_modules/firebase/node_modules/@firebase/auth',
228 silly tar   tarCode: 'TAR_ENTRY_ERROR'
228 silly tar }
229 warn tar TAR_ENTRY_ERROR ENOENT: no such file or directory, lstat 'E:\Soni_Navratri\node_modules\firebase\node_modules\@firebase\auth\dist'
230 silly tar TAR_ENTRY_ERROR ENOENT: no such file or directory, lstat 'E:\Soni_Navratri\node_modules\firebase\node_modules\@firebase\auth\dist' [Error: ENOENT: no such file or directory, lstat 'E:\Soni_Navratri\node_modules\firebase\node_modules\@firebase\auth\dist'] {
230 silly tar   errno: -4058,
230 silly tar   code: 'ENOENT',
230 silly tar   syscall: 'lstat',
230 silly tar   path: 'E:/Soni_Navratri/node_modules/firebase/node_modules/@firebase/auth/dist',
230 silly tar   entry: Is {
230 silly tar     _events: [Object: null prototype] { end: [Function (anonymous)] },
230 silly tar     _eventsCount: 1,
230 silly tar     _maxListeners: undefined,
230 silly tar     writable: false,
230 silly tar     readable: true,
230 silly tar     extended: undefined,
230 silly tar     globalExtended: undefined,
230 silly tar     header: Ls {
230 silly tar       cksumValid: true,
230 silly tar       needPax: false,
230 silly tar       nullBlock: false,
230 silly tar       block: undefined,
230 silly tar       path: 'package/dist/src/api/account_management/account.test.d.ts',
230 silly tar       mode: 420,
230 silly tar       uid: undefined,
230 silly tar       gid: undefined,
230 silly tar       size: 633,
230 silly tar       cksum: 8591,
230 silly tar       linkpath: '',
230 silly tar       uname: '',
230 silly tar       gname: '',
230 silly tar       devmaj: 0,
230 silly tar       devmin: 0,
230 silly tar       atime: undefined,
230 silly tar       ctime: undefined,
230 silly tar       mtime: 1985-10-26T08:15:00.000Z,
230 silly tar       charset: undefined,
230 silly tar       comment: undefined
230 silly tar     },
230 silly tar     startBlockSize: 1024,
230 silly tar     blockRemain: 0,
230 silly tar     remain: 0,
230 silly tar     type: 'File',
230 silly tar     meta: false,
230 silly tar     ignore: false,
230 silly tar     path: 'dist/src/api/account_management/account.test.d.ts',
230 silly tar     mode: 438,
230 silly tar     uid: undefined,
230 silly tar     gid: undefined,
230 silly tar     uname: '',
230 silly tar     gname: '',
230 silly tar     size: 633,
230 silly tar     mtime: 1985-10-26T08:15:00.000Z,
230 silly tar     atime: undefined,
230 silly tar     ctime: undefined,
230 silly tar     linkpath: undefined,
230 silly tar     dev: undefined,
230 silly tar     ino: undefined,
230 silly tar     nlink: undefined,
230 silly tar     invalid: false,
230 silly tar     absolute: 'E:/Soni_Navratri/node_modules/firebase/node_modules/@firebase/auth/dist/src/api/account_management/account.test.d.ts',
230 silly tar     unsupported: false,
230 silly tar     Symbol(shapeMode): false,
230 silly tar     Symbol(kCapture): false,
230 silly tar     Symbol(flowing): false,
230 silly tar     Symbol(paused): true,
230 silly tar     Symbol(pipes): [],
230 silly tar     Symbol(buffer): [
230 silly tar       <Buffer 2f 2a 2a 0d 0a 20 2a 20 40 6c 69 63 65 6e 73 65 0d 0a 20 2a 20 43 6f 70 79 72 69 67 68 74 20 32 30 32 30 20 47 6f 6f 67 6c 65 20 4c 4c 43 0d 0a 20 2a ... 583 more bytes>
230 silly tar     ],
230 silly tar     Symbol(objectMode): false,
230 silly tar     Symbol(encoding): null,
230 silly tar     Symbol(async): false,
230 silly tar     Symbol(decoder): null,
230 silly tar     Symbol(EOF): true,
230 silly tar     Symbol(emittedEnd): false,
230 silly tar     Symbol(emittingEnd): false,
230 silly tar     Symbol(closed): false,
230 silly tar     Symbol(emittedError): null,
230 silly tar     Symbol(bufferLength): 633,
230 silly tar     Symbol(destroyed): false,
230 silly tar     Symbol(signal): undefined,
230 silly tar     Symbol(aborted): false,
230 silly tar     Symbol(dataListeners): 0,
230 silly tar     Symbol(discarded): false
230 silly tar   },
230 silly tar   cwd: 'E:/Soni_Navratri/node_modules/firebase/node_modules/@firebase/auth',
230 silly tar   tarCode: 'TAR_ENTRY_ERROR'
230 silly tar }
231 warn tar TAR_ENTRY_ERROR ENOENT: no such file or directory, lstat 'E:\Soni_Navratri\node_modules\firebase\node_modules\@firebase\auth\dist'
232 silly tar TAR_ENTRY_ERROR ENOENT: no such file or directory, lstat 'E:\Soni_Navratri\node_modules\firebase\node_modules\@firebase\auth\dist' [Error: ENOENT: no such file or directory, lstat 'E:\Soni_Navratri\node_modules\firebase\node_modules\@firebase\auth\dist'] {
232 silly tar   errno: -4058,
232 silly tar   code: 'ENOENT',
232 silly tar   syscall: 'lstat',
232 silly tar   path: 'E:/Soni_Navratri/node_modules/firebase/node_modules/@firebase/auth/dist',
232 silly tar   entry: Is {
232 silly tar     _events: [Object: null prototype] { end: [Function (anonymous)] },
232 silly tar     _eventsCount: 1,
232 silly tar     _maxListeners: undefined,
232 silly tar     writable: false,
232 silly tar     readable: true,
232 silly tar     extended: undefined,
232 silly tar     globalExtended: undefined,
232 silly tar     header: Ls {
232 silly tar       cksumValid: true,
232 silly tar       needPax: false,
232 silly tar       nullBlock: false,
232 silly tar       block: undefined,
232 silly tar       path: 'package/dist/web-extension-cjs/src/api/account_management/account.test.d.ts',
232 silly tar       mode: 420,
232 silly tar       uid: undefined,
232 silly tar       gid: undefined,
232 silly tar       size: 633,
232 silly tar       cksum: 10355,
232 silly tar       linkpath: '',
232 silly tar       uname: '',
232 silly tar       gname: '',
232 silly tar       devmaj: 0,
232 silly tar       devmin: 0,
232 silly tar       atime: undefined,
232 silly tar       ctime: undefined,
232 silly tar       mtime: 1985-10-26T08:15:00.000Z,
232 silly tar       charset: undefined,
232 silly tar       comment: undefined
232 silly tar     },
232 silly tar     startBlockSize: 1024,
232 silly tar     blockRemain: 0,
232 silly tar     remain: 0,
232 silly tar     type: 'File',
232 silly tar     meta: false,
232 silly tar     ignore: false,
232 silly tar     path: 'dist/web-extension-cjs/src/api/account_management/account.test.d.ts',
232 silly tar     mode: 438,
232 silly tar     uid: undefined,
232 silly tar     gid: undefined,
232 silly tar     uname: '',
232 silly tar     gname: '',
232 silly tar     size: 633,
232 silly tar     mtime: 1985-10-26T08:15:00.000Z,
232 silly tar     atime: undefined,
232 silly tar     ctime: undefined,
232 silly tar     linkpath: undefined,
232 silly tar     dev: undefined,
232 silly tar     ino: undefined,
232 silly tar     nlink: undefined,
232 silly tar     invalid: false,
232 silly tar     absolute: 'E:/Soni_Navratri/node_modules/firebase/node_modules/@firebase/auth/dist/web-extension-cjs/src/api/account_management/account.test.d.ts',
232 silly tar     unsupported: false,
232 silly tar     Symbol(shapeMode): false,
232 silly tar     Symbol(kCapture): false,
232 silly tar     Symbol(flowing): false,
232 silly tar     Symbol(paused): true,
232 silly tar     Symbol(pipes): [],
232 silly tar     Symbol(buffer): [
232 silly tar       <Buffer 2f 2a 2a 0d 0a 20 2a 20 40 6c 69 63 65 6e 73 65 0d 0a 20 2a 20 43 6f 70 79 72 69 67 68 74 20 32 30 32 30 20 47 6f 6f 67 6c 65 20 4c 4c 43 0d 0a 20 2a ... 583 more bytes>
232 silly tar     ],
232 silly tar     Symbol(objectMode): false,
232 silly tar     Symbol(encoding): null,
232 silly tar     Symbol(async): false,
232 silly tar     Symbol(decoder): null,
232 silly tar     Symbol(EOF): true,
232 silly tar     Symbol(emittedEnd): false,
232 silly tar     Symbol(emittingEnd): false,
232 silly tar     Symbol(closed): false,
232 silly tar     Symbol(emittedError): null,
232 silly tar     Symbol(bufferLength): 633,
232 silly tar     Symbol(destroyed): false,
232 silly tar     Symbol(signal): undefined,
232 silly tar     Symbol(aborted): false,
232 silly tar     Symbol(dataListeners): 0,
232 silly tar     Symbol(discarded): false
232 silly tar   },
232 silly tar   cwd: 'E:/Soni_Navratri/node_modules/firebase/node_modules/@firebase/auth',
232 silly tar   tarCode: 'TAR_ENTRY_ERROR'
232 silly tar }
233 warn tar TAR_ENTRY_ERROR ENOENT: no such file or directory, lstat 'E:\Soni_Navratri\node_modules\firebase\node_modules\@firebase\auth\dist'
234 silly tar TAR_ENTRY_ERROR ENOENT: no such file or directory, lstat 'E:\Soni_Navratri\node_modules\firebase\node_modules\@firebase\auth\dist' [Error: ENOENT: no such file or directory, lstat 'E:\Soni_Navratri\node_modules\firebase\node_modules\@firebase\auth\dist'] {
234 silly tar   errno: -4058,
234 silly tar   code: 'ENOENT',
234 silly tar   syscall: 'lstat',
234 silly tar   path: 'E:/Soni_Navratri/node_modules/firebase/node_modules/@firebase/auth/dist',
234 silly tar   entry: Is {
234 silly tar     _events: [Object: null prototype] { end: [Function (anonymous)] },
234 silly tar     _eventsCount: 1,
234 silly tar     _maxListeners: undefined,
234 silly tar     writable: false,
234 silly tar     readable: true,
234 silly tar     extended: undefined,
234 silly tar     globalExtended: undefined,
234 silly tar     header: Ls {
234 silly tar       cksumValid: true,
234 silly tar       needPax: false,
234 silly tar       nullBlock: false,
234 silly tar       block: undefined,
234 silly tar       path: 'package/dist/web-extension-esm2017/src/api/account_management/account.test.d.ts',
234 silly tar       mode: 420,
234 silly tar       uid: undefined,
234 silly tar       gid: undefined,
234 silly tar       size: 633,
234 silly tar       cksum: 10562,
234 silly tar       linkpath: '',
234 silly tar       uname: '',
234 silly tar       gname: '',
234 silly tar       devmaj: 0,
234 silly tar       devmin: 0,
234 silly tar       atime: undefined,
234 silly tar       ctime: undefined,
234 silly tar       mtime: 1985-10-26T08:15:00.000Z,
234 silly tar       charset: undefined,
234 silly tar       comment: undefined
234 silly tar     },
234 silly tar     startBlockSize: 1024,
234 silly tar     blockRemain: 0,
234 silly tar     remain: 0,
234 silly tar     type: 'File',
234 silly tar     meta: false,
234 silly tar     ignore: false,
234 silly tar     path: 'dist/web-extension-esm2017/src/api/account_management/account.test.d.ts',
234 silly tar     mode: 438,
234 silly tar     uid: undefined,
234 silly tar     gid: undefined,
234 silly tar     uname: '',
234 silly tar     gname: '',
234 silly tar     size: 633,
234 silly tar     mtime: 1985-10-26T08:15:00.000Z,
234 silly tar     atime: undefined,
234 silly tar     ctime: undefined,
234 silly tar     linkpath: undefined,
234 silly tar     dev: undefined,
234 silly tar     ino: undefined,
234 silly tar     nlink: undefined,
234 silly tar     invalid: false,
234 silly tar     absolute: 'E:/Soni_Navratri/node_modules/firebase/node_modules/@firebase/auth/dist/web-extension-esm2017/src/api/account_management/account.test.d.ts',
234 silly tar     unsupported: false,
234 silly tar     Symbol(shapeMode): false,
234 silly tar     Symbol(kCapture): false,
234 silly tar     Symbol(flowing): false,
234 silly tar     Symbol(paused): true,
234 silly tar     Symbol(pipes): [],
234 silly tar     Symbol(buffer): [
234 silly tar       <Buffer 2f 2a 2a 0d 0a 20 2a 20 40 6c 69 63 65 6e 73 65 0d 0a 20 2a 20 43 6f 70 79 72 69 67 68 74 20 32 30 32 30 20 47 6f 6f 67 6c 65 20 4c 4c 43 0d 0a 20 2a ... 583 more bytes>
234 silly tar     ],
234 silly tar     Symbol(objectMode): false,
234 silly tar     Symbol(encoding): null,
234 silly tar     Symbol(async): false,
234 silly tar     Symbol(decoder): null,
234 silly tar     Symbol(EOF): true,
234 silly tar     Symbol(emittedEnd): false,
234 silly tar     Symbol(emittingEnd): false,
234 silly tar     Symbol(closed): false,
234 silly tar     Symbol(emittedError): null,
234 silly tar     Symbol(bufferLength): 633,
234 silly tar     Symbol(destroyed): false,
234 silly tar     Symbol(signal): undefined,
234 silly tar     Symbol(aborted): false,
234 silly tar     Symbol(dataListeners): 0,
234 silly tar     Symbol(discarded): false
234 silly tar   },
234 silly tar   cwd: 'E:/Soni_Navratri/node_modules/firebase/node_modules/@firebase/auth',
234 silly tar   tarCode: 'TAR_ENTRY_ERROR'
234 silly tar }
235 warn tar TAR_ENTRY_ERROR ENOENT: no such file or directory, lstat 'E:\Soni_Navratri\node_modules\firebase\node_modules\@firebase\auth\dist'
236 silly tar TAR_ENTRY_ERROR ENOENT: no such file or directory, lstat 'E:\Soni_Navratri\node_modules\firebase\node_modules\@firebase\auth\dist' [Error: ENOENT: no such file or directory, lstat 'E:\Soni_Navratri\node_modules\firebase\node_modules\@firebase\auth\dist'] {
236 silly tar   errno: -4058,
236 silly tar   code: 'ENOENT',
236 silly tar   syscall: 'lstat',
236 silly tar   path: 'E:/Soni_Navratri/node_modules/firebase/node_modules/@firebase/auth/dist',
236 silly tar   entry: Is {
236 silly tar     _events: [Object: null prototype] { end: [Function (anonymous)] },
236 silly tar     _eventsCount: 1,
236 silly tar     _maxListeners: undefined,
236 silly tar     writable: false,
236 silly tar     readable: true,
236 silly tar     extended: undefined,
236 silly tar     globalExtended: undefined,
236 silly tar     header: Ls {
236 silly tar       cksumValid: true,
236 silly tar       needPax: false,
236 silly tar       nullBlock: false,
236 silly tar       block: undefined,
236 silly tar       path: 'package/dist/browser-cjs/src/core/strategies/action_code_settings.d.ts',
236 silly tar       mode: 420,
236 silly tar       uid: undefined,
236 silly tar       gid: undefined,
236 silly tar       size: 917,
236 silly tar       cksum: 9953,
236 silly tar       linkpath: '',
236 silly tar       uname: '',
236 silly tar       gname: '',
236 silly tar       devmaj: 0,
236 silly tar       devmin: 0,
236 silly tar       atime: undefined,
236 silly tar       ctime: undefined,
236 silly tar       mtime: 1985-10-26T08:15:00.000Z,
236 silly tar       charset: undefined,
236 silly tar       comment: undefined
236 silly tar     },
236 silly tar     startBlockSize: 1024,
236 silly tar     blockRemain: 0,
236 silly tar     remain: 0,
236 silly tar     type: 'File',
236 silly tar     meta: false,
236 silly tar     ignore: false,
236 silly tar     path: 'dist/browser-cjs/src/core/strategies/action_code_settings.d.ts',
236 silly tar     mode: 438,
236 silly tar     uid: undefined,
236 silly tar     gid: undefined,
236 silly tar     uname: '',
236 silly tar     gname: '',
236 silly tar     size: 917,
236 silly tar     mtime: 1985-10-26T08:15:00.000Z,
236 silly tar     atime: undefined,
236 silly tar     ctime: undefined,
236 silly tar     linkpath: undefined,
236 silly tar     dev: undefined,
236 silly tar     ino: undefined,
236 silly tar     nlink: undefined,
236 silly tar     invalid: false,
236 silly tar     absolute: 'E:/Soni_Navratri/node_modules/firebase/node_modules/@firebase/auth/dist/browser-cjs/src/core/strategies/action_code_settings.d.ts',
236 silly tar     unsupported: false,
236 silly tar     Symbol(shapeMode): false,
236 silly tar     Symbol(kCapture): false,
236 silly tar     Symbol(flowing): false,
236 silly tar     Symbol(paused): true,
236 silly tar     Symbol(pipes): [],
236 silly tar     Symbol(buffer): [
236 silly tar       <Buffer 2f 2a 2a 0d 0a 20 2a 20 40 6c 69 63 65 6e 73 65 0d 0a 20 2a 20 43 6f 70 79 72 69 67 68 74 20 32 30 32 30 20 47 6f 6f 67 6c 65 20 4c 4c 43 0d 0a 20 2a ... 867 more bytes>
236 silly tar     ],
236 silly tar     Symbol(objectMode): false,
236 silly tar     Symbol(encoding): null,
236 silly tar     Symbol(async): false,
236 silly tar     Symbol(decoder): null,
236 silly tar     Symbol(EOF): true,
236 silly tar     Symbol(emittedEnd): false,
236 silly tar     Symbol(emittingEnd): false,
236 silly tar     Symbol(closed): false,
236 silly tar     Symbol(emittedError): null,
236 silly tar     Symbol(bufferLength): 917,
236 silly tar     Symbol(destroyed): false,
236 silly tar     Symbol(signal): undefined,
236 silly tar     Symbol(aborted): false,
236 silly tar     Symbol(dataListeners): 0,
236 silly tar     Symbol(discarded): false
236 silly tar   },
236 silly tar   cwd: 'E:/Soni_Navratri/node_modules/firebase/node_modules/@firebase/auth',
236 silly tar   tarCode: 'TAR_ENTRY_ERROR'
236 silly tar }
237 warn tar TAR_ENTRY_ERROR ENOENT: no such file or directory, lstat 'E:\Soni_Navratri\node_modules\firebase\node_modules\@firebase\auth\dist'
238 silly tar TAR_ENTRY_ERROR ENOENT: no such file or directory, lstat 'E:\Soni_Navratri\node_modules\firebase\node_modules\@firebase\auth\dist' [Error: ENOENT: no such file or directory, lstat 'E:\Soni_Navratri\node_modules\firebase\node_modules\@firebase\auth\dist'] {
238 silly tar   errno: -4058,
238 silly tar   code: 'ENOENT',
238 silly tar   syscall: 'lstat',
238 silly tar   path: 'E:/Soni_Navratri/node_modules/firebase/node_modules/@firebase/auth/dist',
238 silly tar   entry: Is {
238 silly tar     _events: [Object: null prototype] { end: [Function (anonymous)] },
238 silly tar     _eventsCount: 1,
238 silly tar     _maxListeners: undefined,
238 silly tar     writable: false,
238 silly tar     readable: true,
238 silly tar     extended: undefined,
238 silly tar     globalExtended: undefined,
238 silly tar     header: Ls {
238 silly tar       cksumValid: true,
238 silly tar       needPax: false,
238 silly tar       nullBlock: false,
238 silly tar       block: undefined,
238 silly tar       path: 'package/dist/cordova/src/core/strategies/action_code_settings.d.ts',
238 silly tar       mode: 420,
238 silly tar       uid: undefined,
238 silly tar       gid: undefined,
238 silly tar       size: 917,
238 silly tar       cksum: 9566,
238 silly tar       linkpath: '',
238 silly tar       uname: '',
238 silly tar       gname: '',
238 silly tar       devmaj: 0,
238 silly tar       devmin: 0,
238 silly tar       atime: undefined,
238 silly tar       ctime: undefined,
238 silly tar       mtime: 1985-10-26T08:15:00.000Z,
238 silly tar       charset: undefined,
238 silly tar       comment: undefined
238 silly tar     },
238 silly tar     startBlockSize: 1024,
238 silly tar     blockRemain: 0,
238 silly tar     remain: 0,
238 silly tar     type: 'File',
238 silly tar     meta: false,
238 silly tar     ignore: false,
238 silly tar     path: 'dist/cordova/src/core/strategies/action_code_settings.d.ts',
238 silly tar     mode: 438,
238 silly tar     uid: undefined,
238 silly tar     gid: undefined,
238 silly tar     uname: '',
238 silly tar     gname: '',
238 silly tar     size: 917,
238 silly tar     mtime: 1985-10-26T08:15:00.000Z,
238 silly tar     atime: undefined,
238 silly tar     ctime: undefined,
238 silly tar     linkpath: undefined,
238 silly tar     dev: undefined,
238 silly tar     ino: undefined,
238 silly tar     nlink: undefined,
238 silly tar     invalid: false,
238 silly tar     absolute: 'E:/Soni_Navratri/node_modules/firebase/node_modules/@firebase/auth/dist/cordova/src/core/strategies/action_code_settings.d.ts',
238 silly tar     unsupported: false,
238 silly tar     Symbol(shapeMode): false,
238 silly tar     Symbol(kCapture): false,
238 silly tar     Symbol(flowing): false,
238 silly tar     Symbol(paused): true,
238 silly tar     Symbol(pipes): [],
238 silly tar     Symbol(buffer): [
238 silly tar       <Buffer 2f 2a 2a 0d 0a 20 2a 20 40 6c 69 63 65 6e 73 65 0d 0a 20 2a 20 43 6f 70 79 72 69 67 68 74 20 32 30 32 30 20 47 6f 6f 67 6c 65 20 4c 4c 43 0d 0a 20 2a ... 867 more bytes>
238 silly tar     ],
238 silly tar     Symbol(objectMode): false,
238 silly tar     Symbol(encoding): null,
238 silly tar     Symbol(async): false,
238 silly tar     Symbol(decoder): null,
238 silly tar     Symbol(EOF): true,
238 silly tar     Symbol(emittedEnd): false,
238 silly tar     Symbol(emittingEnd): false,
238 silly tar     Symbol(closed): false,
238 silly tar     Symbol(emittedError): null,
238 silly tar     Symbol(bufferLength): 917,
238 silly tar     Symbol(destroyed): false,
238 silly tar     Symbol(signal): undefined,
238 silly tar     Symbol(aborted): false,
238 silly tar     Symbol(dataListeners): 0,
238 silly tar     Symbol(discarded): false
238 silly tar   },
238 silly tar   cwd: 'E:/Soni_Navratri/node_modules/firebase/node_modules/@firebase/auth',
238 silly tar   tarCode: 'TAR_ENTRY_ERROR'
238 silly tar }
239 warn tar TAR_ENTRY_ERROR ENOENT: no such file or directory, lstat 'E:\Soni_Navratri\node_modules\firebase\node_modules\@firebase\auth\dist'
240 silly tar TAR_ENTRY_ERROR ENOENT: no such file or directory, lstat 'E:\Soni_Navratri\node_modules\firebase\node_modules\@firebase\auth\dist' [Error: ENOENT: no such file or directory, lstat 'E:\Soni_Navratri\node_modules\firebase\node_modules\@firebase\auth\dist'] {
240 silly tar   errno: -4058,
240 silly tar   code: 'ENOENT',
240 silly tar   syscall: 'lstat',
240 silly tar   path: 'E:/Soni_Navratri/node_modules/firebase/node_modules/@firebase/auth/dist',
240 silly tar   entry: Is {
240 silly tar     _events: [Object: null prototype] { end: [Function (anonymous)] },
240 silly tar     _eventsCount: 1,
240 silly tar     _maxListeners: undefined,
240 silly tar     writable: false,
240 silly tar     readable: true,
240 silly tar     extended: undefined,
240 silly tar     globalExtended: undefined,
240 silly tar     header: Ls {
240 silly tar       cksumValid: true,
240 silly tar       needPax: false,
240 silly tar       nullBlock: false,
240 silly tar       block: undefined,
240 silly tar       path: 'package/dist/esm2017/src/core/strategies/action_code_settings.d.ts',
240 silly tar       mode: 420,
240 silly tar       uid: undefined,
240 silly tar       gid: undefined,
240 silly tar       size: 917,
240 silly tar       cksum: 9343,
240 silly tar       linkpath: '',
240 silly tar       uname: '',
240 silly tar       gname: '',
240 silly tar       devmaj: 0,
240 silly tar       devmin: 0,
240 silly tar       atime: undefined,
240 silly tar       ctime: undefined,
240 silly tar       mtime: 1985-10-26T08:15:00.000Z,
240 silly tar       charset: undefined,
240 silly tar       comment: undefined
240 silly tar     },
240 silly tar     startBlockSize: 1024,
240 silly tar     blockRemain: 0,
240 silly tar     remain: 0,
240 silly tar     type: 'File',
240 silly tar     meta: false,
240 silly tar     ignore: false,
240 silly tar     path: 'dist/esm2017/src/core/strategies/action_code_settings.d.ts',
240 silly tar     mode: 438,
240 silly tar     uid: undefined,
240 silly tar     gid: undefined,
240 silly tar     uname: '',
240 silly tar     gname: '',
240 silly tar     size: 917,
240 silly tar     mtime: 1985-10-26T08:15:00.000Z,
240 silly tar     atime: undefined,
240 silly tar     ctime: undefined,
240 silly tar     linkpath: undefined,
240 silly tar     dev: undefined,
240 silly tar     ino: undefined,
240 silly tar     nlink: undefined,
240 silly tar     invalid: false,
240 silly tar     absolute: 'E:/Soni_Navratri/node_modules/firebase/node_modules/@firebase/auth/dist/esm2017/src/core/strategies/action_code_settings.d.ts',
240 silly tar     unsupported: false,
240 silly tar     Symbol(shapeMode): false,
240 silly tar     Symbol(kCapture): false,
240 silly tar     Symbol(flowing): false,
240 silly tar     Symbol(paused): true,
240 silly tar     Symbol(pipes): [],
240 silly tar     Symbol(buffer): [
240 silly tar       <Buffer 2f 2a 2a 0d 0a 20 2a 20 40 6c 69 63 65 6e 73 65 0d 0a 20 2a 20 43 6f 70 79 72 69 67 68 74 20 32 30 32 30 20 47 6f 6f 67 6c 65 20 4c 4c 43 0d 0a 20 2a ... 867 more bytes>
240 silly tar     ],
240 silly tar     Symbol(objectMode): false,
240 silly tar     Symbol(encoding): null,
240 silly tar     Symbol(async): false,
240 silly tar     Symbol(decoder): null,
240 silly tar     Symbol(EOF): true,
240 silly tar     Symbol(emittedEnd): false,
240 silly tar     Symbol(emittingEnd): false,
240 silly tar     Symbol(closed): false,
240 silly tar     Symbol(emittedError): null,
240 silly tar     Symbol(bufferLength): 917,
240 silly tar     Symbol(destroyed): false,
240 silly tar     Symbol(signal): undefined,
240 silly tar     Symbol(aborted): false,
240 silly tar     Symbol(dataListeners): 0,
240 silly tar     Symbol(discarded): false
240 silly tar   },
240 silly tar   cwd: 'E:/Soni_Navratri/node_modules/firebase/node_modules/@firebase/auth',
240 silly tar   tarCode: 'TAR_ENTRY_ERROR'
240 silly tar }
241 warn tar TAR_ENTRY_ERROR ENOENT: no such file or directory, lstat 'E:\Soni_Navratri\node_modules\firebase\node_modules\@firebase\auth\dist'
242 silly tar TAR_ENTRY_ERROR ENOENT: no such file or directory, lstat 'E:\Soni_Navratri\node_modules\firebase\node_modules\@firebase\auth\dist' [Error: ENOENT: no such file or directory, lstat 'E:\Soni_Navratri\node_modules\firebase\node_modules\@firebase\auth\dist'] {
242 silly tar   errno: -4058,
242 silly tar   code: 'ENOENT',
242 silly tar   syscall: 'lstat',
242 silly tar   path: 'E:/Soni_Navratri/node_modules/firebase/node_modules/@firebase/auth/dist',
242 silly tar   entry: Is {
242 silly tar     _events: [Object: null prototype] { end: [Function (anonymous)] },
242 silly tar     _eventsCount: 1,
242 silly tar     _maxListeners: undefined,
242 silly tar     writable: false,
242 silly tar     readable: true,
242 silly tar     extended: undefined,
242 silly tar     globalExtended: undefined,
242 silly tar     header: Ls {
242 silly tar       cksumValid: true,
242 silly tar       needPax: false,
242 silly tar       nullBlock: false,
242 silly tar       block: undefined,
242 silly tar       path: 'package/dist/esm5/src/core/strategies/action_code_settings.d.ts',
242 silly tar       mode: 420,
242 silly tar       uid: undefined,
242 silly tar       gid: undefined,
242 silly tar       size: 917,
242 silly tar       cksum: 9194,
242 silly tar       linkpath: '',
242 silly tar       uname: '',
242 silly tar       gname: '',
242 silly tar       devmaj: 0,
242 silly tar       devmin: 0,
242 silly tar       atime: undefined,
242 silly tar       ctime: undefined,
242 silly tar       mtime: 1985-10-26T08:15:00.000Z,
242 silly tar       charset: undefined,
242 silly tar       comment: undefined
242 silly tar     },
242 silly tar     startBlockSize: 1024,
242 silly tar     blockRemain: 0,
242 silly tar     remain: 0,
242 silly tar     type: 'File',
242 silly tar     meta: false,
242 silly tar     ignore: false,
242 silly tar     path: 'dist/esm5/src/core/strategies/action_code_settings.d.ts',
242 silly tar     mode: 438,
242 silly tar     uid: undefined,
242 silly tar     gid: undefined,
242 silly tar     uname: '',
242 silly tar     gname: '',
242 silly tar     size: 917,
242 silly tar     mtime: 1985-10-26T08:15:00.000Z,
242 silly tar     atime: undefined,
242 silly tar     ctime: undefined,
242 silly tar     linkpath: undefined,
242 silly tar     dev: undefined,
242 silly tar     ino: undefined,
242 silly tar     nlink: undefined,
242 silly tar     invalid: false,
242 silly tar     absolute: 'E:/Soni_Navratri/node_modules/firebase/node_modules/@firebase/auth/dist/esm5/src/core/strategies/action_code_settings.d.ts',
242 silly tar     unsupported: false,
242 silly tar     Symbol(shapeMode): false,
242 silly tar     Symbol(kCapture): false,
242 silly tar     Symbol(flowing): false,
242 silly tar     Symbol(paused): true,
242 silly tar     Symbol(pipes): [],
242 silly tar     Symbol(buffer): [
242 silly tar       <Buffer 2f 2a 2a 0d 0a 20 2a 20 40 6c 69 63 65 6e 73 65 0d 0a 20 2a 20 43 6f 70 79 72 69 67 68 74 20 32 30 32 30 20 47 6f 6f 67 6c 65 20 4c 4c 43 0d 0a 20 2a ... 867 more bytes>
242 silly tar     ],
242 silly tar     Symbol(objectMode): false,
242 silly tar     Symbol(encoding): null,
242 silly tar     Symbol(async): false,
242 silly tar     Symbol(decoder): null,
242 silly tar     Symbol(EOF): true,
242 silly tar     Symbol(emittedEnd): false,
242 silly tar     Symbol(emittingEnd): false,
242 silly tar     Symbol(closed): false,
242 silly tar     Symbol(emittedError): null,
242 silly tar     Symbol(bufferLength): 917,
242 silly tar     Symbol(destroyed): false,
242 silly tar     Symbol(signal): undefined,
242 silly tar     Symbol(aborted): false,
242 silly tar     Symbol(dataListeners): 0,
242 silly tar     Symbol(discarded): false
242 silly tar   },
242 silly tar   cwd: 'E:/Soni_Navratri/node_modules/firebase/node_modules/@firebase/auth',
242 silly tar   tarCode: 'TAR_ENTRY_ERROR'
242 silly tar }
243 warn tar TAR_ENTRY_ERROR ENOENT: no such file or directory, lstat 'E:\Soni_Navratri\node_modules\firebase\node_modules\@firebase\auth\dist'
244 silly tar TAR_ENTRY_ERROR ENOENT: no such file or directory, lstat 'E:\Soni_Navratri\node_modules\firebase\node_modules\@firebase\auth\dist' [Error: ENOENT: no such file or directory, lstat 'E:\Soni_Navratri\node_modules\firebase\node_modules\@firebase\auth\dist'] {
244 silly tar   errno: -4058,
244 silly tar   code: 'ENOENT',
244 silly tar   syscall: 'lstat',
244 silly tar   path: 'E:/Soni_Navratri/node_modules/firebase/node_modules/@firebase/auth/dist',
244 silly tar   entry: Is {
244 silly tar     _events: [Object: null prototype] { end: [Function (anonymous)] },
244 silly tar     _eventsCount: 1,
244 silly tar     _maxListeners: undefined,
244 silly tar     writable: false,
244 silly tar     readable: true,
244 silly tar     extended: undefined,
244 silly tar     globalExtended: undefined,
244 silly tar     header: Ls {
244 silly tar       cksumValid: true,
244 silly tar       needPax: false,
244 silly tar       nullBlock: false,
244 silly tar       block: undefined,
244 silly tar       path: 'package/dist/node-esm/src/core/strategies/action_code_settings.d.ts',
244 silly tar       mode: 420,
244 silly tar       uid: undefined,
244 silly tar       gid: undefined,
244 silly tar       size: 917,
244 silly tar       cksum: 9608,
244 silly tar       linkpath: '',
244 silly tar       uname: '',
244 silly tar       gname: '',
244 silly tar       devmaj: 0,
244 silly tar       devmin: 0,
244 silly tar       atime: undefined,
244 silly tar       ctime: undefined,
244 silly tar       mtime: 1985-10-26T08:15:00.000Z,
244 silly tar       charset: undefined,
244 silly tar       comment: undefined
244 silly tar     },
244 silly tar     startBlockSize: 1024,
244 silly tar     blockRemain: 0,
244 silly tar     remain: 0,
244 silly tar     type: 'File',
244 silly tar     meta: false,
244 silly tar     ignore: false,
244 silly tar     path: 'dist/node-esm/src/core/strategies/action_code_settings.d.ts',
244 silly tar     mode: 438,
244 silly tar     uid: undefined,
244 silly tar     gid: undefined,
244 silly tar     uname: '',
244 silly tar     gname: '',
244 silly tar     size: 917,
244 silly tar     mtime: 1985-10-26T08:15:00.000Z,
244 silly tar     atime: undefined,
244 silly tar     ctime: undefined,
244 silly tar     linkpath: undefined,
244 silly tar     dev: undefined,
244 silly tar     ino: undefined,
244 silly tar     nlink: undefined,
244 silly tar     invalid: false,
244 silly tar     absolute: 'E:/Soni_Navratri/node_modules/firebase/node_modules/@firebase/auth/dist/node-esm/src/core/strategies/action_code_settings.d.ts',
244 silly tar     unsupported: false,
244 silly tar     Symbol(shapeMode): false,
244 silly tar     Symbol(kCapture): false,
244 silly tar     Symbol(flowing): false,
244 silly tar     Symbol(paused): true,
244 silly tar     Symbol(pipes): [],
244 silly tar     Symbol(buffer): [
244 silly tar       <Buffer 2f 2a 2a 0d 0a 20 2a 20 40 6c 69 63 65 6e 73 65 0d 0a 20 2a 20 43 6f 70 79 72 69 67 68 74 20 32 30 32 30 20 47 6f 6f 67 6c 65 20 4c 4c 43 0d 0a 20 2a ... 867 more bytes>
244 silly tar     ],
244 silly tar     Symbol(objectMode): false,
244 silly tar     Symbol(encoding): null,
244 silly tar     Symbol(async): false,
244 silly tar     Symbol(decoder): null,
244 silly tar     Symbol(EOF): true,
244 silly tar     Symbol(emittedEnd): false,
244 silly tar     Symbol(emittingEnd): false,
244 silly tar     Symbol(closed): false,
244 silly tar     Symbol(emittedError): null,
244 silly tar     Symbol(bufferLength): 917,
244 silly tar     Symbol(destroyed): false,
244 silly tar     Symbol(signal): undefined,
244 silly tar     Symbol(aborted): false,
244 silly tar     Symbol(dataListeners): 0,
244 silly tar     Symbol(discarded): false
244 silly tar   },
244 silly tar   cwd: 'E:/Soni_Navratri/node_modules/firebase/node_modules/@firebase/auth',
244 silly tar   tarCode: 'TAR_ENTRY_ERROR'
244 silly tar }
245 warn tar TAR_ENTRY_ERROR ENOENT: no such file or directory, lstat 'E:\Soni_Navratri\node_modules\firebase\node_modules\@firebase\auth\dist'
246 silly tar TAR_ENTRY_ERROR ENOENT: no such file or directory, lstat 'E:\Soni_Navratri\node_modules\firebase\node_modules\@firebase\auth\dist' [Error: ENOENT: no such file or directory, lstat 'E:\Soni_Navratri\node_modules\firebase\node_modules\@firebase\auth\dist'] {
246 silly tar   errno: -4058,
246 silly tar   code: 'ENOENT',
246 silly tar   syscall: 'lstat',
246 silly tar   path: 'E:/Soni_Navratri/node_modules/firebase/node_modules/@firebase/auth/dist',
246 silly tar   entry: Is {
246 silly tar     _events: [Object: null prototype] { end: [Function (anonymous)] },
246 silly tar     _eventsCount: 1,
246 silly tar     _maxListeners: undefined,
246 silly tar     writable: false,
246 silly tar     readable: true,
246 silly tar     extended: undefined,
246 silly tar     globalExtended: undefined,
246 silly tar     header: Ls {
246 silly tar       cksumValid: true,
246 silly tar       needPax: false,
246 silly tar       nullBlock: false,
246 silly tar       block: undefined,
246 silly tar       path: 'package/dist/node/src/core/strategies/action_code_settings.d.ts',
246 silly tar       mode: 420,
246 silly tar       uid: undefined,
246 silly tar       gid: undefined,
246 silly tar       size: 917,
246 silly tar       cksum: 9238,
246 silly tar       linkpath: '',
246 silly tar       uname: '',
246 silly tar       gname: '',
246 silly tar       devmaj: 0,
246 silly tar       devmin: 0,
246 silly tar       atime: undefined,
246 silly tar       ctime: undefined,
246 silly tar       mtime: 1985-10-26T08:15:00.000Z,
246 silly tar       charset: undefined,
246 silly tar       comment: undefined
246 silly tar     },
246 silly tar     startBlockSize: 1024,
246 silly tar     blockRemain: 0,
246 silly tar     remain: 0,
246 silly tar     type: 'File',
246 silly tar     meta: false,
246 silly tar     ignore: false,
246 silly tar     path: 'dist/node/src/core/strategies/action_code_settings.d.ts',
246 silly tar     mode: 438,
246 silly tar     uid: undefined,
246 silly tar     gid: undefined,
246 silly tar     uname: '',
246 silly tar     gname: '',
246 silly tar     size: 917,
246 silly tar     mtime: 1985-10-26T08:15:00.000Z,
246 silly tar     atime: undefined,
246 silly tar     ctime: undefined,
246 silly tar     linkpath: undefined,
246 silly tar     dev: undefined,
246 silly tar     ino: undefined,
246 silly tar     nlink: undefined,
246 silly tar     invalid: false,
246 silly tar     absolute: 'E:/Soni_Navratri/node_modules/firebase/node_modules/@firebase/auth/dist/node/src/core/strategies/action_code_settings.d.ts',
246 silly tar     unsupported: false,
246 silly tar     Symbol(shapeMode): false,
246 silly tar     Symbol(kCapture): false,
246 silly tar     Symbol(flowing): false,
246 silly tar     Symbol(paused): true,
246 silly tar     Symbol(pipes): [],
246 silly tar     Symbol(buffer): [
246 silly tar       <Buffer 2f 2a 2a 0d 0a 20 2a 20 40 6c 69 63 65 6e 73 65 0d 0a 20 2a 20 43 6f 70 79 72 69 67 68 74 20 32 30 32 30 20 47 6f 6f 67 6c 65 20 4c 4c 43 0d 0a 20 2a ... 867 more bytes>
246 silly tar     ],
246 silly tar     Symbol(objectMode): false,
246 silly tar     Symbol(encoding): null,
246 silly tar     Symbol(async): false,
246 silly tar     Symbol(decoder): null,
246 silly tar     Symbol(EOF): true,
246 silly tar     Symbol(emittedEnd): false,
246 silly tar     Symbol(emittingEnd): false,
246 silly tar     Symbol(closed): false,
246 silly tar     Symbol(emittedError): null,
246 silly tar     Symbol(bufferLength): 917,
246 silly tar     Symbol(destroyed): false,
246 silly tar     Symbol(signal): undefined,
246 silly tar     Symbol(aborted): false,
246 silly tar     Symbol(dataListeners): 0,
246 silly tar     Symbol(discarded): false
246 silly tar   },
246 silly tar   cwd: 'E:/Soni_Navratri/node_modules/firebase/node_modules/@firebase/auth',
246 silly tar   tarCode: 'TAR_ENTRY_ERROR'
246 silly tar }
247 warn tar TAR_ENTRY_ERROR ENOENT: no such file or directory, lstat 'E:\Soni_Navratri\node_modules\firebase\node_modules\@firebase\auth\dist'
248 silly tar TAR_ENTRY_ERROR ENOENT: no such file or directory, lstat 'E:\Soni_Navratri\node_modules\firebase\node_modules\@firebase\auth\dist' [Error: ENOENT: no such file or directory, lstat 'E:\Soni_Navratri\node_modules\firebase\node_modules\@firebase\auth\dist'] {
248 silly tar   errno: -4058,
248 silly tar   code: 'ENOENT',
248 silly tar   syscall: 'lstat',
248 silly tar   path: 'E:/Soni_Navratri/node_modules/firebase/node_modules/@firebase/auth/dist',
248 silly tar   entry: Is {
248 silly tar     _events: [Object: null prototype] { end: [Function (anonymous)] },
248 silly tar     _eventsCount: 1,
248 silly tar     _maxListeners: undefined,
248 silly tar     writable: false,
248 silly tar     readable: true,
248 silly tar     extended: undefined,
248 silly tar     globalExtended: undefined,
248 silly tar     header: Ls {
248 silly tar       cksumValid: true,
248 silly tar       needPax: false,
248 silly tar       nullBlock: false,
248 silly tar       block: undefined,
248 silly tar       path: 'package/dist/rn/src/core/strategies/action_code_settings.d.ts',
248 silly tar       mode: 420,
248 silly tar       uid: undefined,
248 silly tar       gid: undefined,
248 silly tar       size: 917,
248 silly tar       cksum: 9040,
248 silly tar       linkpath: '',
248 silly tar       uname: '',
248 silly tar       gname: '',
248 silly tar       devmaj: 0,
248 silly tar       devmin: 0,
248 silly tar       atime: undefined,
248 silly tar       ctime: undefined,
248 silly tar       mtime: 1985-10-26T08:15:00.000Z,
248 silly tar       charset: undefined,
248 silly tar       comment: undefined
248 silly tar     },
248 silly tar     startBlockSize: 1024,
248 silly tar     blockRemain: 0,
248 silly tar     remain: 0,
248 silly tar     type: 'File',
248 silly tar     meta: false,
248 silly tar     ignore: false,
248 silly tar     path: 'dist/rn/src/core/strategies/action_code_settings.d.ts',
248 silly tar     mode: 438,
248 silly tar     uid: undefined,
248 silly tar     gid: undefined,
248 silly tar     uname: '',
248 silly tar     gname: '',
248 silly tar     size: 917,
248 silly tar     mtime: 1985-10-26T08:15:00.000Z,
248 silly tar     atime: undefined,
248 silly tar     ctime: undefined,
248 silly tar     linkpath: undefined,
248 silly tar     dev: undefined,
248 silly tar     ino: undefined,
248 silly tar     nlink: undefined,
248 silly tar     invalid: false,
248 silly tar     absolute: 'E:/Soni_Navratri/node_modules/firebase/node_modules/@firebase/auth/dist/rn/src/core/strategies/action_code_settings.d.ts',
248 silly tar     unsupported: false,
248 silly tar     Symbol(shapeMode): false,
248 silly tar     Symbol(kCapture): false,
248 silly tar     Symbol(flowing): false,
248 silly tar     Symbol(paused): true,
248 silly tar     Symbol(pipes): [],
248 silly tar     Symbol(buffer): [
248 silly tar       <Buffer 2f 2a 2a 0d 0a 20 2a 20 40 6c 69 63 65 6e 73 65 0d 0a 20 2a 20 43 6f 70 79 72 69 67 68 74 20 32 30 32 30 20 47 6f 6f 67 6c 65 20 4c 4c 43 0d 0a 20 2a ... 867 more bytes>
248 silly tar     ],
248 silly tar     Symbol(objectMode): false,
248 silly tar     Symbol(encoding): null,
248 silly tar     Symbol(async): false,
248 silly tar     Symbol(decoder): null,
248 silly tar     Symbol(EOF): true,
248 silly tar     Symbol(emittedEnd): false,
248 silly tar     Symbol(emittingEnd): false,
248 silly tar     Symbol(closed): false,
248 silly tar     Symbol(emittedError): null,
248 silly tar     Symbol(bufferLength): 917,
248 silly tar     Symbol(destroyed): false,
248 silly tar     Symbol(signal): undefined,
248 silly tar     Symbol(aborted): false,
248 silly tar     Symbol(dataListeners): 0,
248 silly tar     Symbol(discarded): false
248 silly tar   },
248 silly tar   cwd: 'E:/Soni_Navratri/node_modules/firebase/node_modules/@firebase/auth',
248 silly tar   tarCode: 'TAR_ENTRY_ERROR'
248 silly tar }
249 warn tar TAR_ENTRY_ERROR ENOENT: no such file or directory, lstat 'E:\Soni_Navratri\node_modules\firebase\node_modules\@firebase\auth\dist'
250 silly tar TAR_ENTRY_ERROR ENOENT: no such file or directory, lstat 'E:\Soni_Navratri\node_modules\firebase\node_modules\@firebase\auth\dist' [Error: ENOENT: no such file or directory, lstat 'E:\Soni_Navratri\node_modules\firebase\node_modules\@firebase\auth\dist'] {
250 silly tar   errno: -4058,
250 silly tar   code: 'ENOENT',
250 silly tar   syscall: 'lstat',
250 silly tar   path: 'E:/Soni_Navratri/node_modules/firebase/node_modules/@firebase/auth/dist',
250 silly tar   entry: Is {
250 silly tar     _events: [Object: null prototype] { end: [Function (anonymous)] },
250 silly tar     _eventsCount: 1,
250 silly tar     _maxListeners: undefined,
250 silly tar     writable: false,
250 silly tar     readable: true,
250 silly tar     extended: undefined,
250 silly tar     globalExtended: undefined,
250 silly tar     header: Ls {
250 silly tar       cksumValid: true,
250 silly tar       needPax: false,
250 silly tar       nullBlock: false,
250 silly tar       block: undefined,
250 silly tar       path: 'package/dist/src/core/strategies/action_code_settings.d.ts',
250 silly tar       mode: 420,
250 silly tar       uid: undefined,
250 silly tar       gid: undefined,
250 silly tar       size: 917,
250 silly tar       cksum: 8769,
250 silly tar       linkpath: '',
250 silly tar       uname: '',
250 silly tar       gname: '',
250 silly tar       devmaj: 0,
250 silly tar       devmin: 0,
250 silly tar       atime: undefined,
250 silly tar       ctime: undefined,
250 silly tar       mtime: 1985-10-26T08:15:00.000Z,
250 silly tar       charset: undefined,
250 silly tar       comment: undefined
250 silly tar     },
250 silly tar     startBlockSize: 1024,
250 silly tar     blockRemain: 0,
250 silly tar     remain: 0,
250 silly tar     type: 'File',
250 silly tar     meta: false,
250 silly tar     ignore: false,
250 silly tar     path: 'dist/src/core/strategies/action_code_settings.d.ts',
250 silly tar     mode: 438,
250 silly tar     uid: undefined,
250 silly tar     gid: undefined,
250 silly tar     uname: '',
250 silly tar     gname: '',
250 silly tar     size: 917,
250 silly tar     mtime: 1985-10-26T08:15:00.000Z,
250 silly tar     atime: undefined,
250 silly tar     ctime: undefined,
250 silly tar     linkpath: undefined,
250 silly tar     dev: undefined,
250 silly tar     ino: undefined,
250 silly tar     nlink: undefined,
250 silly tar     invalid: false,
250 silly tar     absolute: 'E:/Soni_Navratri/node_modules/firebase/node_modules/@firebase/auth/dist/src/core/strategies/action_code_settings.d.ts',
250 silly tar     unsupported: false,
250 silly tar     Symbol(shapeMode): false,
250 silly tar     Symbol(kCapture): false,
250 silly tar     Symbol(flowing): false,
250 silly tar     Symbol(paused): true,
250 silly tar     Symbol(pipes): [],
250 silly tar     Symbol(buffer): [
250 silly tar       <Buffer 2f 2a 2a 0d 0a 20 2a 20 40 6c 69 63 65 6e 73 65 0d 0a 20 2a 20 43 6f 70 79 72 69 67 68 74 20 32 30 32 30 20 47 6f 6f 67 6c 65 20 4c 4c 43 0d 0a 20 2a ... 867 more bytes>
250 silly tar     ],
250 silly tar     Symbol(objectMode): false,
250 silly tar     Symbol(encoding): null,
250 silly tar     Symbol(async): false,
250 silly tar     Symbol(decoder): null,
250 silly tar     Symbol(EOF): true,
250 silly tar     Symbol(emittedEnd): false,
250 silly tar     Symbol(emittingEnd): false,
250 silly tar     Symbol(closed): false,
250 silly tar     Symbol(emittedError): null,
250 silly tar     Symbol(bufferLength): 917,
250 silly tar     Symbol(destroyed): false,
250 silly tar     Symbol(signal): undefined,
250 silly tar     Symbol(aborted): false,
250 silly tar     Symbol(dataListeners): 0,
250 silly tar     Symbol(discarded): false
250 silly tar   },
250 silly tar   cwd: 'E:/Soni_Navratri/node_modules/firebase/node_modules/@firebase/auth',
250 silly tar   tarCode: 'TAR_ENTRY_ERROR'
250 silly tar }
251 warn tar TAR_ENTRY_ERROR ENOENT: no such file or directory, lstat 'E:\Soni_Navratri\node_modules\firebase\node_modules\@firebase\auth\dist'
252 silly tar TAR_ENTRY_ERROR ENOENT: no such file or directory, lstat 'E:\Soni_Navratri\node_modules\firebase\node_modules\@firebase\auth\dist' [Error: ENOENT: no such file or directory, lstat 'E:\Soni_Navratri\node_modules\firebase\node_modules\@firebase\auth\dist'] {
252 silly tar   errno: -4058,
252 silly tar   code: 'ENOENT',
252 silly tar   syscall: 'lstat',
252 silly tar   path: 'E:/Soni_Navratri/node_modules/firebase/node_modules/@firebase/auth/dist',
252 silly tar   entry: Is {
252 silly tar     _events: [Object: null prototype] { end: [Function (anonymous)] },
252 silly tar     _eventsCount: 1,
252 silly tar     _maxListeners: undefined,
252 silly tar     writable: false,
252 silly tar     readable: true,
252 silly tar     extended: undefined,
252 silly tar     globalExtended: undefined,
252 silly tar     header: Ls {
252 silly tar       cksumValid: true,
252 silly tar       needPax: false,
252 silly tar       nullBlock: false,
252 silly tar       block: undefined,
252 silly tar       path: 'package/dist/web-extension-cjs/src/core/strategies/action_code_settings.d.ts',
252 silly tar       mode: 420,
252 silly tar       uid: undefined,
252 silly tar       gid: undefined,
252 silly tar       size: 917,
252 silly tar       cksum: 10533,
252 silly tar       linkpath: '',
252 silly tar       uname: '',
252 silly tar       gname: '',
252 silly tar       devmaj: 0,
252 silly tar       devmin: 0,
252 silly tar       atime: undefined,
252 silly tar       ctime: undefined,
252 silly tar       mtime: 1985-10-26T08:15:00.000Z,
252 silly tar       charset: undefined,
252 silly tar       comment: undefined
252 silly tar     },
252 silly tar     startBlockSize: 1024,
252 silly tar     blockRemain: 0,
252 silly tar     remain: 0,
252 silly tar     type: 'File',
252 silly tar     meta: false,
252 silly tar     ignore: false,
252 silly tar     path: 'dist/web-extension-cjs/src/core/strategies/action_code_settings.d.ts',
252 silly tar     mode: 438,
252 silly tar     uid: undefined,
252 silly tar     gid: undefined,
252 silly tar     uname: '',
252 silly tar     gname: '',
252 silly tar     size: 917,
252 silly tar     mtime: 1985-10-26T08:15:00.000Z,
252 silly tar     atime: undefined,
252 silly tar     ctime: undefined,
252 silly tar     linkpath: undefined,
252 silly tar     dev: undefined,
252 silly tar     ino: undefined,
252 silly tar     nlink: undefined,
252 silly tar     invalid: false,
252 silly tar     absolute: 'E:/Soni_Navratri/node_modules/firebase/node_modules/@firebase/auth/dist/web-extension-cjs/src/core/strategies/action_code_settings.d.ts',
252 silly tar     unsupported: false,
252 silly tar     Symbol(shapeMode): false,
252 silly tar     Symbol(kCapture): false,
252 silly tar     Symbol(flowing): false,
252 silly tar     Symbol(paused): true,
252 silly tar     Symbol(pipes): [],
252 silly tar     Symbol(buffer): [
252 silly tar       <Buffer 2f 2a 2a 0d 0a 20 2a 20 40 6c 69 63 65 6e 73 65 0d 0a 20 2a 20 43 6f 70 79 72 69 67 68 74 20 32 30 32 30 20 47 6f 6f 67 6c 65 20 4c 4c 43 0d 0a 20 2a ... 867 more bytes>
252 silly tar     ],
252 silly tar     Symbol(objectMode): false,
252 silly tar     Symbol(encoding): null,
252 silly tar     Symbol(async): false,
252 silly tar     Symbol(decoder): null,
252 silly tar     Symbol(EOF): true,
252 silly tar     Symbol(emittedEnd): false,
252 silly tar     Symbol(emittingEnd): false,
252 silly tar     Symbol(closed): false,
252 silly tar     Symbol(emittedError): null,
252 silly tar     Symbol(bufferLength): 917,
252 silly tar     Symbol(destroyed): false,
252 silly tar     Symbol(signal): undefined,
252 silly tar     Symbol(aborted): false,
252 silly tar     Symbol(dataListeners): 0,
252 silly tar     Symbol(discarded): false
252 silly tar   },
252 silly tar   cwd: 'E:/Soni_Navratri/node_modules/firebase/node_modules/@firebase/auth',
252 silly tar   tarCode: 'TAR_ENTRY_ERROR'
252 silly tar }
253 warn tar TAR_ENTRY_ERROR ENOENT: no such file or directory, lstat 'E:\Soni_Navratri\node_modules\firebase\node_modules\@firebase\auth\dist'
254 silly tar TAR_ENTRY_ERROR ENOENT: no such file or directory, lstat 'E:\Soni_Navratri\node_modules\firebase\node_modules\@firebase\auth\dist' [Error: ENOENT: no such file or directory, lstat 'E:\Soni_Navratri\node_modules\firebase\node_modules\@firebase\auth\dist'] {
254 silly tar   errno: -4058,
254 silly tar   code: 'ENOENT',
254 silly tar   syscall: 'lstat',
254 silly tar   path: 'E:/Soni_Navratri/node_modules/firebase/node_modules/@firebase/auth/dist',
254 silly tar   entry: Is {
254 silly tar     _events: [Object: null prototype] { end: [Function (anonymous)] },
254 silly tar     _eventsCount: 1,
254 silly tar     _maxListeners: undefined,
254 silly tar     writable: false,
254 silly tar     readable: true,
254 silly tar     extended: undefined,
254 silly tar     globalExtended: undefined,
254 silly tar     header: Ls {
254 silly tar       cksumValid: true,
254 silly tar       needPax: false,
254 silly tar       nullBlock: false,
254 silly tar       block: undefined,
254 silly tar       path: 'package/dist/web-extension-esm2017/src/core/strategies/action_code_settings.d.ts',
254 silly tar       mode: 420,
254 silly tar       uid: undefined,
254 silly tar       gid: undefined,
254 silly tar       size: 917,
254 silly tar       cksum: 10740,
254 silly tar       linkpath: '',
254 silly tar       uname: '',
254 silly tar       gname: '',
254 silly tar       devmaj: 0,
254 silly tar       devmin: 0,
254 silly tar       atime: undefined,
254 silly tar       ctime: undefined,
254 silly tar       mtime: 1985-10-26T08:15:00.000Z,
254 silly tar       charset: undefined,
254 silly tar       comment: undefined
254 silly tar     },
254 silly tar     startBlockSize: 1024,
254 silly tar     blockRemain: 0,
254 silly tar     remain: 0,
254 silly tar     type: 'File',
254 silly tar     meta: false,
254 silly tar     ignore: false,
254 silly tar     path: 'dist/web-extension-esm2017/src/core/strategies/action_code_settings.d.ts',
254 silly tar     mode: 438,
254 silly tar     uid: undefined,
254 silly tar     gid: undefined,
254 silly tar     uname: '',
254 silly tar     gname: '',
254 silly tar     size: 917,
254 silly tar     mtime: 1985-10-26T08:15:00.000Z,
254 silly tar     atime: undefined,
254 silly tar     ctime: undefined,
254 silly tar     linkpath: undefined,
254 silly tar     dev: undefined,
254 silly tar     ino: undefined,
254 silly tar     nlink: undefined,
254 silly tar     invalid: false,
254 silly tar     absolute: 'E:/Soni_Navratri/node_modules/firebase/node_modules/@firebase/auth/dist/web-extension-esm2017/src/core/strategies/action_code_settings.d.ts',
254 silly tar     unsupported: false,
254 silly tar     Symbol(shapeMode): false,
254 silly tar     Symbol(kCapture): false,
254 silly tar     Symbol(flowing): false,
254 silly tar     Symbol(paused): true,
254 silly tar     Symbol(pipes): [],
254 silly tar     Symbol(buffer): [
254 silly tar       <Buffer 2f 2a 2a 0d 0a 20 2a 20 40 6c 69 63 65 6e 73 65 0d 0a 20 2a 20 43 6f 70 79 72 69 67 68 74 20 32 30 32 30 20 47 6f 6f 67 6c 65 20 4c 4c 43 0d 0a 20 2a ... 867 more bytes>
254 silly tar     ],
254 silly tar     Symbol(objectMode): false,
254 silly tar     Symbol(encoding): null,
254 silly tar     Symbol(async): false,
254 silly tar     Symbol(decoder): null,
254 silly tar     Symbol(EOF): true,
254 silly tar     Symbol(emittedEnd): false,
254 silly tar     Symbol(emittingEnd): false,
254 silly tar     Symbol(closed): false,
254 silly tar     Symbol(emittedError): null,
254 silly tar     Symbol(bufferLength): 917,
254 silly tar     Symbol(destroyed): false,
254 silly tar     Symbol(signal): undefined,
254 silly tar     Symbol(aborted): false,
254 silly tar     Symbol(dataListeners): 0,
254 silly tar     Symbol(discarded): false
254 silly tar   },
254 silly tar   cwd: 'E:/Soni_Navratri/node_modules/firebase/node_modules/@firebase/auth',
254 silly tar   tarCode: 'TAR_ENTRY_ERROR'
254 silly tar }
255 warn tar TAR_ENTRY_ERROR ENOENT: no such file or directory, lstat 'E:\Soni_Navratri\node_modules\firebase\node_modules\@firebase\auth\dist'
256 silly tar TAR_ENTRY_ERROR ENOENT: no such file or directory, lstat 'E:\Soni_Navratri\node_modules\firebase\node_modules\@firebase\auth\dist' [Error: ENOENT: no such file or directory, lstat 'E:\Soni_Navratri\node_modules\firebase\node_modules\@firebase\auth\dist'] {
256 silly tar   errno: -4058,
256 silly tar   code: 'ENOENT',
256 silly tar   syscall: 'lstat',
256 silly tar   path: 'E:/Soni_Navratri/node_modules/firebase/node_modules/@firebase/auth/dist',
256 silly tar   entry: Is {
256 silly tar     _events: [Object: null prototype] { end: [Function (anonymous)] },
256 silly tar     _eventsCount: 1,
256 silly tar     _maxListeners: undefined,
256 silly tar     writable: false,
256 silly tar     readable: true,
256 silly tar     extended: undefined,
256 silly tar     globalExtended: undefined,
256 silly tar     header: Ls {
256 silly tar       cksumValid: true,
256 silly tar       needPax: false,
256 silly tar       nullBlock: false,
256 silly tar       block: undefined,
256 silly tar       path: 'package/dist/browser-cjs/src/core/strategies/action_code_settings.test.d.ts',
256 silly tar       mode: 420,
256 silly tar       uid: undefined,
256 silly tar       gid: undefined,
256 silly tar       size: 633,
256 silly tar       cksum: 10443,
256 silly tar       linkpath: '',
256 silly tar       uname: '',
256 silly tar       gname: '',
256 silly tar       devmaj: 0,
256 silly tar       devmin: 0,
256 silly tar       atime: undefined,
256 silly tar       ctime: undefined,
256 silly tar       mtime: 1985-10-26T08:15:00.000Z,
256 silly tar       charset: undefined,
256 silly tar       comment: undefined
256 silly tar     },
256 silly tar     startBlockSize: 1024,
256 silly tar     blockRemain: 0,
256 silly tar     remain: 0,
256 silly tar     type: 'File',
256 silly tar     meta: false,
256 silly tar     ignore: false,
256 silly tar     path: 'dist/browser-cjs/src/core/strategies/action_code_settings.test.d.ts',
256 silly tar     mode: 438,
256 silly tar     uid: undefined,
256 silly tar     gid: undefined,
256 silly tar     uname: '',
256 silly tar     gname: '',
256 silly tar     size: 633,
256 silly tar     mtime: 1985-10-26T08:15:00.000Z,
256 silly tar     atime: undefined,
256 silly tar     ctime: undefined,
256 silly tar     linkpath: undefined,
256 silly tar     dev: undefined,
256 silly tar     ino: undefined,
256 silly tar     nlink: undefined,
256 silly tar     invalid: false,
256 silly tar     absolute: 'E:/Soni_Navratri/node_modules/firebase/node_modules/@firebase/auth/dist/browser-cjs/src/core/strategies/action_code_settings.test.d.ts',
256 silly tar     unsupported: false,
256 silly tar     Symbol(shapeMode): false,
256 silly tar     Symbol(kCapture): false,
256 silly tar     Symbol(flowing): false,
256 silly tar     Symbol(paused): true,
256 silly tar     Symbol(pipes): [],
256 silly tar     Symbol(buffer): [
256 silly tar       <Buffer 2f 2a 2a 0d 0a 20 2a 20 40 6c 69 63 65 6e 73 65 0d 0a 20 2a 20 43 6f 70 79 72 69 67 68 74 20 32 30 32 30 20 47 6f 6f 67 6c 65 20 4c 4c 43 0d 0a 20 2a ... 583 more bytes>
256 silly tar     ],
256 silly tar     Symbol(objectMode): false,
256 silly tar     Symbol(encoding): null,
256 silly tar     Symbol(async): false,
256 silly tar     Symbol(decoder): null,
256 silly tar     Symbol(EOF): true,
256 silly tar     Symbol(emittedEnd): false,
256 silly tar     Symbol(emittingEnd): false,
256 silly tar     Symbol(closed): false,
256 silly tar     Symbol(emittedError): null,
256 silly tar     Symbol(bufferLength): 633,
256 silly tar     Symbol(destroyed): false,
256 silly tar     Symbol(signal): undefined,
256 silly tar     Symbol(aborted): false,
256 silly tar     Symbol(dataListeners): 0,
256 silly tar     Symbol(discarded): false
256 silly tar   },
256 silly tar   cwd: 'E:/Soni_Navratri/node_modules/firebase/node_modules/@firebase/auth',
256 silly tar   tarCode: 'TAR_ENTRY_ERROR'
256 silly tar }
257 warn tar TAR_ENTRY_ERROR ENOENT: no such file or directory, lstat 'E:\Soni_Navratri\node_modules\firebase\node_modules\@firebase\auth\dist'
258 silly tar TAR_ENTRY_ERROR ENOENT: no such file or directory, lstat 'E:\Soni_Navratri\node_modules\firebase\node_modules\@firebase\auth\dist' [Error: ENOENT: no such file or directory, lstat 'E:\Soni_Navratri\node_modules\firebase\node_modules\@firebase\auth\dist'] {
258 silly tar   errno: -4058,
258 silly tar   code: 'ENOENT',
258 silly tar   syscall: 'lstat',
258 silly tar   path: 'E:/Soni_Navratri/node_modules/firebase/node_modules/@firebase/auth/dist',
258 silly tar   entry: Is {
258 silly tar     _events: [Object: null prototype] { end: [Function (anonymous)] },
258 silly tar     _eventsCount: 1,
258 silly tar     _maxListeners: undefined,
258 silly tar     writable: false,
258 silly tar     readable: true,
258 silly tar     extended: undefined,
258 silly tar     globalExtended: undefined,
258 silly tar     header: Ls {
258 silly tar       cksumValid: true,
258 silly tar       needPax: false,
258 silly tar       nullBlock: false,
258 silly tar       block: undefined,
258 silly tar       path: 'package/dist/cordova/src/core/strategies/action_code_settings.test.d.ts',
258 silly tar       mode: 420,
258 silly tar       uid: undefined,
258 silly tar       gid: undefined,
258 silly tar       size: 633,
258 silly tar       cksum: 10056,
258 silly tar       linkpath: '',
258 silly tar       uname: '',
258 silly tar       gname: '',
258 silly tar       devmaj: 0,
258 silly tar       devmin: 0,
258 silly tar       atime: undefined,
258 silly tar       ctime: undefined,
258 silly tar       mtime: 1985-10-26T08:15:00.000Z,
258 silly tar       charset: undefined,
258 silly tar       comment: undefined
258 silly tar     },
258 silly tar     startBlockSize: 1024,
258 silly tar     blockRemain: 0,
258 silly tar     remain: 0,
258 silly tar     type: 'File',
258 silly tar     meta: false,
258 silly tar     ignore: false,
258 silly tar     path: 'dist/cordova/src/core/strategies/action_code_settings.test.d.ts',
258 silly tar     mode: 438,
258 silly tar     uid: undefined,
258 silly tar     gid: undefined,
258 silly tar     uname: '',
258 silly tar     gname: '',
258 silly tar     size: 633,
258 silly tar     mtime: 1985-10-26T08:15:00.000Z,
258 silly tar     atime: undefined,
258 silly tar     ctime: undefined,
258 silly tar     linkpath: undefined,
258 silly tar     dev: undefined,
258 silly tar     ino: undefined,
258 silly tar     nlink: undefined,
258 silly tar     invalid: false,
258 silly tar     absolute: 'E:/Soni_Navratri/node_modules/firebase/node_modules/@firebase/auth/dist/cordova/src/core/strategies/action_code_settings.test.d.ts',
258 silly tar     unsupported: false,
258 silly tar     Symbol(shapeMode): false,
258 silly tar     Symbol(kCapture): false,
258 silly tar     Symbol(flowing): false,
258 silly tar     Symbol(paused): true,
258 silly tar     Symbol(pipes): [],
258 silly tar     Symbol(buffer): [
258 silly tar       <Buffer 2f 2a 2a 0d 0a 20 2a 20 40 6c 69 63 65 6e 73 65 0d 0a 20 2a 20 43 6f 70 79 72 69 67 68 74 20 32 30 32 30 20 47 6f 6f 67 6c 65 20 4c 4c 43 0d 0a 20 2a ... 583 more bytes>
258 silly tar     ],
258 silly tar     Symbol(objectMode): false,
258 silly tar     Symbol(encoding): null,
258 silly tar     Symbol(async): false,
258 silly tar     Symbol(decoder): null,
258 silly tar     Symbol(EOF): true,
258 silly tar     Symbol(emittedEnd): false,
258 silly tar     Symbol(emittingEnd): false,
258 silly tar     Symbol(closed): false,
258 silly tar     Symbol(emittedError): null,
258 silly tar     Symbol(bufferLength): 633,
258 silly tar     Symbol(destroyed): false,
258 silly tar     Symbol(signal): undefined,
258 silly tar     Symbol(aborted): false,
258 silly tar     Symbol(dataListeners): 0,
258 silly tar     Symbol(discarded): false
258 silly tar   },
258 silly tar   cwd: 'E:/Soni_Navratri/node_modules/firebase/node_modules/@firebase/auth',
258 silly tar   tarCode: 'TAR_ENTRY_ERROR'
258 silly tar }
259 warn tar TAR_ENTRY_ERROR ENOENT: no such file or directory, lstat 'E:\Soni_Navratri\node_modules\firebase\node_modules\@firebase\auth\dist'
260 silly tar TAR_ENTRY_ERROR ENOENT: no such file or directory, lstat 'E:\Soni_Navratri\node_modules\firebase\node_modules\@firebase\auth\dist' [Error: ENOENT: no such file or directory, lstat 'E:\Soni_Navratri\node_modules\firebase\node_modules\@firebase\auth\dist'] {
260 silly tar   errno: -4058,
260 silly tar   code: 'ENOENT',
260 silly tar   syscall: 'lstat',
260 silly tar   path: 'E:/Soni_Navratri/node_modules/firebase/node_modules/@firebase/auth/dist',
260 silly tar   entry: Is {
260 silly tar     _events: [Object: null prototype] { end: [Function (anonymous)] },
260 silly tar     _eventsCount: 1,
260 silly tar     _maxListeners: undefined,
260 silly tar     writable: false,
260 silly tar     readable: true,
260 silly tar     extended: undefined,
260 silly tar     globalExtended: undefined,
260 silly tar     header: Ls {
260 silly tar       cksumValid: true,
260 silly tar       needPax: false,
260 silly tar       nullBlock: false,
260 silly tar       block: undefined,
260 silly tar       path: 'package/dist/esm2017/src/core/strategies/action_code_settings.test.d.ts',
260 silly tar       mode: 420,
260 silly tar       uid: undefined,
260 silly tar       gid: undefined,
260 silly tar       size: 633,
260 silly tar       cksum: 9833,
260 silly tar       linkpath: '',
260 silly tar       uname: '',
260 silly tar       gname: '',
260 silly tar       devmaj: 0,
260 silly tar       devmin: 0,
260 silly tar       atime: undefined,
260 silly tar       ctime: undefined,
260 silly tar       mtime: 1985-10-26T08:15:00.000Z,
260 silly tar       charset: undefined,
260 silly tar       comment: undefined
260 silly tar     },
260 silly tar     startBlockSize: 1024,
260 silly tar     blockRemain: 0,
260 silly tar     remain: 0,
260 silly tar     type: 'File',
260 silly tar     meta: false,
260 silly tar     ignore: false,
260 silly tar     path: 'dist/esm2017/src/core/strategies/action_code_settings.test.d.ts',
260 silly tar     mode: 438,
260 silly tar     uid: undefined,
260 silly tar     gid: undefined,
260 silly tar     uname: '',
260 silly tar     gname: '',
260 silly tar     size: 633,
260 silly tar     mtime: 1985-10-26T08:15:00.000Z,
260 silly tar     atime: undefined,
260 silly tar     ctime: undefined,
260 silly tar     linkpath: undefined,
260 silly tar     dev: undefined,
260 silly tar     ino: undefined,
260 silly tar     nlink: undefined,
260 silly tar     invalid: false,
260 silly tar     absolute: 'E:/Soni_Navratri/node_modules/firebase/node_modules/@firebase/auth/dist/esm2017/src/core/strategies/action_code_settings.test.d.ts',
260 silly tar     unsupported: false,
260 silly tar     Symbol(shapeMode): false,
260 silly tar     Symbol(kCapture): false,
260 silly tar     Symbol(flowing): false,
260 silly tar     Symbol(paused): true,
260 silly tar     Symbol(pipes): [],
260 silly tar     Symbol(buffer): [
260 silly tar       <Buffer 2f 2a 2a 0d 0a 20 2a 20 40 6c 69 63 65 6e 73 65 0d 0a 20 2a 20 43 6f 70 79 72 69 67 68 74 20 32 30 32 30 20 47 6f 6f 67 6c 65 20 4c 4c 43 0d 0a 20 2a ... 583 more bytes>
260 silly tar     ],
260 silly tar     Symbol(objectMode): false,
260 silly tar     Symbol(encoding): null,
260 silly tar     Symbol(async): false,
260 silly tar     Symbol(decoder): null,
260 silly tar     Symbol(EOF): true,
260 silly tar     Symbol(emittedEnd): false,
260 silly tar     Symbol(emittingEnd): false,
260 silly tar     Symbol(closed): false,
260 silly tar     Symbol(emittedError): null,
260 silly tar     Symbol(bufferLength): 633,
260 silly tar     Symbol(destroyed): false,
260 silly tar     Symbol(signal): undefined,
260 silly tar     Symbol(aborted): false,
260 silly tar     Symbol(dataListeners): 0,
260 silly tar     Symbol(discarded): false
260 silly tar   },
260 silly tar   cwd: 'E:/Soni_Navratri/node_modules/firebase/node_modules/@firebase/auth',
260 silly tar   tarCode: 'TAR_ENTRY_ERROR'
260 silly tar }
261 warn tar TAR_ENTRY_ERROR ENOENT: no such file or directory, lstat 'E:\Soni_Navratri\node_modules\firebase\node_modules\@firebase\auth\dist'
262 silly tar TAR_ENTRY_ERROR ENOENT: no such file or directory, lstat 'E:\Soni_Navratri\node_modules\firebase\node_modules\@firebase\auth\dist' [Error: ENOENT: no such file or directory, lstat 'E:\Soni_Navratri\node_modules\firebase\node_modules\@firebase\auth\dist'] {
262 silly tar   errno: -4058,
262 silly tar   code: 'ENOENT',
262 silly tar   syscall: 'lstat',
262 silly tar   path: 'E:/Soni_Navratri/node_modules/firebase/node_modules/@firebase/auth/dist',
262 silly tar   entry: Is {
262 silly tar     _events: [Object: null prototype] { end: [Function (anonymous)] },
262 silly tar     _eventsCount: 1,
262 silly tar     _maxListeners: undefined,
262 silly tar     writable: false,
262 silly tar     readable: true,
262 silly tar     extended: undefined,
262 silly tar     globalExtended: undefined,
262 silly tar     header: Ls {
262 silly tar       cksumValid: true,
262 silly tar       needPax: false,
262 silly tar       nullBlock: false,
262 silly tar       block: undefined,
262 silly tar       path: 'package/dist/esm5/src/core/strategies/action_code_settings.test.d.ts',
262 silly tar       mode: 420,
262 silly tar       uid: undefined,
262 silly tar       gid: undefined,
262 silly tar       size: 633,
262 silly tar       cksum: 9684,
262 silly tar       linkpath: '',
262 silly tar       uname: '',
262 silly tar       gname: '',
262 silly tar       devmaj: 0,
262 silly tar       devmin: 0,
262 silly tar       atime: undefined,
262 silly tar       ctime: undefined,
262 silly tar       mtime: 1985-10-26T08:15:00.000Z,
262 silly tar       charset: undefined,
262 silly tar       comment: undefined
262 silly tar     },
262 silly tar     startBlockSize: 1024,
262 silly tar     blockRemain: 0,
262 silly tar     remain: 0,
262 silly tar     type: 'File',
262 silly tar     meta: false,
262 silly tar     ignore: false,
262 silly tar     path: 'dist/esm5/src/core/strategies/action_code_settings.test.d.ts',
262 silly tar     mode: 438,
262 silly tar     uid: undefined,
262 silly tar     gid: undefined,
262 silly tar     uname: '',
262 silly tar     gname: '',
262 silly tar     size: 633,
262 silly tar     mtime: 1985-10-26T08:15:00.000Z,
262 silly tar     atime: undefined,
262 silly tar     ctime: undefined,
262 silly tar     linkpath: undefined,
262 silly tar     dev: undefined,
262 silly tar     ino: undefined,
262 silly tar     nlink: undefined,
262 silly tar     invalid: false,
262 silly tar     absolute: 'E:/Soni_Navratri/node_modules/firebase/node_modules/@firebase/auth/dist/esm5/src/core/strategies/action_code_settings.test.d.ts',
262 silly tar     unsupported: false,
262 silly tar     Symbol(shapeMode): false,
262 silly tar     Symbol(kCapture): false,
262 silly tar     Symbol(flowing): false,
262 silly tar     Symbol(paused): true,
262 silly tar     Symbol(pipes): [],
262 silly tar     Symbol(buffer): [
262 silly tar       <Buffer 2f 2a 2a 0d 0a 20 2a 20 40 6c 69 63 65 6e 73 65 0d 0a 20 2a 20 43 6f 70 79 72 69 67 68 74 20 32 30 32 30 20 47 6f 6f 67 6c 65 20 4c 4c 43 0d 0a 20 2a ... 583 more bytes>
262 silly tar     ],
262 silly tar     Symbol(objectMode): false,
262 silly tar     Symbol(encoding): null,
262 silly tar     Symbol(async): false,
262 silly tar     Symbol(decoder): null,
262 silly tar     Symbol(EOF): true,
262 silly tar     Symbol(emittedEnd): false,
262 silly tar     Symbol(emittingEnd): false,
262 silly tar     Symbol(closed): false,
262 silly tar     Symbol(emittedError): null,
262 silly tar     Symbol(bufferLength): 633,
262 silly tar     Symbol(destroyed): false,
262 silly tar     Symbol(signal): undefined,
262 silly tar     Symbol(aborted): false,
262 silly tar     Symbol(dataListeners): 0,
262 silly tar     Symbol(discarded): false
262 silly tar   },
262 silly tar   cwd: 'E:/Soni_Navratri/node_modules/firebase/node_modules/@firebase/auth',
262 silly tar   tarCode: 'TAR_ENTRY_ERROR'
262 silly tar }
263 warn tar TAR_ENTRY_ERROR ENOENT: no such file or directory, lstat 'E:\Soni_Navratri\node_modules\firebase\node_modules\@firebase\auth\dist'
264 silly tar TAR_ENTRY_ERROR ENOENT: no such file or directory, lstat 'E:\Soni_Navratri\node_modules\firebase\node_modules\@firebase\auth\dist' [Error: ENOENT: no such file or directory, lstat 'E:\Soni_Navratri\node_modules\firebase\node_modules\@firebase\auth\dist'] {
264 silly tar   errno: -4058,
264 silly tar   code: 'ENOENT',
264 silly tar   syscall: 'lstat',
264 silly tar   path: 'E:/Soni_Navratri/node_modules/firebase/node_modules/@firebase/auth/dist',
264 silly tar   entry: Is {
264 silly tar     _events: [Object: null prototype] { end: [Function (anonymous)] },
264 silly tar     _eventsCount: 1,
264 silly tar     _maxListeners: undefined,
264 silly tar     writable: false,
264 silly tar     readable: true,
264 silly tar     extended: undefined,
264 silly tar     globalExtended: undefined,
264 silly tar     header: Ls {
264 silly tar       cksumValid: true,
264 silly tar       needPax: false,
264 silly tar       nullBlock: false,
264 silly tar       block: undefined,
264 silly tar       path: 'package/dist/node-esm/src/core/strategies/action_code_settings.test.d.ts',
264 silly tar       mode: 420,
264 silly tar       uid: undefined,
264 silly tar       gid: undefined,
264 silly tar       size: 633,
264 silly tar       cksum: 10098,
264 silly tar       linkpath: '',
264 silly tar       uname: '',
264 silly tar       gname: '',
264 silly tar       devmaj: 0,
264 silly tar       devmin: 0,
264 silly tar       atime: undefined,
264 silly tar       ctime: undefined,
264 silly tar       mtime: 1985-10-26T08:15:00.000Z,
264 silly tar       charset: undefined,
264 silly tar       comment: undefined
264 silly tar     },
264 silly tar     startBlockSize: 1024,
264 silly tar     blockRemain: 0,
264 silly tar     remain: 0,
264 silly tar     type: 'File',
264 silly tar     meta: false,
264 silly tar     ignore: false,
264 silly tar     path: 'dist/node-esm/src/core/strategies/action_code_settings.test.d.ts',
264 silly tar     mode: 438,
264 silly tar     uid: undefined,
264 silly tar     gid: undefined,
264 silly tar     uname: '',
264 silly tar     gname: '',
264 silly tar     size: 633,
264 silly tar     mtime: 1985-10-26T08:15:00.000Z,
264 silly tar     atime: undefined,
264 silly tar     ctime: undefined,
264 silly tar     linkpath: undefined,
264 silly tar     dev: undefined,
264 silly tar     ino: undefined,
264 silly tar     nlink: undefined,
264 silly tar     invalid: false,
264 silly tar     absolute: 'E:/Soni_Navratri/node_modules/firebase/node_modules/@firebase/auth/dist/node-esm/src/core/strategies/action_code_settings.test.d.ts',
264 silly tar     unsupported: false,
264 silly tar     Symbol(shapeMode): false,
264 silly tar     Symbol(kCapture): false,
264 silly tar     Symbol(flowing): false,
264 silly tar     Symbol(paused): true,
264 silly tar     Symbol(pipes): [],
264 silly tar     Symbol(buffer): [
264 silly tar       <Buffer 2f 2a 2a 0d 0a 20 2a 20 40 6c 69 63 65 6e 73 65 0d 0a 20 2a 20 43 6f 70 79 72 69 67 68 74 20 32 30 32 30 20 47 6f 6f 67 6c 65 20 4c 4c 43 0d 0a 20 2a ... 583 more bytes>
264 silly tar     ],
264 silly tar     Symbol(objectMode): false,
264 silly tar     Symbol(encoding): null,
264 silly tar     Symbol(async): false,
264 silly tar     Symbol(decoder): null,
264 silly tar     Symbol(EOF): true,
264 silly tar     Symbol(emittedEnd): false,
264 silly tar     Symbol(emittingEnd): false,
264 silly tar     Symbol(closed): false,
264 silly tar     Symbol(emittedError): null,
264 silly tar     Symbol(bufferLength): 633,
264 silly tar     Symbol(destroyed): false,
264 silly tar     Symbol(signal): undefined,
264 silly tar     Symbol(aborted): false,
264 silly tar     Symbol(dataListeners): 0,
264 silly tar     Symbol(discarded): false
264 silly tar   },
264 silly tar   cwd: 'E:/Soni_Navratri/node_modules/firebase/node_modules/@firebase/auth',
264 silly tar   tarCode: 'TAR_ENTRY_ERROR'
264 silly tar }
265 warn tar TAR_ENTRY_ERROR ENOENT: no such file or directory, lstat 'E:\Soni_Navratri\node_modules\firebase\node_modules\@firebase\auth\dist'
266 silly tar TAR_ENTRY_ERROR ENOENT: no such file or directory, lstat 'E:\Soni_Navratri\node_modules\firebase\node_modules\@firebase\auth\dist' [Error: ENOENT: no such file or directory, lstat 'E:\Soni_Navratri\node_modules\firebase\node_modules\@firebase\auth\dist'] {
266 silly tar   errno: -4058,
266 silly tar   code: 'ENOENT',
266 silly tar   syscall: 'lstat',
266 silly tar   path: 'E:/Soni_Navratri/node_modules/firebase/node_modules/@firebase/auth/dist',
266 silly tar   entry: Is {
266 silly tar     _events: [Object: null prototype] { end: [Function (anonymous)] },
266 silly tar     _eventsCount: 1,
266 silly tar     _maxListeners: undefined,
266 silly tar     writable: false,
266 silly tar     readable: true,
266 silly tar     extended: undefined,
266 silly tar     globalExtended: undefined,
266 silly tar     header: Ls {
266 silly tar       cksumValid: true,
266 silly tar       needPax: false,
266 silly tar       nullBlock: false,
266 silly tar       block: undefined,
266 silly tar       path: 'package/dist/node/src/core/strategies/action_code_settings.test.d.ts',
266 silly tar       mode: 420,
266 silly tar       uid: undefined,
266 silly tar       gid: undefined,
266 silly tar       size: 633,
266 silly tar       cksum: 9728,
266 silly tar       linkpath: '',
266 silly tar       uname: '',
266 silly tar       gname: '',
266 silly tar       devmaj: 0,
266 silly tar       devmin: 0,
266 silly tar       atime: undefined,
266 silly tar       ctime: undefined,
266 silly tar       mtime: 1985-10-26T08:15:00.000Z,
266 silly tar       charset: undefined,
266 silly tar       comment: undefined
266 silly tar     },
266 silly tar     startBlockSize: 1024,
266 silly tar     blockRemain: 0,
266 silly tar     remain: 0,
266 silly tar     type: 'File',
266 silly tar     meta: false,
266 silly tar     ignore: false,
266 silly tar     path: 'dist/node/src/core/strategies/action_code_settings.test.d.ts',
266 silly tar     mode: 438,
266 silly tar     uid: undefined,
266 silly tar     gid: undefined,
266 silly tar     uname: '',
266 silly tar     gname: '',
266 silly tar     size: 633,
266 silly tar     mtime: 1985-10-26T08:15:00.000Z,
266 silly tar     atime: undefined,
266 silly tar     ctime: undefined,
266 silly tar     linkpath: undefined,
266 silly tar     dev: undefined,
266 silly tar     ino: undefined,
266 silly tar     nlink: undefined,
266 silly tar     invalid: false,
266 silly tar     absolute: 'E:/Soni_Navratri/node_modules/firebase/node_modules/@firebase/auth/dist/node/src/core/strategies/action_code_settings.test.d.ts',
266 silly tar     unsupported: false,
266 silly tar     Symbol(shapeMode): false,
266 silly tar     Symbol(kCapture): false,
266 silly tar     Symbol(flowing): false,
266 silly tar     Symbol(paused): true,
266 silly tar     Symbol(pipes): [],
266 silly tar     Symbol(buffer): [
266 silly tar       <Buffer 2f 2a 2a 0d 0a 20 2a 20 40 6c 69 63 65 6e 73 65 0d 0a 20 2a 20 43 6f 70 79 72 69 67 68 74 20 32 30 32 30 20 47 6f 6f 67 6c 65 20 4c 4c 43 0d 0a 20 2a ... 583 more bytes>
266 silly tar     ],
266 silly tar     Symbol(objectMode): false,
266 silly tar     Symbol(encoding): null,
266 silly tar     Symbol(async): false,
266 silly tar     Symbol(decoder): null,
266 silly tar     Symbol(EOF): true,
266 silly tar     Symbol(emittedEnd): false,
266 silly tar     Symbol(emittingEnd): false,
266 silly tar     Symbol(closed): false,
266 silly tar     Symbol(emittedError): null,
266 silly tar     Symbol(bufferLength): 633,
266 silly tar     Symbol(destroyed): false,
266 silly tar     Symbol(signal): undefined,
266 silly tar     Symbol(aborted): false,
266 silly tar     Symbol(dataListeners): 0,
266 silly tar     Symbol(discarded): false
266 silly tar   },
266 silly tar   cwd: 'E:/Soni_Navratri/node_modules/firebase/node_modules/@firebase/auth',
266 silly tar   tarCode: 'TAR_ENTRY_ERROR'
266 silly tar }
267 warn tar TAR_ENTRY_ERROR ENOENT: no such file or directory, lstat 'E:\Soni_Navratri\node_modules\firebase\node_modules\@firebase\auth\dist'
268 silly tar TAR_ENTRY_ERROR ENOENT: no such file or directory, lstat 'E:\Soni_Navratri\node_modules\firebase\node_modules\@firebase\auth\dist' [Error: ENOENT: no such file or directory, lstat 'E:\Soni_Navratri\node_modules\firebase\node_modules\@firebase\auth\dist'] {
268 silly tar   errno: -4058,
268 silly tar   code: 'ENOENT',
268 silly tar   syscall: 'lstat',
268 silly tar   path: 'E:/Soni_Navratri/node_modules/firebase/node_modules/@firebase/auth/dist',
268 silly tar   entry: Is {
268 silly tar     _events: [Object: null prototype] { end: [Function (anonymous)] },
268 silly tar     _eventsCount: 1,
268 silly tar     _maxListeners: undefined,
268 silly tar     writable: false,
268 silly tar     readable: true,
268 silly tar     extended: undefined,
268 silly tar     globalExtended: undefined,
268 silly tar     header: Ls {
268 silly tar       cksumValid: true,
268 silly tar       needPax: false,
268 silly tar       nullBlock: false,
268 silly tar       block: undefined,
268 silly tar       path: 'package/dist/rn/src/core/strategies/action_code_settings.test.d.ts',
268 silly tar       mode: 420,
268 silly tar       uid: undefined,
268 silly tar       gid: undefined,
268 silly tar       size: 633,
268 silly tar       cksum: 9530,
268 silly tar       linkpath: '',
268 silly tar       uname: '',
268 silly tar       gname: '',
268 silly tar       devmaj: 0,
268 silly tar       devmin: 0,
268 silly tar       atime: undefined,
268 silly tar       ctime: undefined,
268 silly tar       mtime: 1985-10-26T08:15:00.000Z,
268 silly tar       charset: undefined,
268 silly tar       comment: undefined
268 silly tar     },
268 silly tar     startBlockSize: 1024,
268 silly tar     blockRemain: 0,
268 silly tar     remain: 0,
268 silly tar     type: 'File',
268 silly tar     meta: false,
268 silly tar     ignore: false,
268 silly tar     path: 'dist/rn/src/core/strategies/action_code_settings.test.d.ts',
268 silly tar     mode: 438,
268 silly tar     uid: undefined,
268 silly tar     gid: undefined,
268 silly tar     uname: '',
268 silly tar     gname: '',
268 silly tar     size: 633,
268 silly tar     mtime: 1985-10-26T08:15:00.000Z,
268 silly tar     atime: undefined,
268 silly tar     ctime: undefined,
268 silly tar     linkpath: undefined,
268 silly tar     dev: undefined,
268 silly tar     ino: undefined,
268 silly tar     nlink: undefined,
268 silly tar     invalid: false,
268 silly tar     absolute: 'E:/Soni_Navratri/node_modules/firebase/node_modules/@firebase/auth/dist/rn/src/core/strategies/action_code_settings.test.d.ts',
268 silly tar     unsupported: false,
268 silly tar     Symbol(shapeMode): false,
268 silly tar     Symbol(kCapture): false,
268 silly tar     Symbol(flowing): false,
268 silly tar     Symbol(paused): true,
268 silly tar     Symbol(pipes): [],
268 silly tar     Symbol(buffer): [
268 silly tar       <Buffer 2f 2a 2a 0d 0a 20 2a 20 40 6c 69 63 65 6e 73 65 0d 0a 20 2a 20 43 6f 70 79 72 69 67 68 74 20 32 30 32 30 20 47 6f 6f 67 6c 65 20 4c 4c 43 0d 0a 20 2a ... 583 more bytes>
268 silly tar     ],
268 silly tar     Symbol(objectMode): false,
268 silly tar     Symbol(encoding): null,
268 silly tar     Symbol(async): false,
268 silly tar     Symbol(decoder): null,
268 silly tar     Symbol(EOF): true,
268 silly tar     Symbol(emittedEnd): false,
268 silly tar     Symbol(emittingEnd): false,
268 silly tar     Symbol(closed): false,
268 silly tar     Symbol(emittedError): null,
268 silly tar     Symbol(bufferLength): 633,
268 silly tar     Symbol(destroyed): false,
268 silly tar     Symbol(signal): undefined,
268 silly tar     Symbol(aborted): false,
268 silly tar     Symbol(dataListeners): 0,
268 silly tar     Symbol(discarded): false
268 silly tar   },
268 silly tar   cwd: 'E:/Soni_Navratri/node_modules/firebase/node_modules/@firebase/auth',
268 silly tar   tarCode: 'TAR_ENTRY_ERROR'
268 silly tar }
269 warn tar TAR_ENTRY_ERROR ENOENT: no such file or directory, lstat 'E:\Soni_Navratri\node_modules\firebase\node_modules\@firebase\auth\dist'
270 silly tar TAR_ENTRY_ERROR ENOENT: no such file or directory, lstat 'E:\Soni_Navratri\node_modules\firebase\node_modules\@firebase\auth\dist' [Error: ENOENT: no such file or directory, lstat 'E:\Soni_Navratri\node_modules\firebase\node_modules\@firebase\auth\dist'] {
270 silly tar   errno: -4058,
270 silly tar   code: 'ENOENT',
270 silly tar   syscall: 'lstat',
270 silly tar   path: 'E:/Soni_Navratri/node_modules/firebase/node_modules/@firebase/auth/dist',
270 silly tar   entry: Is {
270 silly tar     _events: [Object: null prototype] { end: [Function (anonymous)] },
270 silly tar     _eventsCount: 1,
270 silly tar     _maxListeners: undefined,
270 silly tar     writable: false,
270 silly tar     readable: true,
270 silly tar     extended: undefined,
270 silly tar     globalExtended: undefined,
270 silly tar     header: Ls {
270 silly tar       cksumValid: true,
270 silly tar       needPax: false,
270 silly tar       nullBlock: false,
270 silly tar       block: undefined,
270 silly tar       path: 'package/dist/src/core/strategies/action_code_settings.test.d.ts',
270 silly tar       mode: 420,
270 silly tar       uid: undefined,
270 silly tar       gid: undefined,
270 silly tar       size: 633,
270 silly tar       cksum: 9259,
270 silly tar       linkpath: '',
270 silly tar       uname: '',
270 silly tar       gname: '',
270 silly tar       devmaj: 0,
270 silly tar       devmin: 0,
270 silly tar       atime: undefined,
270 silly tar       ctime: undefined,
270 silly tar       mtime: 1985-10-26T08:15:00.000Z,
270 silly tar       charset: undefined,
270 silly tar       comment: undefined
270 silly tar     },
270 silly tar     startBlockSize: 1024,
270 silly tar     blockRemain: 0,
270 silly tar     remain: 0,
270 silly tar     type: 'File',
270 silly tar     meta: false,
270 silly tar     ignore: false,
270 silly tar     path: 'dist/src/core/strategies/action_code_settings.test.d.ts',
270 silly tar     mode: 438,
270 silly tar     uid: undefined,
270 silly tar     gid: undefined,
270 silly tar     uname: '',
270 silly tar     gname: '',
270 silly tar     size: 633,
270 silly tar     mtime: 1985-10-26T08:15:00.000Z,
270 silly tar     atime: undefined,
270 silly tar     ctime: undefined,
270 silly tar     linkpath: undefined,
270 silly tar     dev: undefined,
270 silly tar     ino: undefined,
270 silly tar     nlink: undefined,
270 silly tar     invalid: false,
270 silly tar     absolute: 'E:/Soni_Navratri/node_modules/firebase/node_modules/@firebase/auth/dist/src/core/strategies/action_code_settings.test.d.ts',
270 silly tar     unsupported: false,
270 silly tar     Symbol(shapeMode): false,
270 silly tar     Symbol(kCapture): false,
270 silly tar     Symbol(flowing): false,
270 silly tar     Symbol(paused): true,
270 silly tar     Symbol(pipes): [],
270 silly tar     Symbol(buffer): [
270 silly tar       <Buffer 2f 2a 2a 0d 0a 20 2a 20 40 6c 69 63 65 6e 73 65 0d 0a 20 2a 20 43 6f 70 79 72 69 67 68 74 20 32 30 32 30 20 47 6f 6f 67 6c 65 20 4c 4c 43 0d 0a 20 2a ... 583 more bytes>
270 silly tar     ],
270 silly tar     Symbol(objectMode): false,
270 silly tar     Symbol(encoding): null,
270 silly tar     Symbol(async): false,
270 silly tar     Symbol(decoder): null,
270 silly tar     Symbol(EOF): true,
270 silly tar     Symbol(emittedEnd): false,
270 silly tar     Symbol(emittingEnd): false,
270 silly tar     Symbol(closed): false,
270 silly tar     Symbol(emittedError): null,
270 silly tar     Symbol(bufferLength): 633,
270 silly tar     Symbol(destroyed): false,
270 silly tar     Symbol(signal): undefined,
270 silly tar     Symbol(aborted): false,
270 silly tar     Symbol(dataListeners): 0,
270 silly tar     Symbol(discarded): false
270 silly tar   },
270 silly tar   cwd: 'E:/Soni_Navratri/node_modules/firebase/node_modules/@firebase/auth',
270 silly tar   tarCode: 'TAR_ENTRY_ERROR'
270 silly tar }
271 warn tar TAR_ENTRY_ERROR ENOENT: no such file or directory, lstat 'E:\Soni_Navratri\node_modules\firebase\node_modules\@firebase\auth\dist'
272 silly tar TAR_ENTRY_ERROR ENOENT: no such file or directory, lstat 'E:\Soni_Navratri\node_modules\firebase\node_modules\@firebase\auth\dist' [Error: ENOENT: no such file or directory, lstat 'E:\Soni_Navratri\node_modules\firebase\node_modules\@firebase\auth\dist'] {
272 silly tar   errno: -4058,
272 silly tar   code: 'ENOENT',
272 silly tar   syscall: 'lstat',
272 silly tar   path: 'E:/Soni_Navratri/node_modules/firebase/node_modules/@firebase/auth/dist',
272 silly tar   entry: Is {
272 silly tar     _events: [Object: null prototype] { end: [Function (anonymous)] },
272 silly tar     _eventsCount: 1,
272 silly tar     _maxListeners: undefined,
272 silly tar     writable: false,
272 silly tar     readable: true,
272 silly tar     extended: undefined,
272 silly tar     globalExtended: undefined,
272 silly tar     header: Ls {
272 silly tar       cksumValid: true,
272 silly tar       needPax: false,
272 silly tar       nullBlock: false,
272 silly tar       block: undefined,
272 silly tar       path: 'package/dist/web-extension-cjs/src/core/strategies/action_code_settings.test.d.ts',
272 silly tar       mode: 420,
272 silly tar       uid: undefined,
272 silly tar       gid: undefined,
272 silly tar       size: 633,
272 silly tar       cksum: 11023,
272 silly tar       linkpath: '',
272 silly tar       uname: '',
272 silly tar       gname: '',
272 silly tar       devmaj: 0,
272 silly tar       devmin: 0,
272 silly tar       atime: undefined,
272 silly tar       ctime: undefined,
272 silly tar       mtime: 1985-10-26T08:15:00.000Z,
272 silly tar       charset: undefined,
272 silly tar       comment: undefined
272 silly tar     },
272 silly tar     startBlockSize: 1024,
272 silly tar     blockRemain: 0,
272 silly tar     remain: 0,
272 silly tar     type: 'File',
272 silly tar     meta: false,
272 silly tar     ignore: false,
272 silly tar     path: 'dist/web-extension-cjs/src/core/strategies/action_code_settings.test.d.ts',
272 silly tar     mode: 438,
272 silly tar     uid: undefined,
272 silly tar     gid: undefined,
272 silly tar     uname: '',
272 silly tar     gname: '',
272 silly tar     size: 633,
272 silly tar     mtime: 1985-10-26T08:15:00.000Z,
272 silly tar     atime: undefined,
272 silly tar     ctime: undefined,
272 silly tar     linkpath: undefined,
272 silly tar     dev: undefined,
272 silly tar     ino: undefined,
272 silly tar     nlink: undefined,
272 silly tar     invalid: false,
272 silly tar     absolute: 'E:/Soni_Navratri/node_modules/firebase/node_modules/@firebase/auth/dist/web-extension-cjs/src/core/strategies/action_code_settings.test.d.ts',
272 silly tar     unsupported: false,
272 silly tar     Symbol(shapeMode): false,
272 silly tar     Symbol(kCapture): false,
272 silly tar     Symbol(flowing): false,
272 silly tar     Symbol(paused): true,
272 silly tar     Symbol(pipes): [],
272 silly tar     Symbol(buffer): [
272 silly tar       <Buffer 2f 2a 2a 0d 0a 20 2a 20 40 6c 69 63 65 6e 73 65 0d 0a 20 2a 20 43 6f 70 79 72 69 67 68 74 20 32 30 32 30 20 47 6f 6f 67 6c 65 20 4c 4c 43 0d 0a 20 2a ... 583 more bytes>
272 silly tar     ],
272 silly tar     Symbol(objectMode): false,
272 silly tar     Symbol(encoding): null,
272 silly tar     Symbol(async): false,
272 silly tar     Symbol(decoder): null,
272 silly tar     Symbol(EOF): true,
272 silly tar     Symbol(emittedEnd): false,
272 silly tar     Symbol(emittingEnd): false,
272 silly tar     Symbol(closed): false,
272 silly tar     Symbol(emittedError): null,
272 silly tar     Symbol(bufferLength): 633,
272 silly tar     Symbol(destroyed): false,
272 silly tar     Symbol(signal): undefined,
272 silly tar     Symbol(aborted): false,
272 silly tar     Symbol(dataListeners): 0,
272 silly tar     Symbol(discarded): false
272 silly tar   },
272 silly tar   cwd: 'E:/Soni_Navratri/node_modules/firebase/node_modules/@firebase/auth',
272 silly tar   tarCode: 'TAR_ENTRY_ERROR'
272 silly tar }
273 warn tar TAR_ENTRY_ERROR ENOENT: no such file or directory, lstat 'E:\Soni_Navratri\node_modules\firebase\node_modules\@firebase\auth\dist'
274 silly tar TAR_ENTRY_ERROR ENOENT: no such file or directory, lstat 'E:\Soni_Navratri\node_modules\firebase\node_modules\@firebase\auth\dist' [Error: ENOENT: no such file or directory, lstat 'E:\Soni_Navratri\node_modules\firebase\node_modules\@firebase\auth\dist'] {
274 silly tar   errno: -4058,
274 silly tar   code: 'ENOENT',
274 silly tar   syscall: 'lstat',
274 silly tar   path: 'E:/Soni_Navratri/node_modules/firebase/node_modules/@firebase/auth/dist',
274 silly tar   entry: Is {
274 silly tar     _events: [Object: null prototype] { end: [Function (anonymous)] },
274 silly tar     _eventsCount: 1,
274 silly tar     _maxListeners: undefined,
274 silly tar     writable: false,
274 silly tar     readable: true,
274 silly tar     extended: undefined,
274 silly tar     globalExtended: undefined,
274 silly tar     header: Ls {
274 silly tar       cksumValid: true,
274 silly tar       needPax: false,
274 silly tar       nullBlock: false,
274 silly tar       block: undefined,
274 silly tar       path: 'package/dist/web-extension-esm2017/src/core/strategies/action_code_settings.test.d.ts',
274 silly tar       mode: 420,
274 silly tar       uid: undefined,
274 silly tar       gid: undefined,
274 silly tar       size: 633,
274 silly tar       cksum: 11230,
274 silly tar       linkpath: '',
274 silly tar       uname: '',
274 silly tar       gname: '',
274 silly tar       devmaj: 0,
274 silly tar       devmin: 0,
274 silly tar       atime: undefined,
274 silly tar       ctime: undefined,
274 silly tar       mtime: 1985-10-26T08:15:00.000Z,
274 silly tar       charset: undefined,
274 silly tar       comment: undefined
274 silly tar     },
274 silly tar     startBlockSize: 1024,
274 silly tar     blockRemain: 0,
274 silly tar     remain: 0,
274 silly tar     type: 'File',
274 silly tar     meta: false,
274 silly tar     ignore: false,
274 silly tar     path: 'dist/web-extension-esm2017/src/core/strategies/action_code_settings.test.d.ts',
274 silly tar     mode: 438,
274 silly tar     uid: undefined,
274 silly tar     gid: undefined,
274 silly tar     uname: '',
274 silly tar     gname: '',
274 silly tar     size: 633,
274 silly tar     mtime: 1985-10-26T08:15:00.000Z,
274 silly tar     atime: undefined,
274 silly tar     ctime: undefined,
274 silly tar     linkpath: undefined,
274 silly tar     dev: undefined,
274 silly tar     ino: undefined,
274 silly tar     nlink: undefined,
274 silly tar     invalid: false,
274 silly tar     absolute: 'E:/Soni_Navratri/node_modules/firebase/node_modules/@firebase/auth/dist/web-extension-esm2017/src/core/strategies/action_code_settings.test.d.ts',
274 silly tar     unsupported: false,
274 silly tar     Symbol(shapeMode): false,
274 silly tar     Symbol(kCapture): false,
274 silly tar     Symbol(flowing): false,
274 silly tar     Symbol(paused): true,
274 silly tar     Symbol(pipes): [],
274 silly tar     Symbol(buffer): [
274 silly tar       <Buffer 2f 2a 2a 0d 0a 20 2a 20 40 6c 69 63 65 6e 73 65 0d 0a 20 2a 20 43 6f 70 79 72 69 67 68 74 20 32 30 32 30 20 47 6f 6f 67 6c 65 20 4c 4c 43 0d 0a 20 2a ... 583 more bytes>
274 silly tar     ],
274 silly tar     Symbol(objectMode): false,
274 silly tar     Symbol(encoding): null,
274 silly tar     Symbol(async): false,
274 silly tar     Symbol(decoder): null,
274 silly tar     Symbol(EOF): true,
274 silly tar     Symbol(emittedEnd): false,
274 silly tar     Symbol(emittingEnd): false,
274 silly tar     Symbol(closed): false,
274 silly tar     Symbol(emittedError): null,
274 silly tar     Symbol(bufferLength): 633,
274 silly tar     Symbol(destroyed): false,
274 silly tar     Symbol(signal): undefined,
274 silly tar     Symbol(aborted): false,
274 silly tar     Symbol(dataListeners): 0,
274 silly tar     Symbol(discarded): false
274 silly tar   },
274 silly tar   cwd: 'E:/Soni_Navratri/node_modules/firebase/node_modules/@firebase/auth',
274 silly tar   tarCode: 'TAR_ENTRY_ERROR'
274 silly tar }
275 warn tar TAR_ENTRY_ERROR ENOENT: no such file or directory, lstat 'E:\Soni_Navratri\node_modules\firebase\node_modules\@firebase\auth\dist'
276 silly tar TAR_ENTRY_ERROR ENOENT: no such file or directory, lstat 'E:\Soni_Navratri\node_modules\firebase\node_modules\@firebase\auth\dist' [Error: ENOENT: no such file or directory, lstat 'E:\Soni_Navratri\node_modules\firebase\node_modules\@firebase\auth\dist'] {
276 silly tar   errno: -4058,
276 silly tar   code: 'ENOENT',
276 silly tar   syscall: 'lstat',
276 silly tar   path: 'E:/Soni_Navratri/node_modules/firebase/node_modules/@firebase/auth/dist',
276 silly tar   entry: Is {
276 silly tar     _events: [Object: null prototype] { end: [Function (anonymous)] },
276 silly tar     _eventsCount: 1,
276 silly tar     _maxListeners: undefined,
276 silly tar     writable: false,
276 silly tar     readable: true,
276 silly tar     extended: undefined,
276 silly tar     globalExtended: undefined,
276 silly tar     header: Ls {
276 silly tar       cksumValid: true,
276 silly tar       needPax: false,
276 silly tar       nullBlock: false,
276 silly tar       block: undefined,
276 silly tar       path: 'package/dist/browser-cjs/src/core/action_code_url.d.ts',
276 silly tar       mode: 420,
276 silly tar       uid: undefined,
276 silly tar       gid: undefined,
276 silly tar       size: 2446,
276 silly tar       cksum: 8284,
276 silly tar       linkpath: '',
276 silly tar       uname: '',
276 silly tar       gname: '',
276 silly tar       devmaj: 0,
276 silly tar       devmin: 0,
276 silly tar       atime: undefined,
276 silly tar       ctime: undefined,
276 silly tar       mtime: 1985-10-26T08:15:00.000Z,
276 silly tar       charset: undefined,
276 silly tar       comment: undefined
276 silly tar     },
276 silly tar     startBlockSize: 2560,
276 silly tar     blockRemain: 0,
276 silly tar     remain: 0,
276 silly tar     type: 'File',
276 silly tar     meta: false,
276 silly tar     ignore: false,
276 silly tar     path: 'dist/browser-cjs/src/core/action_code_url.d.ts',
276 silly tar     mode: 438,
276 silly tar     uid: undefined,
276 silly tar     gid: undefined,
276 silly tar     uname: '',
276 silly tar     gname: '',
276 silly tar     size: 2446,
276 silly tar     mtime: 1985-10-26T08:15:00.000Z,
276 silly tar     atime: undefined,
276 silly tar     ctime: undefined,
276 silly tar     linkpath: undefined,
276 silly tar     dev: undefined,
276 silly tar     ino: undefined,
276 silly tar     nlink: undefined,
276 silly tar     invalid: false,
276 silly tar     absolute: 'E:/Soni_Navratri/node_modules/firebase/node_modules/@firebase/auth/dist/browser-cjs/src/core/action_code_url.d.ts',
276 silly tar     unsupported: false,
276 silly tar     Symbol(shapeMode): false,
276 silly tar     Symbol(kCapture): false,
276 silly tar     Symbol(flowing): false,
276 silly tar     Symbol(paused): true,
276 silly tar     Symbol(pipes): [],
276 silly tar     Symbol(buffer): [
276 silly tar       <Buffer 2f 2a 2a 0d 0a 20 2a 20 40 6c 69 63 65 6e 73 65 0d 0a 20 2a 20 43 6f 70 79 72 69 67 68 74 20 32 30 32 30 20 47 6f 6f 67 6c 65 20 4c 4c 43 0d 0a 20 2a ... 2396 more bytes>
276 silly tar     ],
276 silly tar     Symbol(objectMode): false,
276 silly tar     Symbol(encoding): null,
276 silly tar     Symbol(async): false,
276 silly tar     Symbol(decoder): null,
276 silly tar     Symbol(EOF): true,
276 silly tar     Symbol(emittedEnd): false,
276 silly tar     Symbol(emittingEnd): false,
276 silly tar     Symbol(closed): false,
276 silly tar     Symbol(emittedError): null,
276 silly tar     Symbol(bufferLength): 2446,
276 silly tar     Symbol(destroyed): false,
276 silly tar     Symbol(signal): undefined,
276 silly tar     Symbol(aborted): false,
276 silly tar     Symbol(dataListeners): 0,
276 silly tar     Symbol(discarded): false
276 silly tar   },
276 silly tar   cwd: 'E:/Soni_Navratri/node_modules/firebase/node_modules/@firebase/auth',
276 silly tar   tarCode: 'TAR_ENTRY_ERROR'
276 silly tar }
277 warn tar TAR_ENTRY_ERROR ENOENT: no such file or directory, lstat 'E:\Soni_Navratri\node_modules\firebase\node_modules\@firebase\auth\dist'
278 silly tar TAR_ENTRY_ERROR ENOENT: no such file or directory, lstat 'E:\Soni_Navratri\node_modules\firebase\node_modules\@firebase\auth\dist' [Error: ENOENT: no such file or directory, lstat 'E:\Soni_Navratri\node_modules\firebase\node_modules\@firebase\auth\dist'] {
278 silly tar   errno: -4058,
278 silly tar   code: 'ENOENT',
278 silly tar   syscall: 'lstat',
278 silly tar   path: 'E:/Soni_Navratri/node_modules/firebase/node_modules/@firebase/auth/dist',
278 silly tar   entry: Is {
278 silly tar     _events: [Object: null prototype] { end: [Function (anonymous)] },
278 silly tar     _eventsCount: 1,
278 silly tar     _maxListeners: undefined,
278 silly tar     writable: false,
278 silly tar     readable: true,
278 silly tar     extended: undefined,
278 silly tar     globalExtended: undefined,
278 silly tar     header: Ls {
278 silly tar       cksumValid: true,
278 silly tar       needPax: false,
278 silly tar       nullBlock: false,
278 silly tar       block: undefined,
278 silly tar       path: 'package/dist/cordova/src/core/action_code_url.d.ts',
278 silly tar       mode: 420,
278 silly tar       uid: undefined,
278 silly tar       gid: undefined,
278 silly tar       size: 2446,
278 silly tar       cksum: 7897,
278 silly tar       linkpath: '',
278 silly tar       uname: '',
278 silly tar       gname: '',
278 silly tar       devmaj: 0,
278 silly tar       devmin: 0,
278 silly tar       atime: undefined,
278 silly tar       ctime: undefined,
278 silly tar       mtime: 1985-10-26T08:15:00.000Z,
278 silly tar       charset: undefined,
278 silly tar       comment: undefined
278 silly tar     },
278 silly tar     startBlockSize: 2560,
278 silly tar     blockRemain: 0,
278 silly tar     remain: 0,
278 silly tar     type: 'File',
278 silly tar     meta: false,
278 silly tar     ignore: false,
278 silly tar     path: 'dist/cordova/src/core/action_code_url.d.ts',
278 silly tar     mode: 438,
278 silly tar     uid: undefined,
278 silly tar     gid: undefined,
278 silly tar     uname: '',
278 silly tar     gname: '',
278 silly tar     size: 2446,
278 silly tar     mtime: 1985-10-26T08:15:00.000Z,
278 silly tar     atime: undefined,
278 silly tar     ctime: undefined,
278 silly tar     linkpath: undefined,
278 silly tar     dev: undefined,
278 silly tar     ino: undefined,
278 silly tar     nlink: undefined,
278 silly tar     invalid: false,
278 silly tar     absolute: 'E:/Soni_Navratri/node_modules/firebase/node_modules/@firebase/auth/dist/cordova/src/core/action_code_url.d.ts',
278 silly tar     unsupported: false,
278 silly tar     Symbol(shapeMode): false,
278 silly tar     Symbol(kCapture): false,
278 silly tar     Symbol(flowing): false,
278 silly tar     Symbol(paused): true,
278 silly tar     Symbol(pipes): [],
278 silly tar     Symbol(buffer): [
278 silly tar       <Buffer 2f 2a 2a 0d 0a 20 2a 20 40 6c 69 63 65 6e 73 65 0d 0a 20 2a 20 43 6f 70 79 72 69 67 68 74 20 32 30 32 30 20 47 6f 6f 67 6c 65 20 4c 4c 43 0d 0a 20 2a ... 2396 more bytes>
278 silly tar     ],
278 silly tar     Symbol(objectMode): false,
278 silly tar     Symbol(encoding): null,
278 silly tar     Symbol(async): false,
278 silly tar     Symbol(decoder): null,
278 silly tar     Symbol(EOF): true,
278 silly tar     Symbol(emittedEnd): false,
278 silly tar     Symbol(emittingEnd): false,
278 silly tar     Symbol(closed): false,
278 silly tar     Symbol(emittedError): null,
278 silly tar     Symbol(bufferLength): 2446,
278 silly tar     Symbol(destroyed): false,
278 silly tar     Symbol(signal): undefined,
278 silly tar     Symbol(aborted): false,
278 silly tar     Symbol(dataListeners): 0,
278 silly tar     Symbol(discarded): false
278 silly tar   },
278 silly tar   cwd: 'E:/Soni_Navratri/node_modules/firebase/node_modules/@firebase/auth',
278 silly tar   tarCode: 'TAR_ENTRY_ERROR'
278 silly tar }
279 warn tar TAR_ENTRY_ERROR ENOENT: no such file or directory, lstat 'E:\Soni_Navratri\node_modules\firebase\node_modules\@firebase\auth\dist'
280 silly tar TAR_ENTRY_ERROR ENOENT: no such file or directory, lstat 'E:\Soni_Navratri\node_modules\firebase\node_modules\@firebase\auth\dist' [Error: ENOENT: no such file or directory, lstat 'E:\Soni_Navratri\node_modules\firebase\node_modules\@firebase\auth\dist'] {
280 silly tar   errno: -4058,
280 silly tar   code: 'ENOENT',
280 silly tar   syscall: 'lstat',
280 silly tar   path: 'E:/Soni_Navratri/node_modules/firebase/node_modules/@firebase/auth/dist',
280 silly tar   entry: Is {
280 silly tar     _events: [Object: null prototype] { end: [Function (anonymous)] },
280 silly tar     _eventsCount: 1,
280 silly tar     _maxListeners: undefined,
280 silly tar     writable: false,
280 silly tar     readable: true,
280 silly tar     extended: undefined,
280 silly tar     globalExtended: undefined,
280 silly tar     header: Ls {
280 silly tar       cksumValid: true,
280 silly tar       needPax: false,
280 silly tar       nullBlock: false,
280 silly tar       block: undefined,
280 silly tar       path: 'package/dist/esm2017/src/core/action_code_url.d.ts',
280 silly tar       mode: 420,
280 silly tar       uid: undefined,
280 silly tar       gid: undefined,
280 silly tar       size: 2446,
280 silly tar       cksum: 7674,
280 silly tar       linkpath: '',
280 silly tar       uname: '',
280 silly tar       gname: '',
280 silly tar       devmaj: 0,
280 silly tar       devmin: 0,
280 silly tar       atime: undefined,
280 silly tar       ctime: undefined,
280 silly tar       mtime: 1985-10-26T08:15:00.000Z,
280 silly tar       charset: undefined,
280 silly tar       comment: undefined
280 silly tar     },
280 silly tar     startBlockSize: 2560,
280 silly tar     blockRemain: 0,
280 silly tar     remain: 0,
280 silly tar     type: 'File',
280 silly tar     meta: false,
280 silly tar     ignore: false,
280 silly tar     path: 'dist/esm2017/src/core/action_code_url.d.ts',
280 silly tar     mode: 438,
280 silly tar     uid: undefined,
280 silly tar     gid: undefined,
280 silly tar     uname: '',
280 silly tar     gname: '',
280 silly tar     size: 2446,
280 silly tar     mtime: 1985-10-26T08:15:00.000Z,
280 silly tar     atime: undefined,
280 silly tar     ctime: undefined,
280 silly tar     linkpath: undefined,
280 silly tar     dev: undefined,
280 silly tar     ino: undefined,
280 silly tar     nlink: undefined,
280 silly tar     invalid: false,
280 silly tar     absolute: 'E:/Soni_Navratri/node_modules/firebase/node_modules/@firebase/auth/dist/esm2017/src/core/action_code_url.d.ts',
280 silly tar     unsupported: false,
280 silly tar     Symbol(shapeMode): false,
280 silly tar     Symbol(kCapture): false,
280 silly tar     Symbol(flowing): false,
280 silly tar     Symbol(paused): true,
280 silly tar     Symbol(pipes): [],
280 silly tar     Symbol(buffer): [
280 silly tar       <Buffer 2f 2a 2a 0d 0a 20 2a 20 40 6c 69 63 65 6e 73 65 0d 0a 20 2a 20 43 6f 70 79 72 69 67 68 74 20 32 30 32 30 20 47 6f 6f 67 6c 65 20 4c 4c 43 0d 0a 20 2a ... 2396 more bytes>
280 silly tar     ],
280 silly tar     Symbol(objectMode): false,
280 silly tar     Symbol(encoding): null,
280 silly tar     Symbol(async): false,
280 silly tar     Symbol(decoder): null,
280 silly tar     Symbol(EOF): true,
280 silly tar     Symbol(emittedEnd): false,
280 silly tar     Symbol(emittingEnd): false,
280 silly tar     Symbol(closed): false,
280 silly tar     Symbol(emittedError): null,
280 silly tar     Symbol(bufferLength): 2446,
280 silly tar     Symbol(destroyed): false,
280 silly tar     Symbol(signal): undefined,
280 silly tar     Symbol(aborted): false,
280 silly tar     Symbol(dataListeners): 0,
280 silly tar     Symbol(discarded): false
280 silly tar   },
280 silly tar   cwd: 'E:/Soni_Navratri/node_modules/firebase/node_modules/@firebase/auth',
280 silly tar   tarCode: 'TAR_ENTRY_ERROR'
280 silly tar }
281 warn tar TAR_ENTRY_ERROR ENOENT: no such file or directory, lstat 'E:\Soni_Navratri\node_modules\firebase\node_modules\@firebase\auth\dist'
282 silly tar TAR_ENTRY_ERROR ENOENT: no such file or directory, lstat 'E:\Soni_Navratri\node_modules\firebase\node_modules\@firebase\auth\dist' [Error: ENOENT: no such file or directory, lstat 'E:\Soni_Navratri\node_modules\firebase\node_modules\@firebase\auth\dist'] {
282 silly tar   errno: -4058,
282 silly tar   code: 'ENOENT',
282 silly tar   syscall: 'lstat',
282 silly tar   path: 'E:/Soni_Navratri/node_modules/firebase/node_modules/@firebase/auth/dist',
282 silly tar   entry: Is {
282 silly tar     _events: [Object: null prototype] { end: [Function (anonymous)] },
282 silly tar     _eventsCount: 1,
282 silly tar     _maxListeners: undefined,
282 silly tar     writable: false,
282 silly tar     readable: true,
282 silly tar     extended: undefined,
282 silly tar     globalExtended: undefined,
282 silly tar     header: Ls {
282 silly tar       cksumValid: true,
282 silly tar       needPax: false,
282 silly tar       nullBlock: false,
282 silly tar       block: undefined,
282 silly tar       path: 'package/dist/esm5/src/core/action_code_url.d.ts',
282 silly tar       mode: 420,
282 silly tar       uid: undefined,
282 silly tar       gid: undefined,
282 silly tar       size: 2446,
282 silly tar       cksum: 7525,
282 silly tar       linkpath: '',
282 silly tar       uname: '',
282 silly tar       gname: '',
282 silly tar       devmaj: 0,
282 silly tar       devmin: 0,
282 silly tar       atime: undefined,
282 silly tar       ctime: undefined,
282 silly tar       mtime: 1985-10-26T08:15:00.000Z,
282 silly tar       charset: undefined,
282 silly tar       comment: undefined
282 silly tar     },
282 silly tar     startBlockSize: 2560,
282 silly tar     blockRemain: 0,
282 silly tar     remain: 0,
282 silly tar     type: 'File',
282 silly tar     meta: false,
282 silly tar     ignore: false,
282 silly tar     path: 'dist/esm5/src/core/action_code_url.d.ts',
282 silly tar     mode: 438,
282 silly tar     uid: undefined,
282 silly tar     gid: undefined,
282 silly tar     uname: '',
282 silly tar     gname: '',
282 silly tar     size: 2446,
282 silly tar     mtime: 1985-10-26T08:15:00.000Z,
282 silly tar     atime: undefined,
282 silly tar     ctime: undefined,
282 silly tar     linkpath: undefined,
282 silly tar     dev: undefined,
282 silly tar     ino: undefined,
282 silly tar     nlink: undefined,
282 silly tar     invalid: false,
282 silly tar     absolute: 'E:/Soni_Navratri/node_modules/firebase/node_modules/@firebase/auth/dist/esm5/src/core/action_code_url.d.ts',
282 silly tar     unsupported: false,
282 silly tar     Symbol(shapeMode): false,
282 silly tar     Symbol(kCapture): false,
282 silly tar     Symbol(flowing): false,
282 silly tar     Symbol(paused): true,
282 silly tar     Symbol(pipes): [],
282 silly tar     Symbol(buffer): [
282 silly tar       <Buffer 2f 2a 2a 0d 0a 20 2a 20 40 6c 69 63 65 6e 73 65 0d 0a 20 2a 20 43 6f 70 79 72 69 67 68 74 20 32 30 32 30 20 47 6f 6f 67 6c 65 20 4c 4c 43 0d 0a 20 2a ... 2396 more bytes>
282 silly tar     ],
282 silly tar     Symbol(objectMode): false,
282 silly tar     Symbol(encoding): null,
282 silly tar     Symbol(async): false,
282 silly tar     Symbol(decoder): null,
282 silly tar     Symbol(EOF): true,
282 silly tar     Symbol(emittedEnd): false,
282 silly tar     Symbol(emittingEnd): false,
282 silly tar     Symbol(closed): false,
282 silly tar     Symbol(emittedError): null,
282 silly tar     Symbol(bufferLength): 2446,
282 silly tar     Symbol(destroyed): false,
282 silly tar     Symbol(signal): undefined,
282 silly tar     Symbol(aborted): false,
282 silly tar     Symbol(dataListeners): 0,
282 silly tar     Symbol(discarded): false
282 silly tar   },
282 silly tar   cwd: 'E:/Soni_Navratri/node_modules/firebase/node_modules/@firebase/auth',
282 silly tar   tarCode: 'TAR_ENTRY_ERROR'
282 silly tar }
283 warn tar TAR_ENTRY_ERROR ENOENT: no such file or directory, lstat 'E:\Soni_Navratri\node_modules\firebase\node_modules\@firebase\auth\dist'
284 silly tar TAR_ENTRY_ERROR ENOENT: no such file or directory, lstat 'E:\Soni_Navratri\node_modules\firebase\node_modules\@firebase\auth\dist' [Error: ENOENT: no such file or directory, lstat 'E:\Soni_Navratri\node_modules\firebase\node_modules\@firebase\auth\dist'] {
284 silly tar   errno: -4058,
284 silly tar   code: 'ENOENT',
284 silly tar   syscall: 'lstat',
284 silly tar   path: 'E:/Soni_Navratri/node_modules/firebase/node_modules/@firebase/auth/dist',
284 silly tar   entry: Is {
284 silly tar     _events: [Object: null prototype] { end: [Function (anonymous)] },
284 silly tar     _eventsCount: 1,
284 silly tar     _maxListeners: undefined,
284 silly tar     writable: false,
284 silly tar     readable: true,
284 silly tar     extended: undefined,
284 silly tar     globalExtended: undefined,
284 silly tar     header: Ls {
284 silly tar       cksumValid: true,
284 silly tar       needPax: false,
284 silly tar       nullBlock: false,
284 silly tar       block: undefined,
284 silly tar       path: 'package/dist/node-esm/src/core/action_code_url.d.ts',
284 silly tar       mode: 420,
284 silly tar       uid: undefined,
284 silly tar       gid: undefined,
284 silly tar       size: 2446,
284 silly tar       cksum: 7939,
284 silly tar       linkpath: '',
284 silly tar       uname: '',
284 silly tar       gname: '',
284 silly tar       devmaj: 0,
284 silly tar       devmin: 0,
284 silly tar       atime: undefined,
284 silly tar       ctime: undefined,
284 silly tar       mtime: 1985-10-26T08:15:00.000Z,
284 silly tar       charset: undefined,
284 silly tar       comment: undefined
284 silly tar     },
284 silly tar     startBlockSize: 2560,
284 silly tar     blockRemain: 0,
284 silly tar     remain: 0,
284 silly tar     type: 'File',
284 silly tar     meta: false,
284 silly tar     ignore: false,
284 silly tar     path: 'dist/node-esm/src/core/action_code_url.d.ts',
284 silly tar     mode: 438,
284 silly tar     uid: undefined,
284 silly tar     gid: undefined,
284 silly tar     uname: '',
284 silly tar     gname: '',
284 silly tar     size: 2446,
284 silly tar     mtime: 1985-10-26T08:15:00.000Z,
284 silly tar     atime: undefined,
284 silly tar     ctime: undefined,
284 silly tar     linkpath: undefined,
284 silly tar     dev: undefined,
284 silly tar     ino: undefined,
284 silly tar     nlink: undefined,
284 silly tar     invalid: false,
284 silly tar     absolute: 'E:/Soni_Navratri/node_modules/firebase/node_modules/@firebase/auth/dist/node-esm/src/core/action_code_url.d.ts',
284 silly tar     unsupported: false,
284 silly tar     Symbol(shapeMode): false,
284 silly tar     Symbol(kCapture): false,
284 silly tar     Symbol(flowing): false,
284 silly tar     Symbol(paused): true,
284 silly tar     Symbol(pipes): [],
284 silly tar     Symbol(buffer): [
284 silly tar       <Buffer 2f 2a 2a 0d 0a 20 2a 20 40 6c 69 63 65 6e 73 65 0d 0a 20 2a 20 43 6f 70 79 72 69 67 68 74 20 32 30 32 30 20 47 6f 6f 67 6c 65 20 4c 4c 43 0d 0a 20 2a ... 2396 more bytes>
284 silly tar     ],
284 silly tar     Symbol(objectMode): false,
284 silly tar     Symbol(encoding): null,
284 silly tar     Symbol(async): false,
284 silly tar     Symbol(decoder): null,
284 silly tar     Symbol(EOF): true,
284 silly tar     Symbol(emittedEnd): false,
284 silly tar     Symbol(emittingEnd): false,
284 silly tar     Symbol(closed): false,
284 silly tar     Symbol(emittedError): null,
284 silly tar     Symbol(bufferLength): 2446,
284 silly tar     Symbol(destroyed): false,
284 silly tar     Symbol(signal): undefined,
284 silly tar     Symbol(aborted): false,
284 silly tar     Symbol(dataListeners): 0,
284 silly tar     Symbol(discarded): false
284 silly tar   },
284 silly tar   cwd: 'E:/Soni_Navratri/node_modules/firebase/node_modules/@firebase/auth',
284 silly tar   tarCode: 'TAR_ENTRY_ERROR'
284 silly tar }
285 warn tar TAR_ENTRY_ERROR ENOENT: no such file or directory, lstat 'E:\Soni_Navratri\node_modules\firebase\node_modules\@firebase\auth\dist'
286 silly tar TAR_ENTRY_ERROR ENOENT: no such file or directory, lstat 'E:\Soni_Navratri\node_modules\firebase\node_modules\@firebase\auth\dist' [Error: ENOENT: no such file or directory, lstat 'E:\Soni_Navratri\node_modules\firebase\node_modules\@firebase\auth\dist'] {
286 silly tar   errno: -4058,
286 silly tar   code: 'ENOENT',
286 silly tar   syscall: 'lstat',
286 silly tar   path: 'E:/Soni_Navratri/node_modules/firebase/node_modules/@firebase/auth/dist',
286 silly tar   entry: Is {
286 silly tar     _events: [Object: null prototype] { end: [Function (anonymous)] },
286 silly tar     _eventsCount: 1,
286 silly tar     _maxListeners: undefined,
286 silly tar     writable: false,
286 silly tar     readable: true,
286 silly tar     extended: undefined,
286 silly tar     globalExtended: undefined,
286 silly tar     header: Ls {
286 silly tar       cksumValid: true,
286 silly tar       needPax: false,
286 silly tar       nullBlock: false,
286 silly tar       block: undefined,
286 silly tar       path: 'package/dist/node/src/core/action_code_url.d.ts',
286 silly tar       mode: 420,
286 silly tar       uid: undefined,
286 silly tar       gid: undefined,
286 silly tar       size: 2446,
286 silly tar       cksum: 7569,
286 silly tar       linkpath: '',
286 silly tar       uname: '',
286 silly tar       gname: '',
286 silly tar       devmaj: 0,
286 silly tar       devmin: 0,
286 silly tar       atime: undefined,
286 silly tar       ctime: undefined,
286 silly tar       mtime: 1985-10-26T08:15:00.000Z,
286 silly tar       charset: undefined,
286 silly tar       comment: undefined
286 silly tar     },
286 silly tar     startBlockSize: 2560,
286 silly tar     blockRemain: 0,
286 silly tar     remain: 0,
286 silly tar     type: 'File',
286 silly tar     meta: false,
286 silly tar     ignore: false,
286 silly tar     path: 'dist/node/src/core/action_code_url.d.ts',
286 silly tar     mode: 438,
286 silly tar     uid: undefined,
286 silly tar     gid: undefined,
286 silly tar     uname: '',
286 silly tar     gname: '',
286 silly tar     size: 2446,
286 silly tar     mtime: 1985-10-26T08:15:00.000Z,
286 silly tar     atime: undefined,
286 silly tar     ctime: undefined,
286 silly tar     linkpath: undefined,
286 silly tar     dev: undefined,
286 silly tar     ino: undefined,
286 silly tar     nlink: undefined,
286 silly tar     invalid: false,
286 silly tar     absolute: 'E:/Soni_Navratri/node_modules/firebase/node_modules/@firebase/auth/dist/node/src/core/action_code_url.d.ts',
286 silly tar     unsupported: false,
286 silly tar     Symbol(shapeMode): false,
286 silly tar     Symbol(kCapture): false,
286 silly tar     Symbol(flowing): false,
286 silly tar     Symbol(paused): true,
286 silly tar     Symbol(pipes): [],
286 silly tar     Symbol(buffer): [
286 silly tar       <Buffer 2f 2a 2a 0d 0a 20 2a 20 40 6c 69 63 65 6e 73 65 0d 0a 20 2a 20 43 6f 70 79 72 69 67 68 74 20 32 30 32 30 20 47 6f 6f 67 6c 65 20 4c 4c 43 0d 0a 20 2a ... 2396 more bytes>
286 silly tar     ],
286 silly tar     Symbol(objectMode): false,
286 silly tar     Symbol(encoding): null,
286 silly tar     Symbol(async): false,
286 silly tar     Symbol(decoder): null,
286 silly tar     Symbol(EOF): true,
286 silly tar     Symbol(emittedEnd): false,
286 silly tar     Symbol(emittingEnd): false,
286 silly tar     Symbol(closed): false,
286 silly tar     Symbol(emittedError): null,
286 silly tar     Symbol(bufferLength): 2446,
286 silly tar     Symbol(destroyed): false,
286 silly tar     Symbol(signal): undefined,
286 silly tar     Symbol(aborted): false,
286 silly tar     Symbol(dataListeners): 0,
286 silly tar     Symbol(discarded): false
286 silly tar   },
286 silly tar   cwd: 'E:/Soni_Navratri/node_modules/firebase/node_modules/@firebase/auth',
286 silly tar   tarCode: 'TAR_ENTRY_ERROR'
286 silly tar }
287 warn tar TAR_ENTRY_ERROR ENOENT: no such file or directory, lstat 'E:\Soni_Navratri\node_modules\firebase\node_modules\@firebase\auth\dist'
288 silly tar TAR_ENTRY_ERROR ENOENT: no such file or directory, lstat 'E:\Soni_Navratri\node_modules\firebase\node_modules\@firebase\auth\dist' [Error: ENOENT: no such file or directory, lstat 'E:\Soni_Navratri\node_modules\firebase\node_modules\@firebase\auth\dist'] {
288 silly tar   errno: -4058,
288 silly tar   code: 'ENOENT',
288 silly tar   syscall: 'lstat',
288 silly tar   path: 'E:/Soni_Navratri/node_modules/firebase/node_modules/@firebase/auth/dist',
288 silly tar   entry: Is {
288 silly tar     _events: [Object: null prototype] { end: [Function (anonymous)] },
288 silly tar     _eventsCount: 1,
288 silly tar     _maxListeners: undefined,
288 silly tar     writable: false,
288 silly tar     readable: true,
288 silly tar     extended: undefined,
288 silly tar     globalExtended: undefined,
288 silly tar     header: Ls {
288 silly tar       cksumValid: true,
288 silly tar       needPax: false,
288 silly tar       nullBlock: false,
288 silly tar       block: undefined,
288 silly tar       path: 'package/dist/rn/src/core/action_code_url.d.ts',
288 silly tar       mode: 420,
288 silly tar       uid: undefined,
288 silly tar       gid: undefined,
288 silly tar       size: 2446,
288 silly tar       cksum: 7371,
288 silly tar       linkpath: '',
288 silly tar       uname: '',
288 silly tar       gname: '',
288 silly tar       devmaj: 0,
288 silly tar       devmin: 0,
288 silly tar       atime: undefined,
288 silly tar       ctime: undefined,
288 silly tar       mtime: 1985-10-26T08:15:00.000Z,
288 silly tar       charset: undefined,
288 silly tar       comment: undefined
288 silly tar     },
288 silly tar     startBlockSize: 2560,
288 silly tar     blockRemain: 0,
288 silly tar     remain: 0,
288 silly tar     type: 'File',
288 silly tar     meta: false,
288 silly tar     ignore: false,
288 silly tar     path: 'dist/rn/src/core/action_code_url.d.ts',
288 silly tar     mode: 438,
288 silly tar     uid: undefined,
288 silly tar     gid: undefined,
288 silly tar     uname: '',
288 silly tar     gname: '',
288 silly tar     size: 2446,
288 silly tar     mtime: 1985-10-26T08:15:00.000Z,
288 silly tar     atime: undefined,
288 silly tar     ctime: undefined,
288 silly tar     linkpath: undefined,
288 silly tar     dev: undefined,
288 silly tar     ino: undefined,
288 silly tar     nlink: undefined,
288 silly tar     invalid: false,
288 silly tar     absolute: 'E:/Soni_Navratri/node_modules/firebase/node_modules/@firebase/auth/dist/rn/src/core/action_code_url.d.ts',
288 silly tar     unsupported: false,
288 silly tar     Symbol(shapeMode): false,
288 silly tar     Symbol(kCapture): false,
288 silly tar     Symbol(flowing): false,
288 silly tar     Symbol(paused): true,
288 silly tar     Symbol(pipes): [],
288 silly tar     Symbol(buffer): [
288 silly tar       <Buffer 2f 2a 2a 0d 0a 20 2a 20 40 6c 69 63 65 6e 73 65 0d 0a 20 2a 20 43 6f 70 79 72 69 67 68 74 20 32 30 32 30 20 47 6f 6f 67 6c 65 20 4c 4c 43 0d 0a 20 2a ... 2396 more bytes>
288 silly tar     ],
288 silly tar     Symbol(objectMode): false,
288 silly tar     Symbol(encoding): null,
288 silly tar     Symbol(async): false,
288 silly tar     Symbol(decoder): null,
288 silly tar     Symbol(EOF): true,
288 silly tar     Symbol(emittedEnd): false,
288 silly tar     Symbol(emittingEnd): false,
288 silly tar     Symbol(closed): false,
288 silly tar     Symbol(emittedError): null,
288 silly tar     Symbol(bufferLength): 2446,
288 silly tar     Symbol(destroyed): false,
288 silly tar     Symbol(signal): undefined,
288 silly tar     Symbol(aborted): false,
288 silly tar     Symbol(dataListeners): 0,
288 silly tar     Symbol(discarded): false
288 silly tar   },
288 silly tar   cwd: 'E:/Soni_Navratri/node_modules/firebase/node_modules/@firebase/auth',
288 silly tar   tarCode: 'TAR_ENTRY_ERROR'
288 silly tar }
289 warn tar TAR_ENTRY_ERROR ENOENT: no such file or directory, lstat 'E:\Soni_Navratri\node_modules\firebase\node_modules\@firebase\auth\dist'
290 silly tar TAR_ENTRY_ERROR ENOENT: no such file or directory, lstat 'E:\Soni_Navratri\node_modules\firebase\node_modules\@firebase\auth\dist' [Error: ENOENT: no such file or directory, lstat 'E:\Soni_Navratri\node_modules\firebase\node_modules\@firebase\auth\dist'] {
290 silly tar   errno: -4058,
290 silly tar   code: 'ENOENT',
290 silly tar   syscall: 'lstat',
290 silly tar   path: 'E:/Soni_Navratri/node_modules/firebase/node_modules/@firebase/auth/dist',
290 silly tar   entry: Is {
290 silly tar     _events: [Object: null prototype] { end: [Function (anonymous)] },
290 silly tar     _eventsCount: 1,
290 silly tar     _maxListeners: undefined,
290 silly tar     writable: false,
290 silly tar     readable: true,
290 silly tar     extended: undefined,
290 silly tar     globalExtended: undefined,
290 silly tar     header: Ls {
290 silly tar       cksumValid: true,
290 silly tar       needPax: false,
290 silly tar       nullBlock: false,
290 silly tar       block: undefined,
290 silly tar       path: 'package/dist/src/core/action_code_url.d.ts',
290 silly tar       mode: 420,
290 silly tar       uid: undefined,
290 silly tar       gid: undefined,
290 silly tar       size: 2446,
290 silly tar       cksum: 7100,
290 silly tar       linkpath: '',
290 silly tar       uname: '',
290 silly tar       gname: '',
290 silly tar       devmaj: 0,
290 silly tar       devmin: 0,
290 silly tar       atime: undefined,
290 silly tar       ctime: undefined,
290 silly tar       mtime: 1985-10-26T08:15:00.000Z,
290 silly tar       charset: undefined,
290 silly tar       comment: undefined
290 silly tar     },
290 silly tar     startBlockSize: 2560,
290 silly tar     blockRemain: 0,
290 silly tar     remain: 0,
290 silly tar     type: 'File',
290 silly tar     meta: false,
290 silly tar     ignore: false,
290 silly tar     path: 'dist/src/core/action_code_url.d.ts',
290 silly tar     mode: 438,
290 silly tar     uid: undefined,
290 silly tar     gid: undefined,
290 silly tar     uname: '',
290 silly tar     gname: '',
290 silly tar     size: 2446,
290 silly tar     mtime: 1985-10-26T08:15:00.000Z,
290 silly tar     atime: undefined,
290 silly tar     ctime: undefined,
290 silly tar     linkpath: undefined,
290 silly tar     dev: undefined,
290 silly tar     ino: undefined,
290 silly tar     nlink: undefined,
290 silly tar     invalid: false,
290 silly tar     absolute: 'E:/Soni_Navratri/node_modules/firebase/node_modules/@firebase/auth/dist/src/core/action_code_url.d.ts',
290 silly tar     unsupported: false,
290 silly tar     Symbol(shapeMode): false,
290 silly tar     Symbol(kCapture): false,
290 silly tar     Symbol(flowing): false,
290 silly tar     Symbol(paused): true,
290 silly tar     Symbol(pipes): [],
290 silly tar     Symbol(buffer): [
290 silly tar       <Buffer 2f 2a 2a 0d 0a 20 2a 20 40 6c 69 63 65 6e 73 65 0d 0a 20 2a 20 43 6f 70 79 72 69 67 68 74 20 32 30 32 30 20 47 6f 6f 67 6c 65 20 4c 4c 43 0d 0a 20 2a ... 1213 more bytes>,
290 silly tar       <Buffer 20 20 20 20 2f 2a 2a 0d 0a 20 20 20 20 20 2a 20 54 68 65 20 61 63 74 69 6f 6e 20 70 65 72 66 6f 72 6d 65 64 20 62 79 20 74 68 65 20 65 6d 61 69 6c 20 ... 1133 more bytes>
290 silly tar     ],
290 silly tar     Symbol(objectMode): false,
290 silly tar     Symbol(encoding): null,
290 silly tar     Symbol(async): false,
290 silly tar     Symbol(decoder): null,
290 silly tar     Symbol(EOF): true,
290 silly tar     Symbol(emittedEnd): false,
290 silly tar     Symbol(emittingEnd): false,
290 silly tar     Symbol(closed): false,
290 silly tar     Symbol(emittedError): null,
290 silly tar     Symbol(bufferLength): 2446,
290 silly tar     Symbol(destroyed): false,
290 silly tar     Symbol(signal): undefined,
290 silly tar     Symbol(aborted): false,
290 silly tar     Symbol(dataListeners): 0,
290 silly tar     Symbol(discarded): false
290 silly tar   },
290 silly tar   cwd: 'E:/Soni_Navratri/node_modules/firebase/node_modules/@firebase/auth',
290 silly tar   tarCode: 'TAR_ENTRY_ERROR'
290 silly tar }
291 warn tar TAR_ENTRY_ERROR ENOENT: no such file or directory, lstat 'E:\Soni_Navratri\node_modules\firebase\node_modules\@firebase\auth\dist'
292 silly tar TAR_ENTRY_ERROR ENOENT: no such file or directory, lstat 'E:\Soni_Navratri\node_modules\firebase\node_modules\@firebase\auth\dist' [Error: ENOENT: no such file or directory, lstat 'E:\Soni_Navratri\node_modules\firebase\node_modules\@firebase\auth\dist'] {
292 silly tar   errno: -4058,
292 silly tar   code: 'ENOENT',
292 silly tar   syscall: 'lstat',
292 silly tar   path: 'E:/Soni_Navratri/node_modules/firebase/node_modules/@firebase/auth/dist',
292 silly tar   entry: Is {
292 silly tar     _events: [Object: null prototype] { end: [Function (anonymous)] },
292 silly tar     _eventsCount: 1,
292 silly tar     _maxListeners: undefined,
292 silly tar     writable: false,
292 silly tar     readable: true,
292 silly tar     extended: undefined,
292 silly tar     globalExtended: undefined,
292 silly tar     header: Ls {
292 silly tar       cksumValid: true,
292 silly tar       needPax: false,
292 silly tar       nullBlock: false,
292 silly tar       block: undefined,
292 silly tar       path: 'package/dist/web-extension-cjs/src/core/action_code_url.d.ts',
292 silly tar       mode: 420,
292 silly tar       uid: undefined,
292 silly tar       gid: undefined,
292 silly tar       size: 2446,
292 silly tar       cksum: 8864,
292 silly tar       linkpath: '',
292 silly tar       uname: '',
292 silly tar       gname: '',
292 silly tar       devmaj: 0,
292 silly tar       devmin: 0,
292 silly tar       atime: undefined,
292 silly tar       ctime: undefined,
292 silly tar       mtime: 1985-10-26T08:15:00.000Z,
292 silly tar       charset: undefined,
292 silly tar       comment: undefined
292 silly tar     },
292 silly tar     startBlockSize: 2560,
292 silly tar     blockRemain: 0,
292 silly tar     remain: 0,
292 silly tar     type: 'File',
292 silly tar     meta: false,
292 silly tar     ignore: false,
292 silly tar     path: 'dist/web-extension-cjs/src/core/action_code_url.d.ts',
292 silly tar     mode: 438,
292 silly tar     uid: undefined,
292 silly tar     gid: undefined,
292 silly tar     uname: '',
292 silly tar     gname: '',
292 silly tar     size: 2446,
292 silly tar     mtime: 1985-10-26T08:15:00.000Z,
292 silly tar     atime: undefined,
292 silly tar     ctime: undefined,
292 silly tar     linkpath: undefined,
292 silly tar     dev: undefined,
292 silly tar     ino: undefined,
292 silly tar     nlink: undefined,
292 silly tar     invalid: false,
292 silly tar     absolute: 'E:/Soni_Navratri/node_modules/firebase/node_modules/@firebase/auth/dist/web-extension-cjs/src/core/action_code_url.d.ts',
292 silly tar     unsupported: false,
292 silly tar     Symbol(shapeMode): false,
292 silly tar     Symbol(kCapture): false,
292 silly tar     Symbol(flowing): false,
292 silly tar     Symbol(paused): true,
292 silly tar     Symbol(pipes): [],
292 silly tar     Symbol(buffer): [
292 silly tar       <Buffer 2f 2a 2a 0d 0a 20 2a 20 40 6c 69 63 65 6e 73 65 0d 0a 20 2a 20 43 6f 70 79 72 69 67 68 74 20 32 30 32 30 20 47 6f 6f 67 6c 65 20 4c 4c 43 0d 0a 20 2a ... 2396 more bytes>
292 silly tar     ],
292 silly tar     Symbol(objectMode): false,
292 silly tar     Symbol(encoding): null,
292 silly tar     Symbol(async): false,
292 silly tar     Symbol(decoder): null,
292 silly tar     Symbol(EOF): true,
292 silly tar     Symbol(emittedEnd): false,
292 silly tar     Symbol(emittingEnd): false,
292 silly tar     Symbol(closed): false,
292 silly tar     Symbol(emittedError): null,
292 silly tar     Symbol(bufferLength): 2446,
292 silly tar     Symbol(destroyed): false,
292 silly tar     Symbol(signal): undefined,
292 silly tar     Symbol(aborted): false,
292 silly tar     Symbol(dataListeners): 0,
292 silly tar     Symbol(discarded): false
292 silly tar   },
292 silly tar   cwd: 'E:/Soni_Navratri/node_modules/firebase/node_modules/@firebase/auth',
292 silly tar   tarCode: 'TAR_ENTRY_ERROR'
292 silly tar }
293 warn tar TAR_ENTRY_ERROR ENOENT: no such file or directory, lstat 'E:\Soni_Navratri\node_modules\firebase\node_modules\@firebase\auth\dist'
294 silly tar TAR_ENTRY_ERROR ENOENT: no such file or directory, lstat 'E:\Soni_Navratri\node_modules\firebase\node_modules\@firebase\auth\dist' [Error: ENOENT: no such file or directory, lstat 'E:\Soni_Navratri\node_modules\firebase\node_modules\@firebase\auth\dist'] {
294 silly tar   errno: -4058,
294 silly tar   code: 'ENOENT',
294 silly tar   syscall: 'lstat',
294 silly tar   path: 'E:/Soni_Navratri/node_modules/firebase/node_modules/@firebase/auth/dist',
294 silly tar   entry: Is {
294 silly tar     _events: [Object: null prototype] { end: [Function (anonymous)] },
294 silly tar     _eventsCount: 1,
294 silly tar     _maxListeners: undefined,
294 silly tar     writable: false,
294 silly tar     readable: true,
294 silly tar     extended: undefined,
294 silly tar     globalExtended: undefined,
294 silly tar     header: Ls {
294 silly tar       cksumValid: true,
294 silly tar       needPax: false,
294 silly tar       nullBlock: false,
294 silly tar       block: undefined,
294 silly tar       path: 'package/dist/web-extension-esm2017/src/core/action_code_url.d.ts',
294 silly tar       mode: 420,
294 silly tar       uid: undefined,
294 silly tar       gid: undefined,
294 silly tar       size: 2446,
294 silly tar       cksum: 9071,
294 silly tar       linkpath: '',
294 silly tar       uname: '',
294 silly tar       gname: '',
294 silly tar       devmaj: 0,
294 silly tar       devmin: 0,
294 silly tar       atime: undefined,
294 silly tar       ctime: undefined,
294 silly tar       mtime: 1985-10-26T08:15:00.000Z,
294 silly tar       charset: undefined,
294 silly tar       comment: undefined
294 silly tar     },
294 silly tar     startBlockSize: 2560,
294 silly tar     blockRemain: 0,
294 silly tar     remain: 0,
294 silly tar     type: 'File',
294 silly tar     meta: false,
294 silly tar     ignore: false,
294 silly tar     path: 'dist/web-extension-esm2017/src/core/action_code_url.d.ts',
294 silly tar     mode: 438,
294 silly tar     uid: undefined,
294 silly tar     gid: undefined,
294 silly tar     uname: '',
294 silly tar     gname: '',
294 silly tar     size: 2446,
294 silly tar     mtime: 1985-10-26T08:15:00.000Z,
294 silly tar     atime: undefined,
294 silly tar     ctime: undefined,
294 silly tar     linkpath: undefined,
294 silly tar     dev: undefined,
294 silly tar     ino: undefined,
294 silly tar     nlink: undefined,
294 silly tar     invalid: false,
294 silly tar     absolute: 'E:/Soni_Navratri/node_modules/firebase/node_modules/@firebase/auth/dist/web-extension-esm2017/src/core/action_code_url.d.ts',
294 silly tar     unsupported: false,
294 silly tar     Symbol(shapeMode): false,
294 silly tar     Symbol(kCapture): false,
294 silly tar     Symbol(flowing): false,
294 silly tar     Symbol(paused): true,
294 silly tar     Symbol(pipes): [],
294 silly tar     Symbol(buffer): [
294 silly tar       <Buffer 2f 2a 2a 0d 0a 20 2a 20 40 6c 69 63 65 6e 73 65 0d 0a 20 2a 20 43 6f 70 79 72 69 67 68 74 20 32 30 32 30 20 47 6f 6f 67 6c 65 20 4c 4c 43 0d 0a 20 2a ... 2396 more bytes>
294 silly tar     ],
294 silly tar     Symbol(objectMode): false,
294 silly tar     Symbol(encoding): null,
294 silly tar     Symbol(async): false,
294 silly tar     Symbol(decoder): null,
294 silly tar     Symbol(EOF): true,
294 silly tar     Symbol(emittedEnd): false,
294 silly tar     Symbol(emittingEnd): false,
294 silly tar     Symbol(closed): false,
294 silly tar     Symbol(emittedError): null,
294 silly tar     Symbol(bufferLength): 2446,
294 silly tar     Symbol(destroyed): false,
294 silly tar     Symbol(signal): undefined,
294 silly tar     Symbol(aborted): false,
294 silly tar     Symbol(dataListeners): 0,
294 silly tar     Symbol(discarded): false
294 silly tar   },
294 silly tar   cwd: 'E:/Soni_Navratri/node_modules/firebase/node_modules/@firebase/auth',
294 silly tar   tarCode: 'TAR_ENTRY_ERROR'
294 silly tar }
295 warn tar TAR_ENTRY_ERROR ENOENT: no such file or directory, lstat 'E:\Soni_Navratri\node_modules\firebase\node_modules\@firebase\auth\dist'
296 silly tar TAR_ENTRY_ERROR ENOENT: no such file or directory, lstat 'E:\Soni_Navratri\node_modules\firebase\node_modules\@firebase\auth\dist' [Error: ENOENT: no such file or directory, lstat 'E:\Soni_Navratri\node_modules\firebase\node_modules\@firebase\auth\dist'] {
296 silly tar   errno: -4058,
296 silly tar   code: 'ENOENT',
296 silly tar   syscall: 'lstat',
296 silly tar   path: 'E:/Soni_Navratri/node_modules/firebase/node_modules/@firebase/auth/dist',
296 silly tar   entry: Is {
296 silly tar     _events: [Object: null prototype] { end: [Function (anonymous)] },
296 silly tar     _eventsCount: 1,
296 silly tar     _maxListeners: undefined,
296 silly tar     writable: false,
296 silly tar     readable: true,
296 silly tar     extended: undefined,
296 silly tar     globalExtended: undefined,
296 silly tar     header: Ls {
296 silly tar       cksumValid: true,
296 silly tar       needPax: false,
296 silly tar       nullBlock: false,
296 silly tar       block: undefined,
296 silly tar       path: 'package/dist/browser-cjs/src/core/action_code_url.test.d.ts',
296 silly tar       mode: 420,
296 silly tar       uid: undefined,
296 silly tar       gid: undefined,
296 silly tar       size: 633,
296 silly tar       cksum: 8771,
296 silly tar       linkpath: '',
296 silly tar       uname: '',
296 silly tar       gname: '',
296 silly tar       devmaj: 0,
296 silly tar       devmin: 0,
296 silly tar       atime: undefined,
296 silly tar       ctime: undefined,
296 silly tar       mtime: 1985-10-26T08:15:00.000Z,
296 silly tar       charset: undefined,
296 silly tar       comment: undefined
296 silly tar     },
296 silly tar     startBlockSize: 1024,
296 silly tar     blockRemain: 0,
296 silly tar     remain: 0,
296 silly tar     type: 'File',
296 silly tar     meta: false,
296 silly tar     ignore: false,
296 silly tar     path: 'dist/browser-cjs/src/core/action_code_url.test.d.ts',
296 silly tar     mode: 438,
296 silly tar     uid: undefined,
296 silly tar     gid: undefined,
296 silly tar     uname: '',
296 silly tar     gname: '',
296 silly tar     size: 633,
296 silly tar     mtime: 1985-10-26T08:15:00.000Z,
296 silly tar     atime: undefined,
296 silly tar     ctime: undefined,
296 silly tar     linkpath: undefined,
296 silly tar     dev: undefined,
296 silly tar     ino: undefined,
296 silly tar     nlink: undefined,
296 silly tar     invalid: false,
296 silly tar     absolute: 'E:/Soni_Navratri/node_modules/firebase/node_modules/@firebase/auth/dist/browser-cjs/src/core/action_code_url.test.d.ts',
296 silly tar     unsupported: false,
296 silly tar     Symbol(shapeMode): false,
296 silly tar     Symbol(kCapture): false,
296 silly tar     Symbol(flowing): false,
296 silly tar     Symbol(paused): true,
296 silly tar     Symbol(pipes): [],
296 silly tar     Symbol(buffer): [
296 silly tar       <Buffer 2f 2a 2a 0d 0a 20 2a 20 40 6c 69 63 65 6e 73 65 0d 0a 20 2a 20 43 6f 70 79 72 69 67 68 74 20 32 30 32 30 20 47 6f 6f 67 6c 65 20 4c 4c 43 0d 0a 20 2a ... 583 more bytes>
296 silly tar     ],
296 silly tar     Symbol(objectMode): false,
296 silly tar     Symbol(encoding): null,
296 silly tar     Symbol(async): false,
296 silly tar     Symbol(decoder): null,
296 silly tar     Symbol(EOF): true,
296 silly tar     Symbol(emittedEnd): false,
296 silly tar     Symbol(emittingEnd): false,
296 silly tar     Symbol(closed): false,
296 silly tar     Symbol(emittedError): null,
296 silly tar     Symbol(bufferLength): 633,
296 silly tar     Symbol(destroyed): false,
296 silly tar     Symbol(signal): undefined,
296 silly tar     Symbol(aborted): false,
296 silly tar     Symbol(dataListeners): 0,
296 silly tar     Symbol(discarded): false
296 silly tar   },
296 silly tar   cwd: 'E:/Soni_Navratri/node_modules/firebase/node_modules/@firebase/auth',
296 silly tar   tarCode: 'TAR_ENTRY_ERROR'
296 silly tar }
297 warn tar TAR_ENTRY_ERROR ENOENT: no such file or directory, lstat 'E:\Soni_Navratri\node_modules\firebase\node_modules\@firebase\auth\dist'
298 silly tar TAR_ENTRY_ERROR ENOENT: no such file or directory, lstat 'E:\Soni_Navratri\node_modules\firebase\node_modules\@firebase\auth\dist' [Error: ENOENT: no such file or directory, lstat 'E:\Soni_Navratri\node_modules\firebase\node_modules\@firebase\auth\dist'] {
298 silly tar   errno: -4058,
298 silly tar   code: 'ENOENT',
298 silly tar   syscall: 'lstat',
298 silly tar   path: 'E:/Soni_Navratri/node_modules/firebase/node_modules/@firebase/auth/dist',
298 silly tar   entry: Is {
298 silly tar     _events: [Object: null prototype] { end: [Function (anonymous)] },
298 silly tar     _eventsCount: 1,
298 silly tar     _maxListeners: undefined,
298 silly tar     writable: false,
298 silly tar     readable: true,
298 silly tar     extended: undefined,
298 silly tar     globalExtended: undefined,
298 silly tar     header: Ls {
298 silly tar       cksumValid: true,
298 silly tar       needPax: false,
298 silly tar       nullBlock: false,
298 silly tar       block: undefined,
298 silly tar       path: 'package/dist/cordova/src/core/action_code_url.test.d.ts',
298 silly tar       mode: 420,
298 silly tar       uid: undefined,
298 silly tar       gid: undefined,
298 silly tar       size: 633,
298 silly tar       cksum: 8384,
298 silly tar       linkpath: '',
298 silly tar       uname: '',
298 silly tar       gname: '',
298 silly tar       devmaj: 0,
298 silly tar       devmin: 0,
298 silly tar       atime: undefined,
298 silly tar       ctime: undefined,
298 silly tar       mtime: 1985-10-26T08:15:00.000Z,
298 silly tar       charset: undefined,
298 silly tar       comment: undefined
298 silly tar     },
298 silly tar     startBlockSize: 1024,
298 silly tar     blockRemain: 0,
298 silly tar     remain: 0,
298 silly tar     type: 'File',
298 silly tar     meta: false,
298 silly tar     ignore: false,
298 silly tar     path: 'dist/cordova/src/core/action_code_url.test.d.ts',
298 silly tar     mode: 438,
298 silly tar     uid: undefined,
298 silly tar     gid: undefined,
298 silly tar     uname: '',
298 silly tar     gname: '',
298 silly tar     size: 633,
298 silly tar     mtime: 1985-10-26T08:15:00.000Z,
298 silly tar     atime: undefined,
298 silly tar     ctime: undefined,
298 silly tar     linkpath: undefined,
298 silly tar     dev: undefined,
298 silly tar     ino: undefined,
298 silly tar     nlink: undefined,
298 silly tar     invalid: false,
298 silly tar     absolute: 'E:/Soni_Navratri/node_modules/firebase/node_modules/@firebase/auth/dist/cordova/src/core/action_code_url.test.d.ts',
298 silly tar     unsupported: false,
298 silly tar     Symbol(shapeMode): false,
298 silly tar     Symbol(kCapture): false,
298 silly tar     Symbol(flowing): false,
298 silly tar     Symbol(paused): true,
298 silly tar     Symbol(pipes): [],
298 silly tar     Symbol(buffer): [
298 silly tar       <Buffer 2f 2a 2a 0d 0a 20 2a 20 40 6c 69 63 65 6e 73 65 0d 0a 20 2a 20 43 6f 70 79 72 69 67 68 74 20 32 30 32 30 20 47 6f 6f 67 6c 65 20 4c 4c 43 0d 0a 20 2a ... 583 more bytes>
298 silly tar     ],
298 silly tar     Symbol(objectMode): false,
298 silly tar     Symbol(encoding): null,
298 silly tar     Symbol(async): false,
298 silly tar     Symbol(decoder): null,
298 silly tar     Symbol(EOF): true,
298 silly tar     Symbol(emittedEnd): false,
298 silly tar     Symbol(emittingEnd): false,
298 silly tar     Symbol(closed): false,
298 silly tar     Symbol(emittedError): null,
298 silly tar     Symbol(bufferLength): 633,
298 silly tar     Symbol(destroyed): false,
298 silly tar     Symbol(signal): undefined,
298 silly tar     Symbol(aborted): false,
298 silly tar     Symbol(dataListeners): 0,
298 silly tar     Symbol(discarded): false
298 silly tar   },
298 silly tar   cwd: 'E:/Soni_Navratri/node_modules/firebase/node_modules/@firebase/auth',
298 silly tar   tarCode: 'TAR_ENTRY_ERROR'
298 silly tar }
299 warn tar TAR_ENTRY_ERROR ENOENT: no such file or directory, lstat 'E:\Soni_Navratri\node_modules\firebase\node_modules\@firebase\auth\dist'
300 silly tar TAR_ENTRY_ERROR ENOENT: no such file or directory, lstat 'E:\Soni_Navratri\node_modules\firebase\node_modules\@firebase\auth\dist' [Error: ENOENT: no such file or directory, lstat 'E:\Soni_Navratri\node_modules\firebase\node_modules\@firebase\auth\dist'] {
300 silly tar   errno: -4058,
300 silly tar   code: 'ENOENT',
300 silly tar   syscall: 'lstat',
300 silly tar   path: 'E:/Soni_Navratri/node_modules/firebase/node_modules/@firebase/auth/dist',
300 silly tar   entry: Is {
300 silly tar     _events: [Object: null prototype] { end: [Function (anonymous)] },
300 silly tar     _eventsCount: 1,
300 silly tar     _maxListeners: undefined,
300 silly tar     writable: false,
300 silly tar     readable: true,
300 silly tar     extended: undefined,
300 silly tar     globalExtended: undefined,
300 silly tar     header: Ls {
300 silly tar       cksumValid: true,
300 silly tar       needPax: false,
300 silly tar       nullBlock: false,
300 silly tar       block: undefined,
300 silly tar       path: 'package/dist/esm2017/src/core/action_code_url.test.d.ts',
300 silly tar       mode: 420,
300 silly tar       uid: undefined,
300 silly tar       gid: undefined,
300 silly tar       size: 633,
300 silly tar       cksum: 8161,
300 silly tar       linkpath: '',
300 silly tar       uname: '',
300 silly tar       gname: '',
300 silly tar       devmaj: 0,
300 silly tar       devmin: 0,
300 silly tar       atime: undefined,
300 silly tar       ctime: undefined,
300 silly tar       mtime: 1985-10-26T08:15:00.000Z,
300 silly tar       charset: undefined,
300 silly tar       comment: undefined
300 silly tar     },
300 silly tar     startBlockSize: 1024,
300 silly tar     blockRemain: 0,
300 silly tar     remain: 0,
300 silly tar     type: 'File',
300 silly tar     meta: false,
300 silly tar     ignore: false,
300 silly tar     path: 'dist/esm2017/src/core/action_code_url.test.d.ts',
300 silly tar     mode: 438,
300 silly tar     uid: undefined,
300 silly tar     gid: undefined,
300 silly tar     uname: '',
300 silly tar     gname: '',
300 silly tar     size: 633,
300 silly tar     mtime: 1985-10-26T08:15:00.000Z,
300 silly tar     atime: undefined,
300 silly tar     ctime: undefined,
300 silly tar     linkpath: undefined,
300 silly tar     dev: undefined,
300 silly tar     ino: undefined,
300 silly tar     nlink: undefined,
300 silly tar     invalid: false,
300 silly tar     absolute: 'E:/Soni_Navratri/node_modules/firebase/node_modules/@firebase/auth/dist/esm2017/src/core/action_code_url.test.d.ts',
300 silly tar     unsupported: false,
300 silly tar     Symbol(shapeMode): false,
300 silly tar     Symbol(kCapture): false,
300 silly tar     Symbol(flowing): false,
300 silly tar     Symbol(paused): true,
300 silly tar     Symbol(pipes): [],
300 silly tar     Symbol(buffer): [
300 silly tar       <Buffer 2f 2a 2a 0d 0a 20 2a 20 40 6c 69 63 65 6e 73 65 0d 0a 20 2a 20 43 6f 70 79 72 69 67 68 74 20 32 30 32 30 20 47 6f 6f 67 6c 65 20 4c 4c 43 0d 0a 20 2a ... 583 more bytes>
300 silly tar     ],
300 silly tar     Symbol(objectMode): false,
300 silly tar     Symbol(encoding): null,
300 silly tar     Symbol(async): false,
300 silly tar     Symbol(decoder): null,
300 silly tar     Symbol(EOF): true,
300 silly tar     Symbol(emittedEnd): false,
300 silly tar     Symbol(emittingEnd): false,
300 silly tar     Symbol(closed): false,
300 silly tar     Symbol(emittedError): null,
300 silly tar     Symbol(bufferLength): 633,
300 silly tar     Symbol(destroyed): false,
300 silly tar     Symbol(signal): undefined,
300 silly tar     Symbol(aborted): false,
300 silly tar     Symbol(dataListeners): 0,
300 silly tar     Symbol(discarded): false
300 silly tar   },
300 silly tar   cwd: 'E:/Soni_Navratri/node_modules/firebase/node_modules/@firebase/auth',
300 silly tar   tarCode: 'TAR_ENTRY_ERROR'
300 silly tar }
301 warn tar TAR_ENTRY_ERROR ENOENT: no such file or directory, lstat 'E:\Soni_Navratri\node_modules\firebase\node_modules\@firebase\auth\dist'
302 silly tar TAR_ENTRY_ERROR ENOENT: no such file or directory, lstat 'E:\Soni_Navratri\node_modules\firebase\node_modules\@firebase\auth\dist' [Error: ENOENT: no such file or directory, lstat 'E:\Soni_Navratri\node_modules\firebase\node_modules\@firebase\auth\dist'] {
302 silly tar   errno: -4058,
302 silly tar   code: 'ENOENT',
302 silly tar   syscall: 'lstat',
302 silly tar   path: 'E:/Soni_Navratri/node_modules/firebase/node_modules/@firebase/auth/dist',
302 silly tar   entry: Is {
302 silly tar     _events: [Object: null prototype] { end: [Function (anonymous)] },
302 silly tar     _eventsCount: 1,
302 silly tar     _maxListeners: undefined,
302 silly tar     writable: false,
302 silly tar     readable: true,
302 silly tar     extended: undefined,
302 silly tar     globalExtended: undefined,
302 silly tar     header: Ls {
302 silly tar       cksumValid: true,
302 silly tar       needPax: false,
302 silly tar       nullBlock: false,
302 silly tar       block: undefined,
302 silly tar       path: 'package/dist/esm5/src/core/action_code_url.test.d.ts',
302 silly tar       mode: 420,
302 silly tar       uid: undefined,
302 silly tar       gid: undefined,
302 silly tar       size: 633,
302 silly tar       cksum: 8012,
302 silly tar       linkpath: '',
302 silly tar       uname: '',
302 silly tar       gname: '',
302 silly tar       devmaj: 0,
302 silly tar       devmin: 0,
302 silly tar       atime: undefined,
302 silly tar       ctime: undefined,
302 silly tar       mtime: 1985-10-26T08:15:00.000Z,
302 silly tar       charset: undefined,
302 silly tar       comment: undefined
302 silly tar     },
302 silly tar     startBlockSize: 1024,
302 silly tar     blockRemain: 0,
302 silly tar     remain: 0,
302 silly tar     type: 'File',
302 silly tar     meta: false,
302 silly tar     ignore: false,
302 silly tar     path: 'dist/esm5/src/core/action_code_url.test.d.ts',
302 silly tar     mode: 438,
302 silly tar     uid: undefined,
302 silly tar     gid: undefined,
302 silly tar     uname: '',
302 silly tar     gname: '',
302 silly tar     size: 633,
302 silly tar     mtime: 1985-10-26T08:15:00.000Z,
302 silly tar     atime: undefined,
302 silly tar     ctime: undefined,
302 silly tar     linkpath: undefined,
302 silly tar     dev: undefined,
302 silly tar     ino: undefined,
302 silly tar     nlink: undefined,
302 silly tar     invalid: false,
302 silly tar     absolute: 'E:/Soni_Navratri/node_modules/firebase/node_modules/@firebase/auth/dist/esm5/src/core/action_code_url.test.d.ts',
302 silly tar     unsupported: false,
302 silly tar     Symbol(shapeMode): false,
302 silly tar     Symbol(kCapture): false,
302 silly tar     Symbol(flowing): false,
302 silly tar     Symbol(paused): true,
302 silly tar     Symbol(pipes): [],
302 silly tar     Symbol(buffer): [
302 silly tar       <Buffer 2f 2a 2a 0d 0a 20 2a 20 40 6c 69 63 65 6e 73 65 0d 0a 20 2a 20 43 6f 70 79 72 69 67 68 74 20 32 30 32 30 20 47 6f 6f 67 6c 65 20 4c 4c 43 0d 0a 20 2a ... 583 more bytes>
302 silly tar     ],
302 silly tar     Symbol(objectMode): false,
302 silly tar     Symbol(encoding): null,
302 silly tar     Symbol(async): false,
302 silly tar     Symbol(decoder): null,
302 silly tar     Symbol(EOF): true,
302 silly tar     Symbol(emittedEnd): false,
302 silly tar     Symbol(emittingEnd): false,
302 silly tar     Symbol(closed): false,
302 silly tar     Symbol(emittedError): null,
302 silly tar     Symbol(bufferLength): 633,
302 silly tar     Symbol(destroyed): false,
302 silly tar     Symbol(signal): undefined,
302 silly tar     Symbol(aborted): false,
302 silly tar     Symbol(dataListeners): 0,
302 silly tar     Symbol(discarded): false
302 silly tar   },
302 silly tar   cwd: 'E:/Soni_Navratri/node_modules/firebase/node_modules/@firebase/auth',
302 silly tar   tarCode: 'TAR_ENTRY_ERROR'
302 silly tar }
303 warn tar TAR_ENTRY_ERROR ENOENT: no such file or directory, lstat 'E:\Soni_Navratri\node_modules\firebase\node_modules\@firebase\auth\dist'
304 silly tar TAR_ENTRY_ERROR ENOENT: no such file or directory, lstat 'E:\Soni_Navratri\node_modules\firebase\node_modules\@firebase\auth\dist' [Error: ENOENT: no such file or directory, lstat 'E:\Soni_Navratri\node_modules\firebase\node_modules\@firebase\auth\dist'] {
304 silly tar   errno: -4058,
304 silly tar   code: 'ENOENT',
304 silly tar   syscall: 'lstat',
304 silly tar   path: 'E:/Soni_Navratri/node_modules/firebase/node_modules/@firebase/auth/dist',
304 silly tar   entry: Is {
304 silly tar     _events: [Object: null prototype] { end: [Function (anonymous)] },
304 silly tar     _eventsCount: 1,
304 silly tar     _maxListeners: undefined,
304 silly tar     writable: false,
304 silly tar     readable: true,
304 silly tar     extended: undefined,
304 silly tar     globalExtended: undefined,
304 silly tar     header: Ls {
304 silly tar       cksumValid: true,
304 silly tar       needPax: false,
304 silly tar       nullBlock: false,
304 silly tar       block: undefined,
304 silly tar       path: 'package/dist/node-esm/src/core/action_code_url.test.d.ts',
304 silly tar       mode: 420,
304 silly tar       uid: undefined,
304 silly tar       gid: undefined,
304 silly tar       size: 633,
304 silly tar       cksum: 8426,
304 silly tar       linkpath: '',
304 silly tar       uname: '',
304 silly tar       gname: '',
304 silly tar       devmaj: 0,
304 silly tar       devmin: 0,
304 silly tar       atime: undefined,
304 silly tar       ctime: undefined,
304 silly tar       mtime: 1985-10-26T08:15:00.000Z,
304 silly tar       charset: undefined,
304 silly tar       comment: undefined
304 silly tar     },
304 silly tar     startBlockSize: 1024,
304 silly tar     blockRemain: 0,
304 silly tar     remain: 0,
304 silly tar     type: 'File',
304 silly tar     meta: false,
304 silly tar     ignore: false,
304 silly tar     path: 'dist/node-esm/src/core/action_code_url.test.d.ts',
304 silly tar     mode: 438,
304 silly tar     uid: undefined,
304 silly tar     gid: undefined,
304 silly tar     uname: '',
304 silly tar     gname: '',
304 silly tar     size: 633,
304 silly tar     mtime: 1985-10-26T08:15:00.000Z,
304 silly tar     atime: undefined,
304 silly tar     ctime: undefined,
304 silly tar     linkpath: undefined,
304 silly tar     dev: undefined,
304 silly tar     ino: undefined,
304 silly tar     nlink: undefined,
304 silly tar     invalid: false,
304 silly tar     absolute: 'E:/Soni_Navratri/node_modules/firebase/node_modules/@firebase/auth/dist/node-esm/src/core/action_code_url.test.d.ts',
304 silly tar     unsupported: false,
304 silly tar     Symbol(shapeMode): false,
304 silly tar     Symbol(kCapture): false,
304 silly tar     Symbol(flowing): false,
304 silly tar     Symbol(paused): true,
304 silly tar     Symbol(pipes): [],
304 silly tar     Symbol(buffer): [
304 silly tar       <Buffer 2f 2a 2a 0d 0a 20 2a 20 40 6c 69 63 65 6e 73 65 0d 0a 20 2a 20 43 6f 70 79 72 69 67 68 74 20 32 30 32 30 20 47 6f 6f 67 6c 65 20 4c 4c 43 0d 0a 20 2a ... 583 more bytes>
304 silly tar     ],
304 silly tar     Symbol(objectMode): false,
304 silly tar     Symbol(encoding): null,
304 silly tar     Symbol(async): false,
304 silly tar     Symbol(decoder): null,
304 silly tar     Symbol(EOF): true,
304 silly tar     Symbol(emittedEnd): false,
304 silly tar     Symbol(emittingEnd): false,
304 silly tar     Symbol(closed): false,
304 silly tar     Symbol(emittedError): null,
304 silly tar     Symbol(bufferLength): 633,
304 silly tar     Symbol(destroyed): false,
304 silly tar     Symbol(signal): undefined,
304 silly tar     Symbol(aborted): false,
304 silly tar     Symbol(dataListeners): 0,
304 silly tar     Symbol(discarded): false
304 silly tar   },
304 silly tar   cwd: 'E:/Soni_Navratri/node_modules/firebase/node_modules/@firebase/auth',
304 silly tar   tarCode: 'TAR_ENTRY_ERROR'
304 silly tar }
305 warn tar TAR_ENTRY_ERROR ENOENT: no such file or directory, lstat 'E:\Soni_Navratri\node_modules\firebase\node_modules\@firebase\auth\dist'
306 silly tar TAR_ENTRY_ERROR ENOENT: no such file or directory, lstat 'E:\Soni_Navratri\node_modules\firebase\node_modules\@firebase\auth\dist' [Error: ENOENT: no such file or directory, lstat 'E:\Soni_Navratri\node_modules\firebase\node_modules\@firebase\auth\dist'] {
306 silly tar   errno: -4058,
306 silly tar   code: 'ENOENT',
306 silly tar   syscall: 'lstat',
306 silly tar   path: 'E:/Soni_Navratri/node_modules/firebase/node_modules/@firebase/auth/dist',
306 silly tar   entry: Is {
306 silly tar     _events: [Object: null prototype] { end: [Function (anonymous)] },
306 silly tar     _eventsCount: 1,
306 silly tar     _maxListeners: undefined,
306 silly tar     writable: false,
306 silly tar     readable: true,
306 silly tar     extended: undefined,
306 silly tar     globalExtended: undefined,
306 silly tar     header: Ls {
306 silly tar       cksumValid: true,
306 silly tar       needPax: false,
306 silly tar       nullBlock: false,
306 silly tar       block: undefined,
306 silly tar       path: 'package/dist/node/src/core/action_code_url.test.d.ts',
306 silly tar       mode: 420,
306 silly tar       uid: undefined,
306 silly tar       gid: undefined,
306 silly tar       size: 633,
306 silly tar       cksum: 8056,
306 silly tar       linkpath: '',
306 silly tar       uname: '',
306 silly tar       gname: '',
306 silly tar       devmaj: 0,
306 silly tar       devmin: 0,
306 silly tar       atime: undefined,
306 silly tar       ctime: undefined,
306 silly tar       mtime: 1985-10-26T08:15:00.000Z,
306 silly tar       charset: undefined,
306 silly tar       comment: undefined
306 silly tar     },
306 silly tar     startBlockSize: 1024,
306 silly tar     blockRemain: 0,
306 silly tar     remain: 0,
306 silly tar     type: 'File',
306 silly tar     meta: false,
306 silly tar     ignore: false,
306 silly tar     path: 'dist/node/src/core/action_code_url.test.d.ts',
306 silly tar     mode: 438,
306 silly tar     uid: undefined,
306 silly tar     gid: undefined,
306 silly tar     uname: '',
306 silly tar     gname: '',
306 silly tar     size: 633,
306 silly tar     mtime: 1985-10-26T08:15:00.000Z,
306 silly tar     atime: undefined,
306 silly tar     ctime: undefined,
306 silly tar     linkpath: undefined,
306 silly tar     dev: undefined,
306 silly tar     ino: undefined,
306 silly tar     nlink: undefined,
306 silly tar     invalid: false,
306 silly tar     absolute: 'E:/Soni_Navratri/node_modules/firebase/node_modules/@firebase/auth/dist/node/src/core/action_code_url.test.d.ts',
306 silly tar     unsupported: false,
306 silly tar     Symbol(shapeMode): false,
306 silly tar     Symbol(kCapture): false,
306 silly tar     Symbol(flowing): false,
306 silly tar     Symbol(paused): true,
306 silly tar     Symbol(pipes): [],
306 silly tar     Symbol(buffer): [
306 silly tar       <Buffer 2f 2a 2a 0d 0a 20 2a 20 40 6c 69 63 65 6e 73 65 0d 0a 20 2a 20 43 6f 70 79 72 69 67 68 74 20 32 30 32 30 20 47 6f 6f 67 6c 65 20 4c 4c 43 0d 0a 20 2a ... 583 more bytes>
306 silly tar     ],
306 silly tar     Symbol(objectMode): false,
306 silly tar     Symbol(encoding): null,
306 silly tar     Symbol(async): false,
306 silly tar     Symbol(decoder): null,
306 silly tar     Symbol(EOF): true,
306 silly tar     Symbol(emittedEnd): false,
306 silly tar     Symbol(emittingEnd): false,
306 silly tar     Symbol(closed): false,
306 silly tar     Symbol(emittedError): null,
306 silly tar     Symbol(bufferLength): 633,
306 silly tar     Symbol(destroyed): false,
306 silly tar     Symbol(signal): undefined,
306 silly tar     Symbol(aborted): false,
306 silly tar     Symbol(dataListeners): 0,
306 silly tar     Symbol(discarded): false
306 silly tar   },
306 silly tar   cwd: 'E:/Soni_Navratri/node_modules/firebase/node_modules/@firebase/auth',
306 silly tar   tarCode: 'TAR_ENTRY_ERROR'
306 silly tar }
307 warn tar TAR_ENTRY_ERROR ENOENT: no such file or directory, lstat 'E:\Soni_Navratri\node_modules\firebase\node_modules\@firebase\auth\dist'
308 silly tar TAR_ENTRY_ERROR ENOENT: no such file or directory, lstat 'E:\Soni_Navratri\node_modules\firebase\node_modules\@firebase\auth\dist' [Error: ENOENT: no such file or directory, lstat 'E:\Soni_Navratri\node_modules\firebase\node_modules\@firebase\auth\dist'] {
308 silly tar   errno: -4058,
308 silly tar   code: 'ENOENT',
308 silly tar   syscall: 'lstat',
308 silly tar   path: 'E:/Soni_Navratri/node_modules/firebase/node_modules/@firebase/auth/dist',
308 silly tar   entry: Is {
308 silly tar     _events: [Object: null prototype] { end: [Function (anonymous)] },
308 silly tar     _eventsCount: 1,
308 silly tar     _maxListeners: undefined,
308 silly tar     writable: false,
308 silly tar     readable: true,
308 silly tar     extended: undefined,
308 silly tar     globalExtended: undefined,
308 silly tar     header: Ls {
308 silly tar       cksumValid: true,
308 silly tar       needPax: false,
308 silly tar       nullBlock: false,
308 silly tar       block: undefined,
308 silly tar       path: 'package/dist/rn/src/core/action_code_url.test.d.ts',
308 silly tar       mode: 420,
308 silly tar       uid: undefined,
308 silly tar       gid: undefined,
308 silly tar       size: 633,
308 silly tar       cksum: 7858,
308 silly tar       linkpath: '',
308 silly tar       uname: '',
308 silly tar       gname: '',
308 silly tar       devmaj: 0,
308 silly tar       devmin: 0,
308 silly tar       atime: undefined,
308 silly tar       ctime: undefined,
308 silly tar       mtime: 1985-10-26T08:15:00.000Z,
308 silly tar       charset: undefined,
308 silly tar       comment: undefined
308 silly tar     },
308 silly tar     startBlockSize: 1024,
308 silly tar     blockRemain: 0,
308 silly tar     remain: 0,
308 silly tar     type: 'File',
308 silly tar     meta: false,
308 silly tar     ignore: false,
308 silly tar     path: 'dist/rn/src/core/action_code_url.test.d.ts',
308 silly tar     mode: 438,
308 silly tar     uid: undefined,
308 silly tar     gid: undefined,
308 silly tar     uname: '',
308 silly tar     gname: '',
308 silly tar     size: 633,
308 silly tar     mtime: 1985-10-26T08:15:00.000Z,
308 silly tar     atime: undefined,
308 silly tar     ctime: undefined,
308 silly tar     linkpath: undefined,
308 silly tar     dev: undefined,
308 silly tar     ino: undefined,
308 silly tar     nlink: undefined,
308 silly tar     invalid: false,
308 silly tar     absolute: 'E:/Soni_Navratri/node_modules/firebase/node_modules/@firebase/auth/dist/rn/src/core/action_code_url.test.d.ts',
308 silly tar     unsupported: false,
308 silly tar     Symbol(shapeMode): false,
308 silly tar     Symbol(kCapture): false,
308 silly tar     Symbol(flowing): false,
308 silly tar     Symbol(paused): true,
308 silly tar     Symbol(pipes): [],
308 silly tar     Symbol(buffer): [
308 silly tar       <Buffer 2f 2a 2a 0d 0a 20 2a 20 40 6c 69 63 65 6e 73 65 0d 0a 20 2a 20 43 6f 70 79 72 69 67 68 74 20 32 30 32 30 20 47 6f 6f 67 6c 65 20 4c 4c 43 0d 0a 20 2a ... 583 more bytes>
308 silly tar     ],
308 silly tar     Symbol(objectMode): false,
308 silly tar     Symbol(encoding): null,
308 silly tar     Symbol(async): false,
308 silly tar     Symbol(decoder): null,
308 silly tar     Symbol(EOF): true,
308 silly tar     Symbol(emittedEnd): false,
308 silly tar     Symbol(emittingEnd): false,
308 silly tar     Symbol(closed): false,
308 silly tar     Symbol(emittedError): null,
308 silly tar     Symbol(bufferLength): 633,
308 silly tar     Symbol(destroyed): false,
308 silly tar     Symbol(signal): undefined,
308 silly tar     Symbol(aborted): false,
308 silly tar     Symbol(dataListeners): 0,
308 silly tar     Symbol(discarded): false
308 silly tar   },
308 silly tar   cwd: 'E:/Soni_Navratri/node_modules/firebase/node_modules/@firebase/auth',
308 silly tar   tarCode: 'TAR_ENTRY_ERROR'
308 silly tar }
309 warn tar TAR_ENTRY_ERROR ENOENT: no such file or directory, lstat 'E:\Soni_Navratri\node_modules\firebase\node_modules\@firebase\auth\dist'
310 silly tar TAR_ENTRY_ERROR ENOENT: no such file or directory, lstat 'E:\Soni_Navratri\node_modules\firebase\node_modules\@firebase\auth\dist' [Error: ENOENT: no such file or directory, lstat 'E:\Soni_Navratri\node_modules\firebase\node_modules\@firebase\auth\dist'] {
310 silly tar   errno: -4058,
310 silly tar   code: 'ENOENT',
310 silly tar   syscall: 'lstat',
310 silly tar   path: 'E:/Soni_Navratri/node_modules/firebase/node_modules/@firebase/auth/dist',
310 silly tar   entry: Is {
310 silly tar     _events: [Object: null prototype] { end: [Function (anonymous)] },
310 silly tar     _eventsCount: 1,
310 silly tar     _maxListeners: undefined,
310 silly tar     writable: false,
310 silly tar     readable: true,
310 silly tar     extended: undefined,
310 silly tar     globalExtended: undefined,
310 silly tar     header: Ls {
310 silly tar       cksumValid: true,
310 silly tar       needPax: false,
310 silly tar       nullBlock: false,
310 silly tar       block: undefined,
310 silly tar       path: 'package/dist/src/core/action_code_url.test.d.ts',
310 silly tar       mode: 420,
310 silly tar       uid: undefined,
310 silly tar       gid: undefined,
310 silly tar       size: 633,
310 silly tar       cksum: 7587,
310 silly tar       linkpath: '',
310 silly tar       uname: '',
310 silly tar       gname: '',
310 silly tar       devmaj: 0,
310 silly tar       devmin: 0,
310 silly tar       atime: undefined,
310 silly tar       ctime: undefined,
310 silly tar       mtime: 1985-10-26T08:15:00.000Z,
310 silly tar       charset: undefined,
310 silly tar       comment: undefined
310 silly tar     },
310 silly tar     startBlockSize: 1024,
310 silly tar     blockRemain: 0,
310 silly tar     remain: 0,
310 silly tar     type: 'File',
310 silly tar     meta: false,
310 silly tar     ignore: false,
310 silly tar     path: 'dist/src/core/action_code_url.test.d.ts',
310 silly tar     mode: 438,
310 silly tar     uid: undefined,
310 silly tar     gid: undefined,
310 silly tar     uname: '',
310 silly tar     gname: '',
310 silly tar     size: 633,
310 silly tar     mtime: 1985-10-26T08:15:00.000Z,
310 silly tar     atime: undefined,
310 silly tar     ctime: undefined,
310 silly tar     linkpath: undefined,
310 silly tar     dev: undefined,
310 silly tar     ino: undefined,
310 silly tar     nlink: undefined,
310 silly tar     invalid: false,
310 silly tar     absolute: 'E:/Soni_Navratri/node_modules/firebase/node_modules/@firebase/auth/dist/src/core/action_code_url.test.d.ts',
310 silly tar     unsupported: false,
310 silly tar     Symbol(shapeMode): false,
310 silly tar     Symbol(kCapture): false,
310 silly tar     Symbol(flowing): false,
310 silly tar     Symbol(paused): true,
310 silly tar     Symbol(pipes): [],
310 silly tar     Symbol(buffer): [
310 silly tar       <Buffer 2f 2a 2a 0d 0a 20 2a 20 40 6c 69 63 65 6e 73 65 0d 0a 20 2a 20 43 6f 70 79 72 69 67 68 74 20 32 30 32 30 20 47 6f 6f 67 6c 65 20 4c 4c 43 0d 0a 20 2a ... 583 more bytes>
310 silly tar     ],
310 silly tar     Symbol(objectMode): false,
310 silly tar     Symbol(encoding): null,
310 silly tar     Symbol(async): false,
310 silly tar     Symbol(decoder): null,
310 silly tar     Symbol(EOF): true,
310 silly tar     Symbol(emittedEnd): false,
310 silly tar     Symbol(emittingEnd): false,
310 silly tar     Symbol(closed): false,
310 silly tar     Symbol(emittedError): null,
310 silly tar     Symbol(bufferLength): 633,
310 silly tar     Symbol(destroyed): false,
310 silly tar     Symbol(signal): undefined,
310 silly tar     Symbol(aborted): false,
310 silly tar     Symbol(dataListeners): 0,
310 silly tar     Symbol(discarded): false
310 silly tar   },
310 silly tar   cwd: 'E:/Soni_Navratri/node_modules/firebase/node_modules/@firebase/auth',
310 silly tar   tarCode: 'TAR_ENTRY_ERROR'
310 silly tar }
311 warn tar TAR_ENTRY_ERROR ENOENT: no such file or directory, lstat 'E:\Soni_Navratri\node_modules\firebase\node_modules\@firebase\auth\dist'
312 silly tar TAR_ENTRY_ERROR ENOENT: no such file or directory, lstat 'E:\Soni_Navratri\node_modules\firebase\node_modules\@firebase\auth\dist' [Error: ENOENT: no such file or directory, lstat 'E:\Soni_Navratri\node_modules\firebase\node_modules\@firebase\auth\dist'] {
312 silly tar   errno: -4058,
312 silly tar   code: 'ENOENT',
312 silly tar   syscall: 'lstat',
312 silly tar   path: 'E:/Soni_Navratri/node_modules/firebase/node_modules/@firebase/auth/dist',
312 silly tar   entry: Is {
312 silly tar     _events: [Object: null prototype] { end: [Function (anonymous)] },
312 silly tar     _eventsCount: 1,
312 silly tar     _maxListeners: undefined,
312 silly tar     writable: false,
312 silly tar     readable: true,
312 silly tar     extended: undefined,
312 silly tar     globalExtended: undefined,
312 silly tar     header: Ls {
312 silly tar       cksumValid: true,
312 silly tar       needPax: false,
312 silly tar       nullBlock: false,
312 silly tar       block: undefined,
312 silly tar       path: 'package/dist/web-extension-cjs/src/core/action_code_url.test.d.ts',
312 silly tar       mode: 420,
312 silly tar       uid: undefined,
312 silly tar       gid: undefined,
312 silly tar       size: 633,
312 silly tar       cksum: 9351,
312 silly tar       linkpath: '',
312 silly tar       uname: '',
312 silly tar       gname: '',
312 silly tar       devmaj: 0,
312 silly tar       devmin: 0,
312 silly tar       atime: undefined,
312 silly tar       ctime: undefined,
312 silly tar       mtime: 1985-10-26T08:15:00.000Z,
312 silly tar       charset: undefined,
312 silly tar       comment: undefined
312 silly tar     },
312 silly tar     startBlockSize: 1024,
312 silly tar     blockRemain: 0,
312 silly tar     remain: 0,
312 silly tar     type: 'File',
312 silly tar     meta: false,
312 silly tar     ignore: false,
312 silly tar     path: 'dist/web-extension-cjs/src/core/action_code_url.test.d.ts',
312 silly tar     mode: 438,
312 silly tar     uid: undefined,
312 silly tar     gid: undefined,
312 silly tar     uname: '',
312 silly tar     gname: '',
312 silly tar     size: 633,
312 silly tar     mtime: 1985-10-26T08:15:00.000Z,
312 silly tar     atime: undefined,
312 silly tar     ctime: undefined,
312 silly tar     linkpath: undefined,
312 silly tar     dev: undefined,
312 silly tar     ino: undefined,
312 silly tar     nlink: undefined,
312 silly tar     invalid: false,
312 silly tar     absolute: 'E:/Soni_Navratri/node_modules/firebase/node_modules/@firebase/auth/dist/web-extension-cjs/src/core/action_code_url.test.d.ts',
312 silly tar     unsupported: false,
312 silly tar     Symbol(shapeMode): false,
312 silly tar     Symbol(kCapture): false,
312 silly tar     Symbol(flowing): false,
312 silly tar     Symbol(paused): true,
312 silly tar     Symbol(pipes): [],
312 silly tar     Symbol(buffer): [
312 silly tar       <Buffer 2f 2a 2a 0d 0a 20 2a 20 40 6c 69 63 65 6e 73 65 0d 0a 20 2a 20 43 6f 70 79 72 69 67 68 74 20 32 30 32 30 20 47 6f 6f 67 6c 65 20 4c 4c 43 0d 0a 20 2a ... 583 more bytes>
312 silly tar     ],
312 silly tar     Symbol(objectMode): false,
312 silly tar     Symbol(encoding): null,
312 silly tar     Symbol(async): false,
312 silly tar     Symbol(decoder): null,
312 silly tar     Symbol(EOF): true,
312 silly tar     Symbol(emittedEnd): false,
312 silly tar     Symbol(emittingEnd): false,
312 silly tar     Symbol(closed): false,
312 silly tar     Symbol(emittedError): null,
312 silly tar     Symbol(bufferLength): 633,
312 silly tar     Symbol(destroyed): false,
312 silly tar     Symbol(signal): undefined,
312 silly tar     Symbol(aborted): false,
312 silly tar     Symbol(dataListeners): 0,
312 silly tar     Symbol(discarded): false
312 silly tar   },
312 silly tar   cwd: 'E:/Soni_Navratri/node_modules/firebase/node_modules/@firebase/auth',
312 silly tar   tarCode: 'TAR_ENTRY_ERROR'
312 silly tar }
313 warn tar TAR_ENTRY_ERROR ENOENT: no such file or directory, lstat 'E:\Soni_Navratri\node_modules\firebase\node_modules\@firebase\auth\dist'
314 silly tar TAR_ENTRY_ERROR ENOENT: no such file or directory, lstat 'E:\Soni_Navratri\node_modules\firebase\node_modules\@firebase\auth\dist' [Error: ENOENT: no such file or directory, lstat 'E:\Soni_Navratri\node_modules\firebase\node_modules\@firebase\auth\dist'] {
314 silly tar   errno: -4058,
314 silly tar   code: 'ENOENT',
314 silly tar   syscall: 'lstat',
314 silly tar   path: 'E:/Soni_Navratri/node_modules/firebase/node_modules/@firebase/auth/dist',
314 silly tar   entry: Is {
314 silly tar     _events: [Object: null prototype] { end: [Function (anonymous)] },
314 silly tar     _eventsCount: 1,
314 silly tar     _maxListeners: undefined,
314 silly tar     writable: false,
314 silly tar     readable: true,
314 silly tar     extended: undefined,
314 silly tar     globalExtended: undefined,
314 silly tar     header: Ls {
314 silly tar       cksumValid: true,
314 silly tar       needPax: false,
314 silly tar       nullBlock: false,
314 silly tar       block: undefined,
314 silly tar       path: 'package/dist/web-extension-esm2017/src/core/action_code_url.test.d.ts',
314 silly tar       mode: 420,
314 silly tar       uid: undefined,
314 silly tar       gid: undefined,
314 silly tar       size: 633,
314 silly tar       cksum: 9558,
314 silly tar       linkpath: '',
314 silly tar       uname: '',
314 silly tar       gname: '',
314 silly tar       devmaj: 0,
314 silly tar       devmin: 0,
314 silly tar       atime: undefined,
314 silly tar       ctime: undefined,
314 silly tar       mtime: 1985-10-26T08:15:00.000Z,
314 silly tar       charset: undefined,
314 silly tar       comment: undefined
314 silly tar     },
314 silly tar     startBlockSize: 1024,
314 silly tar     blockRemain: 0,
314 silly tar     remain: 0,
314 silly tar     type: 'File',
314 silly tar     meta: false,
314 silly tar     ignore: false,
314 silly tar     path: 'dist/web-extension-esm2017/src/core/action_code_url.test.d.ts',
314 silly tar     mode: 438,
314 silly tar     uid: undefined,
314 silly tar     gid: undefined,
314 silly tar     uname: '',
314 silly tar     gname: '',
314 silly tar     size: 633,
314 silly tar     mtime: 1985-10-26T08:15:00.000Z,
314 silly tar     atime: undefined,
314 silly tar     ctime: undefined,
314 silly tar     linkpath: undefined,
314 silly tar     dev: undefined,
314 silly tar     ino: undefined,
314 silly tar     nlink: undefined,
314 silly tar     invalid: false,
314 silly tar     absolute: 'E:/Soni_Navratri/node_modules/firebase/node_modules/@firebase/auth/dist/web-extension-esm2017/src/core/action_code_url.test.d.ts',
314 silly tar     unsupported: false,
314 silly tar     Symbol(shapeMode): false,
314 silly tar     Symbol(kCapture): false,
314 silly tar     Symbol(flowing): false,
314 silly tar     Symbol(paused): true,
314 silly tar     Symbol(pipes): [],
314 silly tar     Symbol(buffer): [
314 silly tar       <Buffer 2f 2a 2a 0d 0a 20 2a 20 40 6c 69 63 65 6e 73 65 0d 0a 20 2a 20 43 6f 70 79 72 69 67 68 74 20 32 30 32 30 20 47 6f 6f 67 6c 65 20 4c 4c 43 0d 0a 20 2a ... 583 more bytes>
314 silly tar     ],
314 silly tar     Symbol(objectMode): false,
314 silly tar     Symbol(encoding): null,
314 silly tar     Symbol(async): false,
314 silly tar     Symbol(decoder): null,
314 silly tar     Symbol(EOF): true,
314 silly tar     Symbol(emittedEnd): false,
314 silly tar     Symbol(emittingEnd): false,
314 silly tar     Symbol(closed): false,
314 silly tar     Symbol(emittedError): null,
314 silly tar     Symbol(bufferLength): 633,
314 silly tar     Symbol(destroyed): false,
314 silly tar     Symbol(signal): undefined,
314 silly tar     Symbol(aborted): false,
314 silly tar     Symbol(dataListeners): 0,
314 silly tar     Symbol(discarded): false
314 silly tar   },
314 silly tar   cwd: 'E:/Soni_Navratri/node_modules/firebase/node_modules/@firebase/auth',
314 silly tar   tarCode: 'TAR_ENTRY_ERROR'
314 silly tar }
315 warn tar TAR_ENTRY_ERROR ENOENT: no such file or directory, lstat 'E:\Soni_Navratri\node_modules\firebase\node_modules\@firebase\auth\dist'
316 silly tar TAR_ENTRY_ERROR ENOENT: no such file or directory, lstat 'E:\Soni_Navratri\node_modules\firebase\node_modules\@firebase\auth\dist' [Error: ENOENT: no such file or directory, lstat 'E:\Soni_Navratri\node_modules\firebase\node_modules\@firebase\auth\dist'] {
316 silly tar   errno: -4058,
316 silly tar   code: 'ENOENT',
316 silly tar   syscall: 'lstat',
316 silly tar   path: 'E:/Soni_Navratri/node_modules/firebase/node_modules/@firebase/auth/dist',
316 silly tar   entry: Is {
316 silly tar     _events: [Object: null prototype] { end: [Function (anonymous)] },
316 silly tar     _eventsCount: 1,
316 silly tar     _maxListeners: undefined,
316 silly tar     writable: false,
316 silly tar     readable: true,
316 silly tar     extended: undefined,
316 silly tar     globalExtended: undefined,
316 silly tar     header: Ls {
316 silly tar       cksumValid: true,
316 silly tar       needPax: false,
316 silly tar       nullBlock: false,
316 silly tar       block: undefined,
316 silly tar       path: 'package/dist/browser-cjs/src/core/user/additional_user_info.d.ts',
316 silly tar       mode: 420,
316 silly tar       uid: undefined,
316 silly tar       gid: undefined,
316 silly tar       size: 1214,
316 silly tar       cksum: 9314,
316 silly tar       linkpath: '',
316 silly tar       uname: '',
316 silly tar       gname: '',
316 silly tar       devmaj: 0,
316 silly tar       devmin: 0,
316 silly tar       atime: undefined,
316 silly tar       ctime: undefined,
316 silly tar       mtime: 1985-10-26T08:15:00.000Z,
316 silly tar       charset: undefined,
316 silly tar       comment: undefined
316 silly tar     },
316 silly tar     startBlockSize: 1536,
316 silly tar     blockRemain: 0,
316 silly tar     remain: 0,
316 silly tar     type: 'File',
316 silly tar     meta: false,
316 silly tar     ignore: false,
316 silly tar     path: 'dist/browser-cjs/src/core/user/additional_user_info.d.ts',
316 silly tar     mode: 438,
316 silly tar     uid: undefined,
316 silly tar     gid: undefined,
316 silly tar     uname: '',
316 silly tar     gname: '',
316 silly tar     size: 1214,
316 silly tar     mtime: 1985-10-26T08:15:00.000Z,
316 silly tar     atime: undefined,
316 silly tar     ctime: undefined,
316 silly tar     linkpath: undefined,
316 silly tar     dev: undefined,
316 silly tar     ino: undefined,
316 silly tar     nlink: undefined,
316 silly tar     invalid: false,
316 silly tar     absolute: 'E:/Soni_Navratri/node_modules/firebase/node_modules/@firebase/auth/dist/browser-cjs/src/core/user/additional_user_info.d.ts',
316 silly tar     unsupported: false,
316 silly tar     Symbol(shapeMode): false,
316 silly tar     Symbol(kCapture): false,
316 silly tar     Symbol(flowing): false,
316 silly tar     Symbol(paused): true,
316 silly tar     Symbol(pipes): [],
316 silly tar     Symbol(buffer): [
316 silly tar       <Buffer 2f 2a 2a 0d 0a 20 2a 20 40 6c 69 63 65 6e 73 65 0d 0a 20 2a 20 43 6f 70 79 72 69 67 68 74 20 32 30 31 39 20 47 6f 6f 67 6c 65 20 4c 4c 43 0d 0a 20 2a ... 1164 more bytes>
316 silly tar     ],
316 silly tar     Symbol(objectMode): false,
316 silly tar     Symbol(encoding): null,
316 silly tar     Symbol(async): false,
316 silly tar     Symbol(decoder): null,
316 silly tar     Symbol(EOF): true,
316 silly tar     Symbol(emittedEnd): false,
316 silly tar     Symbol(emittingEnd): false,
316 silly tar     Symbol(closed): false,
316 silly tar     Symbol(emittedError): null,
316 silly tar     Symbol(bufferLength): 1214,
316 silly tar     Symbol(destroyed): false,
316 silly tar     Symbol(signal): undefined,
316 silly tar     Symbol(aborted): false,
316 silly tar     Symbol(dataListeners): 0,
316 silly tar     Symbol(discarded): false
316 silly tar   },
316 silly tar   cwd: 'E:/Soni_Navratri/node_modules/firebase/node_modules/@firebase/auth',
316 silly tar   tarCode: 'TAR_ENTRY_ERROR'
316 silly tar }
317 http fetch GET 200 https://registry.npmjs.org/@firebase%2fstorage-compat 22039ms (cache miss)
318 silly packumentCache corgi:https://registry.npmjs.org/@firebase%2fstorage-compat set size:undefined disposed:false
319 warn tar TAR_ENTRY_ERROR ENOENT: no such file or directory, lstat 'E:\Soni_Navratri\node_modules\firebase\node_modules\@firebase\auth\dist'
320 silly tar TAR_ENTRY_ERROR ENOENT: no such file or directory, lstat 'E:\Soni_Navratri\node_modules\firebase\node_modules\@firebase\auth\dist' [Error: ENOENT: no such file or directory, lstat 'E:\Soni_Navratri\node_modules\firebase\node_modules\@firebase\auth\dist'] {
320 silly tar   errno: -4058,
320 silly tar   code: 'ENOENT',
320 silly tar   syscall: 'lstat',
320 silly tar   path: 'E:/Soni_Navratri/node_modules/firebase/node_modules/@firebase/auth/dist',
320 silly tar   entry: Is {
320 silly tar     _events: [Object: null prototype] { end: [Function (anonymous)] },
320 silly tar     _eventsCount: 1,
320 silly tar     _maxListeners: undefined,
320 silly tar     writable: false,
320 silly tar     readable: true,
320 silly tar     extended: undefined,
320 silly tar     globalExtended: undefined,
320 silly tar     header: Ls {
320 silly tar       cksumValid: true,
320 silly tar       needPax: false,
320 silly tar       nullBlock: false,
320 silly tar       block: undefined,
320 silly tar       path: 'package/dist/cordova/src/core/user/additional_user_info.d.ts',
320 silly tar       mode: 420,
320 silly tar       uid: undefined,
320 silly tar       gid: undefined,
320 silly tar       size: 1214,
320 silly tar       cksum: 8927,
320 silly tar       linkpath: '',
320 silly tar       uname: '',
320 silly tar       gname: '',
320 silly tar       devmaj: 0,
320 silly tar       devmin: 0,
320 silly tar       atime: undefined,
320 silly tar       ctime: undefined,
320 silly tar       mtime: 1985-10-26T08:15:00.000Z,
320 silly tar       charset: undefined,
320 silly tar       comment: undefined
320 silly tar     },
320 silly tar     startBlockSize: 1536,
320 silly tar     blockRemain: 0,
320 silly tar     remain: 0,
320 silly tar     type: 'File',
320 silly tar     meta: false,
320 silly tar     ignore: false,
320 silly tar     path: 'dist/cordova/src/core/user/additional_user_info.d.ts',
320 silly tar     mode: 438,
320 silly tar     uid: undefined,
320 silly tar     gid: undefined,
320 silly tar     uname: '',
320 silly tar     gname: '',
320 silly tar     size: 1214,
320 silly tar     mtime: 1985-10-26T08:15:00.000Z,
320 silly tar     atime: undefined,
320 silly tar     ctime: undefined,
320 silly tar     linkpath: undefined,
320 silly tar     dev: undefined,
320 silly tar     ino: undefined,
320 silly tar     nlink: undefined,
320 silly tar     invalid: false,
320 silly tar     absolute: 'E:/Soni_Navratri/node_modules/firebase/node_modules/@firebase/auth/dist/cordova/src/core/user/additional_user_info.d.ts',
320 silly tar     unsupported: false,
320 silly tar     Symbol(shapeMode): false,
320 silly tar     Symbol(kCapture): false,
320 silly tar     Symbol(flowing): false,
320 silly tar     Symbol(paused): true,
320 silly tar     Symbol(pipes): [],
320 silly tar     Symbol(buffer): [
320 silly tar       <Buffer 2f 2a 2a 0d 0a 20 2a 20 40 6c 69 63 65 6e 73 65 0d 0a 20 2a 20 43 6f 70 79 72 69 67 68 74 20 32 30 31 39 20 47 6f 6f 67 6c 65 20 4c 4c 43 0d 0a 20 2a ... 1164 more bytes>
320 silly tar     ],
320 silly tar     Symbol(objectMode): false,
320 silly tar     Symbol(encoding): null,
320 silly tar     Symbol(async): false,
320 silly tar     Symbol(decoder): null,
320 silly tar     Symbol(EOF): true,
320 silly tar     Symbol(emittedEnd): false,
320 silly tar     Symbol(emittingEnd): false,
320 silly tar     Symbol(closed): false,
320 silly tar     Symbol(emittedError): null,
320 silly tar     Symbol(bufferLength): 1214,
320 silly tar     Symbol(destroyed): false,
320 silly tar     Symbol(signal): undefined,
320 silly tar     Symbol(aborted): false,
320 silly tar     Symbol(dataListeners): 0,
320 silly tar     Symbol(discarded): false
320 silly tar   },
320 silly tar   cwd: 'E:/Soni_Navratri/node_modules/firebase/node_modules/@firebase/auth',
320 silly tar   tarCode: 'TAR_ENTRY_ERROR'
320 silly tar }
321 warn tar TAR_ENTRY_ERROR ENOENT: no such file or directory, lstat 'E:\Soni_Navratri\node_modules\firebase\node_modules\@firebase\auth\dist'
322 silly tar TAR_ENTRY_ERROR ENOENT: no such file or directory, lstat 'E:\Soni_Navratri\node_modules\firebase\node_modules\@firebase\auth\dist' [Error: ENOENT: no such file or directory, lstat 'E:\Soni_Navratri\node_modules\firebase\node_modules\@firebase\auth\dist'] {
322 silly tar   errno: -4058,
322 silly tar   code: 'ENOENT',
322 silly tar   syscall: 'lstat',
322 silly tar   path: 'E:/Soni_Navratri/node_modules/firebase/node_modules/@firebase/auth/dist',
322 silly tar   entry: Is {
322 silly tar     _events: [Object: null prototype] { end: [Function (anonymous)] },
322 silly tar     _eventsCount: 1,
322 silly tar     _maxListeners: undefined,
322 silly tar     writable: false,
322 silly tar     readable: true,
322 silly tar     extended: undefined,
322 silly tar     globalExtended: undefined,
322 silly tar     header: Ls {
322 silly tar       cksumValid: true,
322 silly tar       needPax: false,
322 silly tar       nullBlock: false,
322 silly tar       block: undefined,
322 silly tar       path: 'package/dist/esm2017/src/core/user/additional_user_info.d.ts',
322 silly tar       mode: 420,
322 silly tar       uid: undefined,
322 silly tar       gid: undefined,
322 silly tar       size: 1214,
322 silly tar       cksum: 8704,
322 silly tar       linkpath: '',
322 silly tar       uname: '',
322 silly tar       gname: '',
322 silly tar       devmaj: 0,
322 silly tar       devmin: 0,
322 silly tar       atime: undefined,
322 silly tar       ctime: undefined,
322 silly tar       mtime: 1985-10-26T08:15:00.000Z,
322 silly tar       charset: undefined,
322 silly tar       comment: undefined
322 silly tar     },
322 silly tar     startBlockSize: 1536,
322 silly tar     blockRemain: 0,
322 silly tar     remain: 0,
322 silly tar     type: 'File',
322 silly tar     meta: false,
322 silly tar     ignore: false,
322 silly tar     path: 'dist/esm2017/src/core/user/additional_user_info.d.ts',
322 silly tar     mode: 438,
322 silly tar     uid: undefined,
322 silly tar     gid: undefined,
322 silly tar     uname: '',
322 silly tar     gname: '',
322 silly tar     size: 1214,
322 silly tar     mtime: 1985-10-26T08:15:00.000Z,
322 silly tar     atime: undefined,
322 silly tar     ctime: undefined,
322 silly tar     linkpath: undefined,
322 silly tar     dev: undefined,
322 silly tar     ino: undefined,
322 silly tar     nlink: undefined,
322 silly tar     invalid: false,
322 silly tar     absolute: 'E:/Soni_Navratri/node_modules/firebase/node_modules/@firebase/auth/dist/esm2017/src/core/user/additional_user_info.d.ts',
322 silly tar     unsupported: false,
322 silly tar     Symbol(shapeMode): false,
322 silly tar     Symbol(kCapture): false,
322 silly tar     Symbol(flowing): false,
322 silly tar     Symbol(paused): true,
322 silly tar     Symbol(pipes): [],
322 silly tar     Symbol(buffer): [
322 silly tar       <Buffer 2f 2a 2a 0d 0a 20 2a 20 40 6c 69 63 65 6e 73 65 0d 0a 20 2a 20 43 6f 70 79 72 69 67 68 74 20 32 30 31 39 20 47 6f 6f 67 6c 65 20 4c 4c 43 0d 0a 20 2a ... 1164 more bytes>
322 silly tar     ],
322 silly tar     Symbol(objectMode): false,
322 silly tar     Symbol(encoding): null,
322 silly tar     Symbol(async): false,
322 silly tar     Symbol(decoder): null,
322 silly tar     Symbol(EOF): true,
322 silly tar     Symbol(emittedEnd): false,
322 silly tar     Symbol(emittingEnd): false,
322 silly tar     Symbol(closed): false,
322 silly tar     Symbol(emittedError): null,
322 silly tar     Symbol(bufferLength): 1214,
322 silly tar     Symbol(destroyed): false,
322 silly tar     Symbol(signal): undefined,
322 silly tar     Symbol(aborted): false,
322 silly tar     Symbol(dataListeners): 0,
322 silly tar     Symbol(discarded): false
322 silly tar   },
322 silly tar   cwd: 'E:/Soni_Navratri/node_modules/firebase/node_modules/@firebase/auth',
322 silly tar   tarCode: 'TAR_ENTRY_ERROR'
322 silly tar }
323 warn tar TAR_ENTRY_ERROR ENOENT: no such file or directory, lstat 'E:\Soni_Navratri\node_modules\firebase\node_modules\@firebase\auth\dist'
324 silly tar TAR_ENTRY_ERROR ENOENT: no such file or directory, lstat 'E:\Soni_Navratri\node_modules\firebase\node_modules\@firebase\auth\dist' [Error: ENOENT: no such file or directory, lstat 'E:\Soni_Navratri\node_modules\firebase\node_modules\@firebase\auth\dist'] {
324 silly tar   errno: -4058,
324 silly tar   code: 'ENOENT',
324 silly tar   syscall: 'lstat',
324 silly tar   path: 'E:/Soni_Navratri/node_modules/firebase/node_modules/@firebase/auth/dist',
324 silly tar   entry: Is {
324 silly tar     _events: [Object: null prototype] { end: [Function (anonymous)] },
324 silly tar     _eventsCount: 1,
324 silly tar     _maxListeners: undefined,
324 silly tar     writable: false,
324 silly tar     readable: true,
324 silly tar     extended: undefined,
324 silly tar     globalExtended: undefined,
324 silly tar     header: Ls {
324 silly tar       cksumValid: true,
324 silly tar       needPax: false,
324 silly tar       nullBlock: false,
324 silly tar       block: undefined,
324 silly tar       path: 'package/dist/esm5/src/core/user/additional_user_info.d.ts',
324 silly tar       mode: 420,
324 silly tar       uid: undefined,
324 silly tar       gid: undefined,
324 silly tar       size: 1214,
324 silly tar       cksum: 8555,
324 silly tar       linkpath: '',
324 silly tar       uname: '',
324 silly tar       gname: '',
324 silly tar       devmaj: 0,
324 silly tar       devmin: 0,
324 silly tar       atime: undefined,
324 silly tar       ctime: undefined,
324 silly tar       mtime: 1985-10-26T08:15:00.000Z,
324 silly tar       charset: undefined,
324 silly tar       comment: undefined
324 silly tar     },
324 silly tar     startBlockSize: 1536,
324 silly tar     blockRemain: 0,
324 silly tar     remain: 0,
324 silly tar     type: 'File',
324 silly tar     meta: false,
324 silly tar     ignore: false,
324 silly tar     path: 'dist/esm5/src/core/user/additional_user_info.d.ts',
324 silly tar     mode: 438,
324 silly tar     uid: undefined,
324 silly tar     gid: undefined,
324 silly tar     uname: '',
324 silly tar     gname: '',
324 silly tar     size: 1214,
324 silly tar     mtime: 1985-10-26T08:15:00.000Z,
324 silly tar     atime: undefined,
324 silly tar     ctime: undefined,
324 silly tar     linkpath: undefined,
324 silly tar     dev: undefined,
324 silly tar     ino: undefined,
324 silly tar     nlink: undefined,
324 silly tar     invalid: false,
324 silly tar     absolute: 'E:/Soni_Navratri/node_modules/firebase/node_modules/@firebase/auth/dist/esm5/src/core/user/additional_user_info.d.ts',
324 silly tar     unsupported: false,
324 silly tar     Symbol(shapeMode): false,
324 silly tar     Symbol(kCapture): false,
324 silly tar     Symbol(flowing): false,
324 silly tar     Symbol(paused): true,
324 silly tar     Symbol(pipes): [],
324 silly tar     Symbol(buffer): [
324 silly tar       <Buffer 2f 2a 2a 0d 0a 20 2a 20 40 6c 69 63 65 6e 73 65 0d 0a 20 2a 20 43 6f 70 79 72 69 67 68 74 20 32 30 31 39 20 47 6f 6f 67 6c 65 20 4c 4c 43 0d 0a 20 2a ... 1164 more bytes>
324 silly tar     ],
324 silly tar     Symbol(objectMode): false,
324 silly tar     Symbol(encoding): null,
324 silly tar     Symbol(async): false,
324 silly tar     Symbol(decoder): null,
324 silly tar     Symbol(EOF): true,
324 silly tar     Symbol(emittedEnd): false,
324 silly tar     Symbol(emittingEnd): false,
324 silly tar     Symbol(closed): false,
324 silly tar     Symbol(emittedError): null,
324 silly tar     Symbol(bufferLength): 1214,
324 silly tar     Symbol(destroyed): false,
324 silly tar     Symbol(signal): undefined,
324 silly tar     Symbol(aborted): false,
324 silly tar     Symbol(dataListeners): 0,
324 silly tar     Symbol(discarded): false
324 silly tar   },
324 silly tar   cwd: 'E:/Soni_Navratri/node_modules/firebase/node_modules/@firebase/auth',
324 silly tar   tarCode: 'TAR_ENTRY_ERROR'
324 silly tar }
325 warn tar TAR_ENTRY_ERROR ENOENT: no such file or directory, lstat 'E:\Soni_Navratri\node_modules\firebase\node_modules\@firebase\auth\dist'
326 silly tar TAR_ENTRY_ERROR ENOENT: no such file or directory, lstat 'E:\Soni_Navratri\node_modules\firebase\node_modules\@firebase\auth\dist' [Error: ENOENT: no such file or directory, lstat 'E:\Soni_Navratri\node_modules\firebase\node_modules\@firebase\auth\dist'] {
326 silly tar   errno: -4058,
326 silly tar   code: 'ENOENT',
326 silly tar   syscall: 'lstat',
326 silly tar   path: 'E:/Soni_Navratri/node_modules/firebase/node_modules/@firebase/auth/dist',
326 silly tar   entry: Is {
326 silly tar     _events: [Object: null prototype] { end: [Function (anonymous)] },
326 silly tar     _eventsCount: 1,
326 silly tar     _maxListeners: undefined,
326 silly tar     writable: false,
326 silly tar     readable: true,
326 silly tar     extended: undefined,
326 silly tar     globalExtended: undefined,
326 silly tar     header: Ls {
326 silly tar       cksumValid: true,
326 silly tar       needPax: false,
326 silly tar       nullBlock: false,
326 silly tar       block: undefined,
326 silly tar       path: 'package/dist/node-esm/src/core/user/additional_user_info.d.ts',
326 silly tar       mode: 420,
326 silly tar       uid: undefined,
326 silly tar       gid: undefined,
326 silly tar       size: 1214,
326 silly tar       cksum: 8969,
326 silly tar       linkpath: '',
326 silly tar       uname: '',
326 silly tar       gname: '',
326 silly tar       devmaj: 0,
326 silly tar       devmin: 0,
326 silly tar       atime: undefined,
326 silly tar       ctime: undefined,
326 silly tar       mtime: 1985-10-26T08:15:00.000Z,
326 silly tar       charset: undefined,
326 silly tar       comment: undefined
326 silly tar     },
326 silly tar     startBlockSize: 1536,
326 silly tar     blockRemain: 0,
326 silly tar     remain: 0,
326 silly tar     type: 'File',
326 silly tar     meta: false,
326 silly tar     ignore: false,
326 silly tar     path: 'dist/node-esm/src/core/user/additional_user_info.d.ts',
326 silly tar     mode: 438,
326 silly tar     uid: undefined,
326 silly tar     gid: undefined,
326 silly tar     uname: '',
326 silly tar     gname: '',
326 silly tar     size: 1214,
326 silly tar     mtime: 1985-10-26T08:15:00.000Z,
326 silly tar     atime: undefined,
326 silly tar     ctime: undefined,
326 silly tar     linkpath: undefined,
326 silly tar     dev: undefined,
326 silly tar     ino: undefined,
326 silly tar     nlink: undefined,
326 silly tar     invalid: false,
326 silly tar     absolute: 'E:/Soni_Navratri/node_modules/firebase/node_modules/@firebase/auth/dist/node-esm/src/core/user/additional_user_info.d.ts',
326 silly tar     unsupported: false,
326 silly tar     Symbol(shapeMode): false,
326 silly tar     Symbol(kCapture): false,
326 silly tar     Symbol(flowing): false,
326 silly tar     Symbol(paused): true,
326 silly tar     Symbol(pipes): [],
326 silly tar     Symbol(buffer): [
326 silly tar       <Buffer 2f 2a 2a 0d 0a 20 2a 20 40 6c 69 63 65 6e 73 65 0d 0a 20 2a 20 43 6f 70 79 72 69 67 68 74 20 32 30 31 39 20 47 6f 6f 67 6c 65 20 4c 4c 43 0d 0a 20 2a ... 1164 more bytes>
326 silly tar     ],
326 silly tar     Symbol(objectMode): false,
326 silly tar     Symbol(encoding): null,
326 silly tar     Symbol(async): false,
326 silly tar     Symbol(decoder): null,
326 silly tar     Symbol(EOF): true,
326 silly tar     Symbol(emittedEnd): false,
326 silly tar     Symbol(emittingEnd): false,
326 silly tar     Symbol(closed): false,
326 silly tar     Symbol(emittedError): null,
326 silly tar     Symbol(bufferLength): 1214,
326 silly tar     Symbol(destroyed): false,
326 silly tar     Symbol(signal): undefined,
326 silly tar     Symbol(aborted): false,
326 silly tar     Symbol(dataListeners): 0,
326 silly tar     Symbol(discarded): false
326 silly tar   },
326 silly tar   cwd: 'E:/Soni_Navratri/node_modules/firebase/node_modules/@firebase/auth',
326 silly tar   tarCode: 'TAR_ENTRY_ERROR'
326 silly tar }
327 warn tar TAR_ENTRY_ERROR ENOENT: no such file or directory, lstat 'E:\Soni_Navratri\node_modules\firebase\node_modules\@firebase\auth\dist'
328 silly tar TAR_ENTRY_ERROR ENOENT: no such file or directory, lstat 'E:\Soni_Navratri\node_modules\firebase\node_modules\@firebase\auth\dist' [Error: ENOENT: no such file or directory, lstat 'E:\Soni_Navratri\node_modules\firebase\node_modules\@firebase\auth\dist'] {
328 silly tar   errno: -4058,
328 silly tar   code: 'ENOENT',
328 silly tar   syscall: 'lstat',
328 silly tar   path: 'E:/Soni_Navratri/node_modules/firebase/node_modules/@firebase/auth/dist',
328 silly tar   entry: Is {
328 silly tar     _events: [Object: null prototype] { end: [Function (anonymous)] },
328 silly tar     _eventsCount: 1,
328 silly tar     _maxListeners: undefined,
328 silly tar     writable: false,
328 silly tar     readable: true,
328 silly tar     extended: undefined,
328 silly tar     globalExtended: undefined,
328 silly tar     header: Ls {
328 silly tar       cksumValid: true,
328 silly tar       needPax: false,
328 silly tar       nullBlock: false,
328 silly tar       block: undefined,
328 silly tar       path: 'package/dist/node/src/core/user/additional_user_info.d.ts',
328 silly tar       mode: 420,
328 silly tar       uid: undefined,
328 silly tar       gid: undefined,
328 silly tar       size: 1214,
328 silly tar       cksum: 8599,
328 silly tar       linkpath: '',
328 silly tar       uname: '',
328 silly tar       gname: '',
328 silly tar       devmaj: 0,
328 silly tar       devmin: 0,
328 silly tar       atime: undefined,
328 silly tar       ctime: undefined,
328 silly tar       mtime: 1985-10-26T08:15:00.000Z,
328 silly tar       charset: undefined,
328 silly tar       comment: undefined
328 silly tar     },
328 silly tar     startBlockSize: 1536,
328 silly tar     blockRemain: 0,
328 silly tar     remain: 0,
328 silly tar     type: 'File',
328 silly tar     meta: false,
328 silly tar     ignore: false,
328 silly tar     path: 'dist/node/src/core/user/additional_user_info.d.ts',
328 silly tar     mode: 438,
328 silly tar     uid: undefined,
328 silly tar     gid: undefined,
328 silly tar     uname: '',
328 silly tar     gname: '',
328 silly tar     size: 1214,
328 silly tar     mtime: 1985-10-26T08:15:00.000Z,
328 silly tar     atime: undefined,
328 silly tar     ctime: undefined,
328 silly tar     linkpath: undefined,
328 silly tar     dev: undefined,
328 silly tar     ino: undefined,
328 silly tar     nlink: undefined,
328 silly tar     invalid: false,
328 silly tar     absolute: 'E:/Soni_Navratri/node_modules/firebase/node_modules/@firebase/auth/dist/node/src/core/user/additional_user_info.d.ts',
328 silly tar     unsupported: false,
328 silly tar     Symbol(shapeMode): false,
328 silly tar     Symbol(kCapture): false,
328 silly tar     Symbol(flowing): false,
328 silly tar     Symbol(paused): true,
328 silly tar     Symbol(pipes): [],
328 silly tar     Symbol(buffer): [
328 silly tar       <Buffer 2f 2a 2a 0d 0a 20 2a 20 40 6c 69 63 65 6e 73 65 0d 0a 20 2a 20 43 6f 70 79 72 69 67 68 74 20 32 30 31 39 20 47 6f 6f 67 6c 65 20 4c 4c 43 0d 0a 20 2a ... 1164 more bytes>
328 silly tar     ],
328 silly tar     Symbol(objectMode): false,
328 silly tar     Symbol(encoding): null,
328 silly tar     Symbol(async): false,
328 silly tar     Symbol(decoder): null,
328 silly tar     Symbol(EOF): true,
328 silly tar     Symbol(emittedEnd): false,
328 silly tar     Symbol(emittingEnd): false,
328 silly tar     Symbol(closed): false,
328 silly tar     Symbol(emittedError): null,
328 silly tar     Symbol(bufferLength): 1214,
328 silly tar     Symbol(destroyed): false,
328 silly tar     Symbol(signal): undefined,
328 silly tar     Symbol(aborted): false,
328 silly tar     Symbol(dataListeners): 0,
328 silly tar     Symbol(discarded): false
328 silly tar   },
328 silly tar   cwd: 'E:/Soni_Navratri/node_modules/firebase/node_modules/@firebase/auth',
328 silly tar   tarCode: 'TAR_ENTRY_ERROR'
328 silly tar }
329 warn tar TAR_ENTRY_ERROR ENOENT: no such file or directory, lstat 'E:\Soni_Navratri\node_modules\firebase\node_modules\@firebase\auth\dist'
330 silly tar TAR_ENTRY_ERROR ENOENT: no such file or directory, lstat 'E:\Soni_Navratri\node_modules\firebase\node_modules\@firebase\auth\dist' [Error: ENOENT: no such file or directory, lstat 'E:\Soni_Navratri\node_modules\firebase\node_modules\@firebase\auth\dist'] {
330 silly tar   errno: -4058,
330 silly tar   code: 'ENOENT',
330 silly tar   syscall: 'lstat',
330 silly tar   path: 'E:/Soni_Navratri/node_modules/firebase/node_modules/@firebase/auth/dist',
330 silly tar   entry: Is {
330 silly tar     _events: [Object: null prototype] { end: [Function (anonymous)] },
330 silly tar     _eventsCount: 1,
330 silly tar     _maxListeners: undefined,
330 silly tar     writable: false,
330 silly tar     readable: true,
330 silly tar     extended: undefined,
330 silly tar     globalExtended: undefined,
330 silly tar     header: Ls {
330 silly tar       cksumValid: true,
330 silly tar       needPax: false,
330 silly tar       nullBlock: false,
330 silly tar       block: undefined,
330 silly tar       path: 'package/dist/rn/src/core/user/additional_user_info.d.ts',
330 silly tar       mode: 420,
330 silly tar       uid: undefined,
330 silly tar       gid: undefined,
330 silly tar       size: 1214,
330 silly tar       cksum: 8401,
330 silly tar       linkpath: '',
330 silly tar       uname: '',
330 silly tar       gname: '',
330 silly tar       devmaj: 0,
330 silly tar       devmin: 0,
330 silly tar       atime: undefined,
330 silly tar       ctime: undefined,
330 silly tar       mtime: 1985-10-26T08:15:00.000Z,
330 silly tar       charset: undefined,
330 silly tar       comment: undefined
330 silly tar     },
330 silly tar     startBlockSize: 1536,
330 silly tar     blockRemain: 0,
330 silly tar     remain: 0,
330 silly tar     type: 'File',
330 silly tar     meta: false,
330 silly tar     ignore: false,
330 silly tar     path: 'dist/rn/src/core/user/additional_user_info.d.ts',
330 silly tar     mode: 438,
330 silly tar     uid: undefined,
330 silly tar     gid: undefined,
330 silly tar     uname: '',
330 silly tar     gname: '',
330 silly tar     size: 1214,
330 silly tar     mtime: 1985-10-26T08:15:00.000Z,
330 silly tar     atime: undefined,
330 silly tar     ctime: undefined,
330 silly tar     linkpath: undefined,
330 silly tar     dev: undefined,
330 silly tar     ino: undefined,
330 silly tar     nlink: undefined,
330 silly tar     invalid: false,
330 silly tar     absolute: 'E:/Soni_Navratri/node_modules/firebase/node_modules/@firebase/auth/dist/rn/src/core/user/additional_user_info.d.ts',
330 silly tar     unsupported: false,
330 silly tar     Symbol(shapeMode): false,
330 silly tar     Symbol(kCapture): false,
330 silly tar     Symbol(flowing): false,
330 silly tar     Symbol(paused): true,
330 silly tar     Symbol(pipes): [],
330 silly tar     Symbol(buffer): [
330 silly tar       <Buffer 2f 2a 2a 0d 0a 20 2a 20 40 6c 69 63 65 6e 73 65 0d 0a 20 2a 20 43 6f 70 79 72 69 67 68 74 20 32 30 31 39 20 47 6f 6f 67 6c 65 20 4c 4c 43 0d 0a 20 2a ... 1164 more bytes>
330 silly tar     ],
330 silly tar     Symbol(objectMode): false,
330 silly tar     Symbol(encoding): null,
330 silly tar     Symbol(async): false,
330 silly tar     Symbol(decoder): null,
330 silly tar     Symbol(EOF): true,
330 silly tar     Symbol(emittedEnd): false,
330 silly tar     Symbol(emittingEnd): false,
330 silly tar     Symbol(closed): false,
330 silly tar     Symbol(emittedError): null,
330 silly tar     Symbol(bufferLength): 1214,
330 silly tar     Symbol(destroyed): false,
330 silly tar     Symbol(signal): undefined,
330 silly tar     Symbol(aborted): false,
330 silly tar     Symbol(dataListeners): 0,
330 silly tar     Symbol(discarded): false
330 silly tar   },
330 silly tar   cwd: 'E:/Soni_Navratri/node_modules/firebase/node_modules/@firebase/auth',
330 silly tar   tarCode: 'TAR_ENTRY_ERROR'
330 silly tar }
331 warn tar TAR_ENTRY_ERROR ENOENT: no such file or directory, lstat 'E:\Soni_Navratri\node_modules\firebase\node_modules\@firebase\auth\dist'
332 silly tar TAR_ENTRY_ERROR ENOENT: no such file or directory, lstat 'E:\Soni_Navratri\node_modules\firebase\node_modules\@firebase\auth\dist' [Error: ENOENT: no such file or directory, lstat 'E:\Soni_Navratri\node_modules\firebase\node_modules\@firebase\auth\dist'] {
332 silly tar   errno: -4058,
332 silly tar   code: 'ENOENT',
332 silly tar   syscall: 'lstat',
332 silly tar   path: 'E:/Soni_Navratri/node_modules/firebase/node_modules/@firebase/auth/dist',
332 silly tar   entry: Is {
332 silly tar     _events: [Object: null prototype] { end: [Function (anonymous)] },
332 silly tar     _eventsCount: 1,
332 silly tar     _maxListeners: undefined,
332 silly tar     writable: false,
332 silly tar     readable: true,
332 silly tar     extended: undefined,
332 silly tar     globalExtended: undefined,
332 silly tar     header: Ls {
332 silly tar       cksumValid: true,
332 silly tar       needPax: false,
332 silly tar       nullBlock: false,
332 silly tar       block: undefined,
332 silly tar       path: 'package/dist/src/core/user/additional_user_info.d.ts',
332 silly tar       mode: 420,
332 silly tar       uid: undefined,
332 silly tar       gid: undefined,
332 silly tar       size: 1214,
332 silly tar       cksum: 8130,
332 silly tar       linkpath: '',
332 silly tar       uname: '',
332 silly tar       gname: '',
332 silly tar       devmaj: 0,
332 silly tar       devmin: 0,
332 silly tar       atime: undefined,
332 silly tar       ctime: undefined,
332 silly tar       mtime: 1985-10-26T08:15:00.000Z,
332 silly tar       charset: undefined,
332 silly tar       comment: undefined
332 silly tar     },
332 silly tar     startBlockSize: 1536,
332 silly tar     blockRemain: 0,
332 silly tar     remain: 0,
332 silly tar     type: 'File',
332 silly tar     meta: false,
332 silly tar     ignore: false,
332 silly tar     path: 'dist/src/core/user/additional_user_info.d.ts',
332 silly tar     mode: 438,
332 silly tar     uid: undefined,
332 silly tar     gid: undefined,
332 silly tar     uname: '',
332 silly tar     gname: '',
332 silly tar     size: 1214,
332 silly tar     mtime: 1985-10-26T08:15:00.000Z,
332 silly tar     atime: undefined,
332 silly tar     ctime: undefined,
332 silly tar     linkpath: undefined,
332 silly tar     dev: undefined,
332 silly tar     ino: undefined,
332 silly tar     nlink: undefined,
332 silly tar     invalid: false,
332 silly tar     absolute: 'E:/Soni_Navratri/node_modules/firebase/node_modules/@firebase/auth/dist/src/core/user/additional_user_info.d.ts',
332 silly tar     unsupported: false,
332 silly tar     Symbol(shapeMode): false,
332 silly tar     Symbol(kCapture): false,
332 silly tar     Symbol(flowing): false,
332 silly tar     Symbol(paused): true,
332 silly tar     Symbol(pipes): [],
332 silly tar     Symbol(buffer): [
332 silly tar       <Buffer 2f 2a 2a 0d 0a 20 2a 20 40 6c 69 63 65 6e 73 65 0d 0a 20 2a 20 43 6f 70 79 72 69 67 68 74 20 32 30 31 39 20 47 6f 6f 67 6c 65 20 4c 4c 43 0d 0a 20 2a ... 1164 more bytes>
332 silly tar     ],
332 silly tar     Symbol(objectMode): false,
332 silly tar     Symbol(encoding): null,
332 silly tar     Symbol(async): false,
332 silly tar     Symbol(decoder): null,
332 silly tar     Symbol(EOF): true,
332 silly tar     Symbol(emittedEnd): false,
332 silly tar     Symbol(emittingEnd): false,
332 silly tar     Symbol(closed): false,
332 silly tar     Symbol(emittedError): null,
332 silly tar     Symbol(bufferLength): 1214,
332 silly tar     Symbol(destroyed): false,
332 silly tar     Symbol(signal): undefined,
332 silly tar     Symbol(aborted): false,
332 silly tar     Symbol(dataListeners): 0,
332 silly tar     Symbol(discarded): false
332 silly tar   },
332 silly tar   cwd: 'E:/Soni_Navratri/node_modules/firebase/node_modules/@firebase/auth',
332 silly tar   tarCode: 'TAR_ENTRY_ERROR'
332 silly tar }
333 warn tar TAR_ENTRY_ERROR ENOENT: no such file or directory, lstat 'E:\Soni_Navratri\node_modules\firebase\node_modules\@firebase\auth\dist'
334 silly tar TAR_ENTRY_ERROR ENOENT: no such file or directory, lstat 'E:\Soni_Navratri\node_modules\firebase\node_modules\@firebase\auth\dist' [Error: ENOENT: no such file or directory, lstat 'E:\Soni_Navratri\node_modules\firebase\node_modules\@firebase\auth\dist'] {
334 silly tar   errno: -4058,
334 silly tar   code: 'ENOENT',
334 silly tar   syscall: 'lstat',
334 silly tar   path: 'E:/Soni_Navratri/node_modules/firebase/node_modules/@firebase/auth/dist',
334 silly tar   entry: Is {
334 silly tar     _events: [Object: null prototype] { end: [Function (anonymous)] },
334 silly tar     _eventsCount: 1,
334 silly tar     _maxListeners: undefined,
334 silly tar     writable: false,
334 silly tar     readable: true,
334 silly tar     extended: undefined,
334 silly tar     globalExtended: undefined,
334 silly tar     header: Ls {
334 silly tar       cksumValid: true,
334 silly tar       needPax: false,
334 silly tar       nullBlock: false,
334 silly tar       block: undefined,
334 silly tar       path: 'package/dist/web-extension-cjs/src/core/user/additional_user_info.d.ts',
334 silly tar       mode: 420,
334 silly tar       uid: undefined,
334 silly tar       gid: undefined,
334 silly tar       size: 1214,
334 silly tar       cksum: 9894,
334 silly tar       linkpath: '',
334 silly tar       uname: '',
334 silly tar       gname: '',
334 silly tar       devmaj: 0,
334 silly tar       devmin: 0,
334 silly tar       atime: undefined,
334 silly tar       ctime: undefined,
334 silly tar       mtime: 1985-10-26T08:15:00.000Z,
334 silly tar       charset: undefined,
334 silly tar       comment: undefined
334 silly tar     },
334 silly tar     startBlockSize: 1536,
334 silly tar     blockRemain: 0,
334 silly tar     remain: 0,
334 silly tar     type: 'File',
334 silly tar     meta: false,
334 silly tar     ignore: false,
334 silly tar     path: 'dist/web-extension-cjs/src/core/user/additional_user_info.d.ts',
334 silly tar     mode: 438,
334 silly tar     uid: undefined,
334 silly tar     gid: undefined,
334 silly tar     uname: '',
334 silly tar     gname: '',
334 silly tar     size: 1214,
334 silly tar     mtime: 1985-10-26T08:15:00.000Z,
334 silly tar     atime: undefined,
334 silly tar     ctime: undefined,
334 silly tar     linkpath: undefined,
334 silly tar     dev: undefined,
334 silly tar     ino: undefined,
334 silly tar     nlink: undefined,
334 silly tar     invalid: false,
334 silly tar     absolute: 'E:/Soni_Navratri/node_modules/firebase/node_modules/@firebase/auth/dist/web-extension-cjs/src/core/user/additional_user_info.d.ts',
334 silly tar     unsupported: false,
334 silly tar     Symbol(shapeMode): false,
334 silly tar     Symbol(kCapture): false,
334 silly tar     Symbol(flowing): false,
334 silly tar     Symbol(paused): true,
334 silly tar     Symbol(pipes): [],
334 silly tar     Symbol(buffer): [
334 silly tar       <Buffer 2f 2a 2a 0d 0a 20 2a 20 40 6c 69 63 65 6e 73 65 0d 0a 20 2a 20 43 6f 70 79 72 69 67 68 74 20 32 30 31 39 20 47 6f 6f 67 6c 65 20 4c 4c 43 0d 0a 20 2a ... 1164 more bytes>
334 silly tar     ],
334 silly tar     Symbol(objectMode): false,
334 silly tar     Symbol(encoding): null,
334 silly tar     Symbol(async): false,
334 silly tar     Symbol(decoder): null,
334 silly tar     Symbol(EOF): true,
334 silly tar     Symbol(emittedEnd): false,
334 silly tar     Symbol(emittingEnd): false,
334 silly tar     Symbol(closed): false,
334 silly tar     Symbol(emittedError): null,
334 silly tar     Symbol(bufferLength): 1214,
334 silly tar     Symbol(destroyed): false,
334 silly tar     Symbol(signal): undefined,
334 silly tar     Symbol(aborted): false,
334 silly tar     Symbol(dataListeners): 0,
334 silly tar     Symbol(discarded): false
334 silly tar   },
334 silly tar   cwd: 'E:/Soni_Navratri/node_modules/firebase/node_modules/@firebase/auth',
334 silly tar   tarCode: 'TAR_ENTRY_ERROR'
334 silly tar }
335 warn tar TAR_ENTRY_ERROR ENOENT: no such file or directory, lstat 'E:\Soni_Navratri\node_modules\firebase\node_modules\@firebase\auth\dist'
336 silly tar TAR_ENTRY_ERROR ENOENT: no such file or directory, lstat 'E:\Soni_Navratri\node_modules\firebase\node_modules\@firebase\auth\dist' [Error: ENOENT: no such file or directory, lstat 'E:\Soni_Navratri\node_modules\firebase\node_modules\@firebase\auth\dist'] {
336 silly tar   errno: -4058,
336 silly tar   code: 'ENOENT',
336 silly tar   syscall: 'lstat',
336 silly tar   path: 'E:/Soni_Navratri/node_modules/firebase/node_modules/@firebase/auth/dist',
336 silly tar   entry: Is {
336 silly tar     _events: [Object: null prototype] { end: [Function (anonymous)] },
336 silly tar     _eventsCount: 1,
336 silly tar     _maxListeners: undefined,
336 silly tar     writable: false,
336 silly tar     readable: true,
336 silly tar     extended: undefined,
336 silly tar     globalExtended: undefined,
336 silly tar     header: Ls {
336 silly tar       cksumValid: true,
336 silly tar       needPax: false,
336 silly tar       nullBlock: false,
336 silly tar       block: undefined,
336 silly tar       path: 'package/dist/web-extension-esm2017/src/core/user/additional_user_info.d.ts',
336 silly tar       mode: 420,
336 silly tar       uid: undefined,
336 silly tar       gid: undefined,
336 silly tar       size: 1214,
336 silly tar       cksum: 10101,
336 silly tar       linkpath: '',
336 silly tar       uname: '',
336 silly tar       gname: '',
336 silly tar       devmaj: 0,
336 silly tar       devmin: 0,
336 silly tar       atime: undefined,
336 silly tar       ctime: undefined,
336 silly tar       mtime: 1985-10-26T08:15:00.000Z,
336 silly tar       charset: undefined,
336 silly tar       comment: undefined
336 silly tar     },
336 silly tar     startBlockSize: 1536,
336 silly tar     blockRemain: 0,
336 silly tar     remain: 0,
336 silly tar     type: 'File',
336 silly tar     meta: false,
336 silly tar     ignore: false,
336 silly tar     path: 'dist/web-extension-esm2017/src/core/user/additional_user_info.d.ts',
336 silly tar     mode: 438,
336 silly tar     uid: undefined,
336 silly tar     gid: undefined,
336 silly tar     uname: '',
336 silly tar     gname: '',
336 silly tar     size: 1214,
336 silly tar     mtime: 1985-10-26T08:15:00.000Z,
336 silly tar     atime: undefined,
336 silly tar     ctime: undefined,
336 silly tar     linkpath: undefined,
336 silly tar     dev: undefined,
336 silly tar     ino: undefined,
336 silly tar     nlink: undefined,
336 silly tar     invalid: false,
336 silly tar     absolute: 'E:/Soni_Navratri/node_modules/firebase/node_modules/@firebase/auth/dist/web-extension-esm2017/src/core/user/additional_user_info.d.ts',
336 silly tar     unsupported: false,
336 silly tar     Symbol(shapeMode): false,
336 silly tar     Symbol(kCapture): false,
336 silly tar     Symbol(flowing): false,
336 silly tar     Symbol(paused): true,
336 silly tar     Symbol(pipes): [],
336 silly tar     Symbol(buffer): [
336 silly tar       <Buffer 2f 2a 2a 0d 0a 20 2a 20 40 6c 69 63 65 6e 73 65 0d 0a 20 2a 20 43 6f 70 79 72 69 67 68 74 20 32 30 31 39 20 47 6f 6f 67 6c 65 20 4c 4c 43 0d 0a 20 2a ... 1164 more bytes>
336 silly tar     ],
336 silly tar     Symbol(objectMode): false,
336 silly tar     Symbol(encoding): null,
336 silly tar     Symbol(async): false,
336 silly tar     Symbol(decoder): null,
336 silly tar     Symbol(EOF): true,
336 silly tar     Symbol(emittedEnd): false,
336 silly tar     Symbol(emittingEnd): false,
336 silly tar     Symbol(closed): false,
336 silly tar     Symbol(emittedError): null,
336 silly tar     Symbol(bufferLength): 1214,
336 silly tar     Symbol(destroyed): false,
336 silly tar     Symbol(signal): undefined,
336 silly tar     Symbol(aborted): false,
336 silly tar     Symbol(dataListeners): 0,
336 silly tar     Symbol(discarded): false
336 silly tar   },
336 silly tar   cwd: 'E:/Soni_Navratri/node_modules/firebase/node_modules/@firebase/auth',
336 silly tar   tarCode: 'TAR_ENTRY_ERROR'
336 silly tar }
337 warn tar TAR_ENTRY_ERROR ENOENT: no such file or directory, lstat 'E:\Soni_Navratri\node_modules\firebase\node_modules\@firebase\auth\dist'
338 silly tar TAR_ENTRY_ERROR ENOENT: no such file or directory, lstat 'E:\Soni_Navratri\node_modules\firebase\node_modules\@firebase\auth\dist' [Error: ENOENT: no such file or directory, lstat 'E:\Soni_Navratri\node_modules\firebase\node_modules\@firebase\auth\dist'] {
338 silly tar   errno: -4058,
338 silly tar   code: 'ENOENT',
338 silly tar   syscall: 'lstat',
338 silly tar   path: 'E:/Soni_Navratri/node_modules/firebase/node_modules/@firebase/auth/dist',
338 silly tar   entry: Is {
338 silly tar     _events: [Object: null prototype] { end: [Function (anonymous)] },
338 silly tar     _eventsCount: 1,
338 silly tar     _maxListeners: undefined,
338 silly tar     writable: false,
338 silly tar     readable: true,
338 silly tar     extended: undefined,
338 silly tar     globalExtended: undefined,
338 silly tar     header: Ls {
338 silly tar       cksumValid: true,
338 silly tar       needPax: false,
338 silly tar       nullBlock: false,
338 silly tar       block: undefined,
338 silly tar       path: 'package/dist/browser-cjs/src/core/user/additional_user_info.test.d.ts',
338 silly tar       mode: 420,
338 silly tar       uid: undefined,
338 silly tar       gid: undefined,
338 silly tar       size: 633,
338 silly tar       cksum: 9801,
338 silly tar       linkpath: '',
338 silly tar       uname: '',
338 silly tar       gname: '',
338 silly tar       devmaj: 0,
338 silly tar       devmin: 0,
338 silly tar       atime: undefined,
338 silly tar       ctime: undefined,
338 silly tar       mtime: 1985-10-26T08:15:00.000Z,
338 silly tar       charset: undefined,
338 silly tar       comment: undefined
338 silly tar     },
338 silly tar     startBlockSize: 1024,
338 silly tar     blockRemain: 0,
338 silly tar     remain: 0,
338 silly tar     type: 'File',
338 silly tar     meta: false,
338 silly tar     ignore: false,
338 silly tar     path: 'dist/browser-cjs/src/core/user/additional_user_info.test.d.ts',
338 silly tar     mode: 438,
338 silly tar     uid: undefined,
338 silly tar     gid: undefined,
338 silly tar     uname: '',
338 silly tar     gname: '',
338 silly tar     size: 633,
338 silly tar     mtime: 1985-10-26T08:15:00.000Z,
338 silly tar     atime: undefined,
338 silly tar     ctime: undefined,
338 silly tar     linkpath: undefined,
338 silly tar     dev: undefined,
338 silly tar     ino: undefined,
338 silly tar     nlink: undefined,
338 silly tar     invalid: false,
338 silly tar     absolute: 'E:/Soni_Navratri/node_modules/firebase/node_modules/@firebase/auth/dist/browser-cjs/src/core/user/additional_user_info.test.d.ts',
338 silly tar     unsupported: false,
338 silly tar     Symbol(shapeMode): false,
338 silly tar     Symbol(kCapture): false,
338 silly tar     Symbol(flowing): false,
338 silly tar     Symbol(paused): true,
338 silly tar     Symbol(pipes): [],
338 silly tar     Symbol(buffer): [
338 silly tar       <Buffer 2f 2a 2a 0d 0a 20 2a 20 40 6c 69 63 65 6e 73 65 0d 0a 20 2a 20 43 6f 70 79 72 69 67 68 74 20 32 30 31 39 20 47 6f 6f 67 6c 65 20 4c 4c 43 0d 0a 20 2a ... 583 more bytes>
338 silly tar     ],
338 silly tar     Symbol(objectMode): false,
338 silly tar     Symbol(encoding): null,
338 silly tar     Symbol(async): false,
338 silly tar     Symbol(decoder): null,
338 silly tar     Symbol(EOF): true,
338 silly tar     Symbol(emittedEnd): false,
338 silly tar     Symbol(emittingEnd): false,
338 silly tar     Symbol(closed): false,
338 silly tar     Symbol(emittedError): null,
338 silly tar     Symbol(bufferLength): 633,
338 silly tar     Symbol(destroyed): false,
338 silly tar     Symbol(signal): undefined,
338 silly tar     Symbol(aborted): false,
338 silly tar     Symbol(dataListeners): 0,
338 silly tar     Symbol(discarded): false
338 silly tar   },
338 silly tar   cwd: 'E:/Soni_Navratri/node_modules/firebase/node_modules/@firebase/auth',
338 silly tar   tarCode: 'TAR_ENTRY_ERROR'
338 silly tar }
339 warn tar TAR_ENTRY_ERROR ENOENT: no such file or directory, lstat 'E:\Soni_Navratri\node_modules\firebase\node_modules\@firebase\auth\dist'
340 silly tar TAR_ENTRY_ERROR ENOENT: no such file or directory, lstat 'E:\Soni_Navratri\node_modules\firebase\node_modules\@firebase\auth\dist' [Error: ENOENT: no such file or directory, lstat 'E:\Soni_Navratri\node_modules\firebase\node_modules\@firebase\auth\dist'] {
340 silly tar   errno: -4058,
340 silly tar   code: 'ENOENT',
340 silly tar   syscall: 'lstat',
340 silly tar   path: 'E:/Soni_Navratri/node_modules/firebase/node_modules/@firebase/auth/dist',
340 silly tar   entry: Is {
340 silly tar     _events: [Object: null prototype] { end: [Function (anonymous)] },
340 silly tar     _eventsCount: 1,
340 silly tar     _maxListeners: undefined,
340 silly tar     writable: false,
340 silly tar     readable: true,
340 silly tar     extended: undefined,
340 silly tar     globalExtended: undefined,
340 silly tar     header: Ls {
340 silly tar       cksumValid: true,
340 silly tar       needPax: false,
340 silly tar       nullBlock: false,
340 silly tar       block: undefined,
340 silly tar       path: 'package/dist/cordova/src/core/user/additional_user_info.test.d.ts',
340 silly tar       mode: 420,
340 silly tar       uid: undefined,
340 silly tar       gid: undefined,
340 silly tar       size: 633,
340 silly tar       cksum: 9414,
340 silly tar       linkpath: '',
340 silly tar       uname: '',
340 silly tar       gname: '',
340 silly tar       devmaj: 0,
340 silly tar       devmin: 0,
340 silly tar       atime: undefined,
340 silly tar       ctime: undefined,
340 silly tar       mtime: 1985-10-26T08:15:00.000Z,
340 silly tar       charset: undefined,
340 silly tar       comment: undefined
340 silly tar     },
340 silly tar     startBlockSize: 1024,
340 silly tar     blockRemain: 0,
340 silly tar     remain: 0,
340 silly tar     type: 'File',
340 silly tar     meta: false,
340 silly tar     ignore: false,
340 silly tar     path: 'dist/cordova/src/core/user/additional_user_info.test.d.ts',
340 silly tar     mode: 438,
340 silly tar     uid: undefined,
340 silly tar     gid: undefined,
340 silly tar     uname: '',
340 silly tar     gname: '',
340 silly tar     size: 633,
340 silly tar     mtime: 1985-10-26T08:15:00.000Z,
340 silly tar     atime: undefined,
340 silly tar     ctime: undefined,
340 silly tar     linkpath: undefined,
340 silly tar     dev: undefined,
340 silly tar     ino: undefined,
340 silly tar     nlink: undefined,
340 silly tar     invalid: false,
340 silly tar     absolute: 'E:/Soni_Navratri/node_modules/firebase/node_modules/@firebase/auth/dist/cordova/src/core/user/additional_user_info.test.d.ts',
340 silly tar     unsupported: false,
340 silly tar     Symbol(shapeMode): false,
340 silly tar     Symbol(kCapture): false,
340 silly tar     Symbol(flowing): false,
340 silly tar     Symbol(paused): true,
340 silly tar     Symbol(pipes): [],
340 silly tar     Symbol(buffer): [
340 silly tar       <Buffer 2f 2a 2a 0d 0a 20 2a 20 40 6c 69 63 65 6e 73 65 0d 0a 20 2a 20 43 6f 70 79 72 69 67 68 74 20 32 30 31 39 20 47 6f 6f 67 6c 65 20 4c 4c 43 0d 0a 20 2a ... 583 more bytes>
340 silly tar     ],
340 silly tar     Symbol(objectMode): false,
340 silly tar     Symbol(encoding): null,
340 silly tar     Symbol(async): false,
340 silly tar     Symbol(decoder): null,
340 silly tar     Symbol(EOF): true,
340 silly tar     Symbol(emittedEnd): false,
340 silly tar     Symbol(emittingEnd): false,
340 silly tar     Symbol(closed): false,
340 silly tar     Symbol(emittedError): null,
340 silly tar     Symbol(bufferLength): 633,
340 silly tar     Symbol(destroyed): false,
340 silly tar     Symbol(signal): undefined,
340 silly tar     Symbol(aborted): false,
340 silly tar     Symbol(dataListeners): 0,
340 silly tar     Symbol(discarded): false
340 silly tar   },
340 silly tar   cwd: 'E:/Soni_Navratri/node_modules/firebase/node_modules/@firebase/auth',
340 silly tar   tarCode: 'TAR_ENTRY_ERROR'
340 silly tar }
341 warn tar TAR_ENTRY_ERROR ENOENT: no such file or directory, lstat 'E:\Soni_Navratri\node_modules\firebase\node_modules\@firebase\auth\dist'
342 silly tar TAR_ENTRY_ERROR ENOENT: no such file or directory, lstat 'E:\Soni_Navratri\node_modules\firebase\node_modules\@firebase\auth\dist' [Error: ENOENT: no such file or directory, lstat 'E:\Soni_Navratri\node_modules\firebase\node_modules\@firebase\auth\dist'] {
342 silly tar   errno: -4058,
342 silly tar   code: 'ENOENT',
342 silly tar   syscall: 'lstat',
342 silly tar   path: 'E:/Soni_Navratri/node_modules/firebase/node_modules/@firebase/auth/dist',
342 silly tar   entry: Is {
342 silly tar     _events: [Object: null prototype] { end: [Function (anonymous)] },
342 silly tar     _eventsCount: 1,
342 silly tar     _maxListeners: undefined,
342 silly tar     writable: false,
342 silly tar     readable: true,
342 silly tar     extended: undefined,
342 silly tar     globalExtended: undefined,
342 silly tar     header: Ls {
342 silly tar       cksumValid: true,
342 silly tar       needPax: false,
342 silly tar       nullBlock: false,
342 silly tar       block: undefined,
342 silly tar       path: 'package/dist/esm2017/src/core/user/additional_user_info.test.d.ts',
342 silly tar       mode: 420,
342 silly tar       uid: undefined,
342 silly tar       gid: undefined,
342 silly tar       size: 633,
342 silly tar       cksum: 9191,
342 silly tar       linkpath: '',
342 silly tar       uname: '',
342 silly tar       gname: '',
342 silly tar       devmaj: 0,
342 silly tar       devmin: 0,
342 silly tar       atime: undefined,
342 silly tar       ctime: undefined,
342 silly tar       mtime: 1985-10-26T08:15:00.000Z,
342 silly tar       charset: undefined,
342 silly tar       comment: undefined
342 silly tar     },
342 silly tar     startBlockSize: 1024,
342 silly tar     blockRemain: 0,
342 silly tar     remain: 0,
342 silly tar     type: 'File',
342 silly tar     meta: false,
342 silly tar     ignore: false,
342 silly tar     path: 'dist/esm2017/src/core/user/additional_user_info.test.d.ts',
342 silly tar     mode: 438,
342 silly tar     uid: undefined,
342 silly tar     gid: undefined,
342 silly tar     uname: '',
342 silly tar     gname: '',
342 silly tar     size: 633,
342 silly tar     mtime: 1985-10-26T08:15:00.000Z,
342 silly tar     atime: undefined,
342 silly tar     ctime: undefined,
342 silly tar     linkpath: undefined,
342 silly tar     dev: undefined,
342 silly tar     ino: undefined,
342 silly tar     nlink: undefined,
342 silly tar     invalid: false,
342 silly tar     absolute: 'E:/Soni_Navratri/node_modules/firebase/node_modules/@firebase/auth/dist/esm2017/src/core/user/additional_user_info.test.d.ts',
342 silly tar     unsupported: false,
342 silly tar     Symbol(shapeMode): false,
342 silly tar     Symbol(kCapture): false,
342 silly tar     Symbol(flowing): false,
342 silly tar     Symbol(paused): true,
342 silly tar     Symbol(pipes): [],
342 silly tar     Symbol(buffer): [
342 silly tar       <Buffer 2f 2a 2a 0d 0a 20 2a 20 40 6c 69 63 65 6e 73 65 0d 0a 20 2a 20 43 6f 70 79 72 69 67 68 74 20 32 30 31 39 20 47 6f 6f 67 6c 65 20 4c 4c 43 0d 0a 20 2a ... 583 more bytes>
342 silly tar     ],
342 silly tar     Symbol(objectMode): false,
342 silly tar     Symbol(encoding): null,
342 silly tar     Symbol(async): false,
342 silly tar     Symbol(decoder): null,
342 silly tar     Symbol(EOF): true,
342 silly tar     Symbol(emittedEnd): false,
342 silly tar     Symbol(emittingEnd): false,
342 silly tar     Symbol(closed): false,
342 silly tar     Symbol(emittedError): null,
342 silly tar     Symbol(bufferLength): 633,
342 silly tar     Symbol(destroyed): false,
342 silly tar     Symbol(signal): undefined,
342 silly tar     Symbol(aborted): false,
342 silly tar     Symbol(dataListeners): 0,
342 silly tar     Symbol(discarded): false
342 silly tar   },
342 silly tar   cwd: 'E:/Soni_Navratri/node_modules/firebase/node_modules/@firebase/auth',
342 silly tar   tarCode: 'TAR_ENTRY_ERROR'
342 silly tar }
343 warn tar TAR_ENTRY_ERROR ENOENT: no such file or directory, lstat 'E:\Soni_Navratri\node_modules\firebase\node_modules\@firebase\auth\dist'
344 silly tar TAR_ENTRY_ERROR ENOENT: no such file or directory, lstat 'E:\Soni_Navratri\node_modules\firebase\node_modules\@firebase\auth\dist' [Error: ENOENT: no such file or directory, lstat 'E:\Soni_Navratri\node_modules\firebase\node_modules\@firebase\auth\dist'] {
344 silly tar   errno: -4058,
344 silly tar   code: 'ENOENT',
344 silly tar   syscall: 'lstat',
344 silly tar   path: 'E:/Soni_Navratri/node_modules/firebase/node_modules/@firebase/auth/dist',
344 silly tar   entry: Is {
344 silly tar     _events: [Object: null prototype] { end: [Function (anonymous)] },
344 silly tar     _eventsCount: 1,
344 silly tar     _maxListeners: undefined,
344 silly tar     writable: false,
344 silly tar     readable: true,
344 silly tar     extended: undefined,
344 silly tar     globalExtended: undefined,
344 silly tar     header: Ls {
344 silly tar       cksumValid: true,
344 silly tar       needPax: false,
344 silly tar       nullBlock: false,
344 silly tar       block: undefined,
344 silly tar       path: 'package/dist/esm5/src/core/user/additional_user_info.test.d.ts',
344 silly tar       mode: 420,
344 silly tar       uid: undefined,
344 silly tar       gid: undefined,
344 silly tar       size: 633,
344 silly tar       cksum: 9042,
344 silly tar       linkpath: '',
344 silly tar       uname: '',
344 silly tar       gname: '',
344 silly tar       devmaj: 0,
344 silly tar       devmin: 0,
344 silly tar       atime: undefined,
344 silly tar       ctime: undefined,
344 silly tar       mtime: 1985-10-26T08:15:00.000Z,
344 silly tar       charset: undefined,
344 silly tar       comment: undefined
344 silly tar     },
344 silly tar     startBlockSize: 1024,
344 silly tar     blockRemain: 0,
344 silly tar     remain: 0,
344 silly tar     type: 'File',
344 silly tar     meta: false,
344 silly tar     ignore: false,
344 silly tar     path: 'dist/esm5/src/core/user/additional_user_info.test.d.ts',
344 silly tar     mode: 438,
344 silly tar     uid: undefined,
344 silly tar     gid: undefined,
344 silly tar     uname: '',
344 silly tar     gname: '',
344 silly tar     size: 633,
344 silly tar     mtime: 1985-10-26T08:15:00.000Z,
344 silly tar     atime: undefined,
344 silly tar     ctime: undefined,
344 silly tar     linkpath: undefined,
344 silly tar     dev: undefined,
344 silly tar     ino: undefined,
344 silly tar     nlink: undefined,
344 silly tar     invalid: false,
344 silly tar     absolute: 'E:/Soni_Navratri/node_modules/firebase/node_modules/@firebase/auth/dist/esm5/src/core/user/additional_user_info.test.d.ts',
344 silly tar     unsupported: false,
344 silly tar     Symbol(shapeMode): false,
344 silly tar     Symbol(kCapture): false,
344 silly tar     Symbol(flowing): false,
344 silly tar     Symbol(paused): true,
344 silly tar     Symbol(pipes): [],
344 silly tar     Symbol(buffer): [
344 silly tar       <Buffer 2f 2a 2a 0d 0a 20 2a 20 40 6c 69 63 65 6e 73 65 0d 0a 20 2a 20 43 6f 70 79 72 69 67 68 74 20 32 30 31 39 20 47 6f 6f 67 6c 65 20 4c 4c 43 0d 0a 20 2a ... 583 more bytes>
344 silly tar     ],
344 silly tar     Symbol(objectMode): false,
344 silly tar     Symbol(encoding): null,
344 silly tar     Symbol(async): false,
344 silly tar     Symbol(decoder): null,
344 silly tar     Symbol(EOF): true,
344 silly tar     Symbol(emittedEnd): false,
344 silly tar     Symbol(emittingEnd): false,
344 silly tar     Symbol(closed): false,
344 silly tar     Symbol(emittedError): null,
344 silly tar     Symbol(bufferLength): 633,
344 silly tar     Symbol(destroyed): false,
344 silly tar     Symbol(signal): undefined,
344 silly tar     Symbol(aborted): false,
344 silly tar     Symbol(dataListeners): 0,
344 silly tar     Symbol(discarded): false
344 silly tar   },
344 silly tar   cwd: 'E:/Soni_Navratri/node_modules/firebase/node_modules/@firebase/auth',
344 silly tar   tarCode: 'TAR_ENTRY_ERROR'
344 silly tar }
345 warn tar TAR_ENTRY_ERROR ENOENT: no such file or directory, lstat 'E:\Soni_Navratri\node_modules\firebase\node_modules\@firebase\auth\dist'
346 silly tar TAR_ENTRY_ERROR ENOENT: no such file or directory, lstat 'E:\Soni_Navratri\node_modules\firebase\node_modules\@firebase\auth\dist' [Error: ENOENT: no such file or directory, lstat 'E:\Soni_Navratri\node_modules\firebase\node_modules\@firebase\auth\dist'] {
346 silly tar   errno: -4058,
346 silly tar   code: 'ENOENT',
346 silly tar   syscall: 'lstat',
346 silly tar   path: 'E:/Soni_Navratri/node_modules/firebase/node_modules/@firebase/auth/dist',
346 silly tar   entry: Is {
346 silly tar     _events: [Object: null prototype] { end: [Function (anonymous)] },
346 silly tar     _eventsCount: 1,
346 silly tar     _maxListeners: undefined,
346 silly tar     writable: false,
346 silly tar     readable: true,
346 silly tar     extended: undefined,
346 silly tar     globalExtended: undefined,
346 silly tar     header: Ls {
346 silly tar       cksumValid: true,
346 silly tar       needPax: false,
346 silly tar       nullBlock: false,
346 silly tar       block: undefined,
346 silly tar       path: 'package/dist/node-esm/src/core/user/additional_user_info.test.d.ts',
346 silly tar       mode: 420,
346 silly tar       uid: undefined,
346 silly tar       gid: undefined,
346 silly tar       size: 633,
346 silly tar       cksum: 9456,
346 silly tar       linkpath: '',
346 silly tar       uname: '',
346 silly tar       gname: '',
346 silly tar       devmaj: 0,
346 silly tar       devmin: 0,
346 silly tar       atime: undefined,
346 silly tar       ctime: undefined,
346 silly tar       mtime: 1985-10-26T08:15:00.000Z,
346 silly tar       charset: undefined,
346 silly tar       comment: undefined
346 silly tar     },
346 silly tar     startBlockSize: 1024,
346 silly tar     blockRemain: 0,
346 silly tar     remain: 0,
346 silly tar     type: 'File',
346 silly tar     meta: false,
346 silly tar     ignore: false,
346 silly tar     path: 'dist/node-esm/src/core/user/additional_user_info.test.d.ts',
346 silly tar     mode: 438,
346 silly tar     uid: undefined,
346 silly tar     gid: undefined,
346 silly tar     uname: '',
346 silly tar     gname: '',
346 silly tar     size: 633,
346 silly tar     mtime: 1985-10-26T08:15:00.000Z,
346 silly tar     atime: undefined,
346 silly tar     ctime: undefined,
346 silly tar     linkpath: undefined,
346 silly tar     dev: undefined,
346 silly tar     ino: undefined,
346 silly tar     nlink: undefined,
346 silly tar     invalid: false,
346 silly tar     absolute: 'E:/Soni_Navratri/node_modules/firebase/node_modules/@firebase/auth/dist/node-esm/src/core/user/additional_user_info.test.d.ts',
346 silly tar     unsupported: false,
346 silly tar     Symbol(shapeMode): false,
346 silly tar     Symbol(kCapture): false,
346 silly tar     Symbol(flowing): false,
346 silly tar     Symbol(paused): true,
346 silly tar     Symbol(pipes): [],
346 silly tar     Symbol(buffer): [
346 silly tar       <Buffer 2f 2a 2a 0d 0a 20 2a 20 40 6c 69 63 65 6e 73 65 0d 0a 20 2a 20 43 6f 70 79 72 69 67 68 74 20 32 30 31 39 20 47 6f 6f 67 6c 65 20 4c 4c 43 0d 0a 20 2a ... 583 more bytes>
346 silly tar     ],
346 silly tar     Symbol(objectMode): false,
346 silly tar     Symbol(encoding): null,
346 silly tar     Symbol(async): false,
346 silly tar     Symbol(decoder): null,
346 silly tar     Symbol(EOF): true,
346 silly tar     Symbol(emittedEnd): false,
346 silly tar     Symbol(emittingEnd): false,
346 silly tar     Symbol(closed): false,
346 silly tar     Symbol(emittedError): null,
346 silly tar     Symbol(bufferLength): 633,
346 silly tar     Symbol(destroyed): false,
346 silly tar     Symbol(signal): undefined,
346 silly tar     Symbol(aborted): false,
346 silly tar     Symbol(dataListeners): 0,
346 silly tar     Symbol(discarded): false
346 silly tar   },
346 silly tar   cwd: 'E:/Soni_Navratri/node_modules/firebase/node_modules/@firebase/auth',
346 silly tar   tarCode: 'TAR_ENTRY_ERROR'
346 silly tar }
347 warn tar TAR_ENTRY_ERROR ENOENT: no such file or directory, lstat 'E:\Soni_Navratri\node_modules\firebase\node_modules\@firebase\auth\dist'
348 silly tar TAR_ENTRY_ERROR ENOENT: no such file or directory, lstat 'E:\Soni_Navratri\node_modules\firebase\node_modules\@firebase\auth\dist' [Error: ENOENT: no such file or directory, lstat 'E:\Soni_Navratri\node_modules\firebase\node_modules\@firebase\auth\dist'] {
348 silly tar   errno: -4058,
348 silly tar   code: 'ENOENT',
348 silly tar   syscall: 'lstat',
348 silly tar   path: 'E:/Soni_Navratri/node_modules/firebase/node_modules/@firebase/auth/dist',
348 silly tar   entry: Is {
348 silly tar     _events: [Object: null prototype] { end: [Function (anonymous)] },
348 silly tar     _eventsCount: 1,
348 silly tar     _maxListeners: undefined,
348 silly tar     writable: false,
348 silly tar     readable: true,
348 silly tar     extended: undefined,
348 silly tar     globalExtended: undefined,
348 silly tar     header: Ls {
348 silly tar       cksumValid: true,
348 silly tar       needPax: false,
348 silly tar       nullBlock: false,
348 silly tar       block: undefined,
348 silly tar       path: 'package/dist/node/src/core/user/additional_user_info.test.d.ts',
348 silly tar       mode: 420,
348 silly tar       uid: undefined,
348 silly tar       gid: undefined,
348 silly tar       size: 633,
348 silly tar       cksum: 9086,
348 silly tar       linkpath: '',
348 silly tar       uname: '',
348 silly tar       gname: '',
348 silly tar       devmaj: 0,
348 silly tar       devmin: 0,
348 silly tar       atime: undefined,
348 silly tar       ctime: undefined,
348 silly tar       mtime: 1985-10-26T08:15:00.000Z,
348 silly tar       charset: undefined,
348 silly tar       comment: undefined
348 silly tar     },
348 silly tar     startBlockSize: 1024,
348 silly tar     blockRemain: 0,
348 silly tar     remain: 0,
348 silly tar     type: 'File',
348 silly tar     meta: false,
348 silly tar     ignore: false,
348 silly tar     path: 'dist/node/src/core/user/additional_user_info.test.d.ts',
348 silly tar     mode: 438,
348 silly tar     uid: undefined,
348 silly tar     gid: undefined,
348 silly tar     uname: '',
348 silly tar     gname: '',
348 silly tar     size: 633,
348 silly tar     mtime: 1985-10-26T08:15:00.000Z,
348 silly tar     atime: undefined,
348 silly tar     ctime: undefined,
348 silly tar     linkpath: undefined,
348 silly tar     dev: undefined,
348 silly tar     ino: undefined,
348 silly tar     nlink: undefined,
348 silly tar     invalid: false,
348 silly tar     absolute: 'E:/Soni_Navratri/node_modules/firebase/node_modules/@firebase/auth/dist/node/src/core/user/additional_user_info.test.d.ts',
348 silly tar     unsupported: false,
348 silly tar     Symbol(shapeMode): false,
348 silly tar     Symbol(kCapture): false,
348 silly tar     Symbol(flowing): false,
348 silly tar     Symbol(paused): true,
348 silly tar     Symbol(pipes): [],
348 silly tar     Symbol(buffer): [
348 silly tar       <Buffer 2f 2a 2a 0d 0a 20 2a 20 40 6c 69 63 65 6e 73 65 0d 0a 20 2a 20 43 6f 70 79 72 69 67 68 74 20 32 30 31 39 20 47 6f 6f 67 6c 65 20 4c 4c 43 0d 0a 20 2a ... 583 more bytes>
348 silly tar     ],
348 silly tar     Symbol(objectMode): false,
348 silly tar     Symbol(encoding): null,
348 silly tar     Symbol(async): false,
348 silly tar     Symbol(decoder): null,
348 silly tar     Symbol(EOF): true,
348 silly tar     Symbol(emittedEnd): false,
348 silly tar     Symbol(emittingEnd): false,
348 silly tar     Symbol(closed): false,
348 silly tar     Symbol(emittedError): null,
348 silly tar     Symbol(bufferLength): 633,
348 silly tar     Symbol(destroyed): false,
348 silly tar     Symbol(signal): undefined,
348 silly tar     Symbol(aborted): false,
348 silly tar     Symbol(dataListeners): 0,
348 silly tar     Symbol(discarded): false
348 silly tar   },
348 silly tar   cwd: 'E:/Soni_Navratri/node_modules/firebase/node_modules/@firebase/auth',
348 silly tar   tarCode: 'TAR_ENTRY_ERROR'
348 silly tar }
349 warn tar TAR_ENTRY_ERROR ENOENT: no such file or directory, lstat 'E:\Soni_Navratri\node_modules\firebase\node_modules\@firebase\auth\dist'
350 silly tar TAR_ENTRY_ERROR ENOENT: no such file or directory, lstat 'E:\Soni_Navratri\node_modules\firebase\node_modules\@firebase\auth\dist' [Error: ENOENT: no such file or directory, lstat 'E:\Soni_Navratri\node_modules\firebase\node_modules\@firebase\auth\dist'] {
350 silly tar   errno: -4058,
350 silly tar   code: 'ENOENT',
350 silly tar   syscall: 'lstat',
350 silly tar   path: 'E:/Soni_Navratri/node_modules/firebase/node_modules/@firebase/auth/dist',
350 silly tar   entry: Is {
350 silly tar     _events: [Object: null prototype] { end: [Function (anonymous)] },
350 silly tar     _eventsCount: 1,
350 silly tar     _maxListeners: undefined,
350 silly tar     writable: false,
350 silly tar     readable: true,
350 silly tar     extended: undefined,
350 silly tar     globalExtended: undefined,
350 silly tar     header: Ls {
350 silly tar       cksumValid: true,
350 silly tar       needPax: false,
350 silly tar       nullBlock: false,
350 silly tar       block: undefined,
350 silly tar       path: 'package/dist/rn/src/core/user/additional_user_info.test.d.ts',
350 silly tar       mode: 420,
350 silly tar       uid: undefined,
350 silly tar       gid: undefined,
350 silly tar       size: 633,
350 silly tar       cksum: 8888,
350 silly tar       linkpath: '',
350 silly tar       uname: '',
350 silly tar       gname: '',
350 silly tar       devmaj: 0,
350 silly tar       devmin: 0,
350 silly tar       atime: undefined,
350 silly tar       ctime: undefined,
350 silly tar       mtime: 1985-10-26T08:15:00.000Z,
350 silly tar       charset: undefined,
350 silly tar       comment: undefined
350 silly tar     },
350 silly tar     startBlockSize: 1024,
350 silly tar     blockRemain: 0,
350 silly tar     remain: 0,
350 silly tar     type: 'File',
350 silly tar     meta: false,
350 silly tar     ignore: false,
350 silly tar     path: 'dist/rn/src/core/user/additional_user_info.test.d.ts',
350 silly tar     mode: 438,
350 silly tar     uid: undefined,
350 silly tar     gid: undefined,
350 silly tar     uname: '',
350 silly tar     gname: '',
350 silly tar     size: 633,
350 silly tar     mtime: 1985-10-26T08:15:00.000Z,
350 silly tar     atime: undefined,
350 silly tar     ctime: undefined,
350 silly tar     linkpath: undefined,
350 silly tar     dev: undefined,
350 silly tar     ino: undefined,
350 silly tar     nlink: undefined,
350 silly tar     invalid: false,
350 silly tar     absolute: 'E:/Soni_Navratri/node_modules/firebase/node_modules/@firebase/auth/dist/rn/src/core/user/additional_user_info.test.d.ts',
350 silly tar     unsupported: false,
350 silly tar     Symbol(shapeMode): false,
350 silly tar     Symbol(kCapture): false,
350 silly tar     Symbol(flowing): false,
350 silly tar     Symbol(paused): true,
350 silly tar     Symbol(pipes): [],
350 silly tar     Symbol(buffer): [
350 silly tar       <Buffer 2f 2a 2a 0d 0a 20 2a 20 40 6c 69 63 65 6e 73 65 0d 0a 20 2a 20 43 6f 70 79 72 69 67 68 74 20 32 30 31 39 20 47 6f 6f 67 6c 65 20 4c 4c 43 0d 0a 20 2a ... 583 more bytes>
350 silly tar     ],
350 silly tar     Symbol(objectMode): false,
350 silly tar     Symbol(encoding): null,
350 silly tar     Symbol(async): false,
350 silly tar     Symbol(decoder): null,
350 silly tar     Symbol(EOF): true,
350 silly tar     Symbol(emittedEnd): false,
350 silly tar     Symbol(emittingEnd): false,
350 silly tar     Symbol(closed): false,
350 silly tar     Symbol(emittedError): null,
350 silly tar     Symbol(bufferLength): 633,
350 silly tar     Symbol(destroyed): false,
350 silly tar     Symbol(signal): undefined,
350 silly tar     Symbol(aborted): false,
350 silly tar     Symbol(dataListeners): 0,
350 silly tar     Symbol(discarded): false
350 silly tar   },
350 silly tar   cwd: 'E:/Soni_Navratri/node_modules/firebase/node_modules/@firebase/auth',
350 silly tar   tarCode: 'TAR_ENTRY_ERROR'
350 silly tar }
351 warn tar TAR_ENTRY_ERROR ENOENT: no such file or directory, lstat 'E:\Soni_Navratri\node_modules\firebase\node_modules\@firebase\auth\dist'
352 silly tar TAR_ENTRY_ERROR ENOENT: no such file or directory, lstat 'E:\Soni_Navratri\node_modules\firebase\node_modules\@firebase\auth\dist' [Error: ENOENT: no such file or directory, lstat 'E:\Soni_Navratri\node_modules\firebase\node_modules\@firebase\auth\dist'] {
352 silly tar   errno: -4058,
352 silly tar   code: 'ENOENT',
352 silly tar   syscall: 'lstat',
352 silly tar   path: 'E:/Soni_Navratri/node_modules/firebase/node_modules/@firebase/auth/dist',
352 silly tar   entry: Is {
352 silly tar     _events: [Object: null prototype] { end: [Function (anonymous)] },
352 silly tar     _eventsCount: 1,
352 silly tar     _maxListeners: undefined,
352 silly tar     writable: false,
352 silly tar     readable: true,
352 silly tar     extended: undefined,
352 silly tar     globalExtended: undefined,
352 silly tar     header: Ls {
352 silly tar       cksumValid: true,
352 silly tar       needPax: false,
352 silly tar       nullBlock: false,
352 silly tar       block: undefined,
352 silly tar       path: 'package/dist/src/core/user/additional_user_info.test.d.ts',
352 silly tar       mode: 420,
352 silly tar       uid: undefined,
352 silly tar       gid: undefined,
352 silly tar       size: 633,
352 silly tar       cksum: 8617,
352 silly tar       linkpath: '',
352 silly tar       uname: '',
352 silly tar       gname: '',
352 silly tar       devmaj: 0,
352 silly tar       devmin: 0,
352 silly tar       atime: undefined,
352 silly tar       ctime: undefined,
352 silly tar       mtime: 1985-10-26T08:15:00.000Z,
352 silly tar       charset: undefined,
352 silly tar       comment: undefined
352 silly tar     },
352 silly tar     startBlockSize: 1024,
352 silly tar     blockRemain: 0,
352 silly tar     remain: 0,
352 silly tar     type: 'File',
352 silly tar     meta: false,
352 silly tar     ignore: false,
352 silly tar     path: 'dist/src/core/user/additional_user_info.test.d.ts',
352 silly tar     mode: 438,
352 silly tar     uid: undefined,
352 silly tar     gid: undefined,
352 silly tar     uname: '',
352 silly tar     gname: '',
352 silly tar     size: 633,
352 silly tar     mtime: 1985-10-26T08:15:00.000Z,
352 silly tar     atime: undefined,
352 silly tar     ctime: undefined,
352 silly tar     linkpath: undefined,
352 silly tar     dev: undefined,
352 silly tar     ino: undefined,
352 silly tar     nlink: undefined,
352 silly tar     invalid: false,
352 silly tar     absolute: 'E:/Soni_Navratri/node_modules/firebase/node_modules/@firebase/auth/dist/src/core/user/additional_user_info.test.d.ts',
352 silly tar     unsupported: false,
352 silly tar     Symbol(shapeMode): false,
352 silly tar     Symbol(kCapture): false,
352 silly tar     Symbol(flowing): false,
352 silly tar     Symbol(paused): true,
352 silly tar     Symbol(pipes): [],
352 silly tar     Symbol(buffer): [
352 silly tar       <Buffer 2f 2a 2a 0d 0a 20 2a 20 40 6c 69 63 65 6e 73 65 0d 0a 20 2a 20 43 6f 70 79 72 69 67 68 74 20 32 30 31 39 20 47 6f 6f 67 6c 65 20 4c 4c 43 0d 0a 20 2a ... 583 more bytes>
352 silly tar     ],
352 silly tar     Symbol(objectMode): false,
352 silly tar     Symbol(encoding): null,
352 silly tar     Symbol(async): false,
352 silly tar     Symbol(decoder): null,
352 silly tar     Symbol(EOF): true,
352 silly tar     Symbol(emittedEnd): false,
352 silly tar     Symbol(emittingEnd): false,
352 silly tar     Symbol(closed): false,
352 silly tar     Symbol(emittedError): null,
352 silly tar     Symbol(bufferLength): 633,
352 silly tar     Symbol(destroyed): false,
352 silly tar     Symbol(signal): undefined,
352 silly tar     Symbol(aborted): false,
352 silly tar     Symbol(dataListeners): 0,
352 silly tar     Symbol(discarded): false
352 silly tar   },
352 silly tar   cwd: 'E:/Soni_Navratri/node_modules/firebase/node_modules/@firebase/auth',
352 silly tar   tarCode: 'TAR_ENTRY_ERROR'
352 silly tar }
353 warn tar TAR_ENTRY_ERROR ENOENT: no such file or directory, lstat 'E:\Soni_Navratri\node_modules\firebase\node_modules\@firebase\auth\dist'
354 silly tar TAR_ENTRY_ERROR ENOENT: no such file or directory, lstat 'E:\Soni_Navratri\node_modules\firebase\node_modules\@firebase\auth\dist' [Error: ENOENT: no such file or directory, lstat 'E:\Soni_Navratri\node_modules\firebase\node_modules\@firebase\auth\dist'] {
354 silly tar   errno: -4058,
354 silly tar   code: 'ENOENT',
354 silly tar   syscall: 'lstat',
354 silly tar   path: 'E:/Soni_Navratri/node_modules/firebase/node_modules/@firebase/auth/dist',
354 silly tar   entry: Is {
354 silly tar     _events: [Object: null prototype] { end: [Function (anonymous)] },
354 silly tar     _eventsCount: 1,
354 silly tar     _maxListeners: undefined,
354 silly tar     writable: false,
354 silly tar     readable: true,
354 silly tar     extended: undefined,
354 silly tar     globalExtended: undefined,
354 silly tar     header: Ls {
354 silly tar       cksumValid: true,
354 silly tar       needPax: false,
354 silly tar       nullBlock: false,
354 silly tar       block: undefined,
354 silly tar       path: 'package/dist/web-extension-cjs/src/core/user/additional_user_info.test.d.ts',
354 silly tar       mode: 420,
354 silly tar       uid: undefined,
354 silly tar       gid: undefined,
354 silly tar       size: 633,
354 silly tar       cksum: 10381,
354 silly tar       linkpath: '',
354 silly tar       uname: '',
354 silly tar       gname: '',
354 silly tar       devmaj: 0,
354 silly tar       devmin: 0,
354 silly tar       atime: undefined,
354 silly tar       ctime: undefined,
354 silly tar       mtime: 1985-10-26T08:15:00.000Z,
354 silly tar       charset: undefined,
354 silly tar       comment: undefined
354 silly tar     },
354 silly tar     startBlockSize: 1024,
354 silly tar     blockRemain: 0,
354 silly tar     remain: 0,
354 silly tar     type: 'File',
354 silly tar     meta: false,
354 silly tar     ignore: false,
354 silly tar     path: 'dist/web-extension-cjs/src/core/user/additional_user_info.test.d.ts',
354 silly tar     mode: 438,
354 silly tar     uid: undefined,
354 silly tar     gid: undefined,
354 silly tar     uname: '',
354 silly tar     gname: '',
354 silly tar     size: 633,
354 silly tar     mtime: 1985-10-26T08:15:00.000Z,
354 silly tar     atime: undefined,
354 silly tar     ctime: undefined,
354 silly tar     linkpath: undefined,
354 silly tar     dev: undefined,
354 silly tar     ino: undefined,
354 silly tar     nlink: undefined,
354 silly tar     invalid: false,
354 silly tar     absolute: 'E:/Soni_Navratri/node_modules/firebase/node_modules/@firebase/auth/dist/web-extension-cjs/src/core/user/additional_user_info.test.d.ts',
354 silly tar     unsupported: false,
354 silly tar     Symbol(shapeMode): false,
354 silly tar     Symbol(kCapture): false,
354 silly tar     Symbol(flowing): false,
354 silly tar     Symbol(paused): true,
354 silly tar     Symbol(pipes): [],
354 silly tar     Symbol(buffer): [
354 silly tar       <Buffer 2f 2a 2a 0d 0a 20 2a 20 40 6c 69 63 65 6e 73 65 0d 0a 20 2a 20 43 6f 70 79 72 69 67 68 74 20 32 30 31 39 20 47 6f 6f 67 6c 65 20 4c 4c 43 0d 0a 20 2a ... 583 more bytes>
354 silly tar     ],
354 silly tar     Symbol(objectMode): false,
354 silly tar     Symbol(encoding): null,
354 silly tar     Symbol(async): false,
354 silly tar     Symbol(decoder): null,
354 silly tar     Symbol(EOF): true,
354 silly tar     Symbol(emittedEnd): false,
354 silly tar     Symbol(emittingEnd): false,
354 silly tar     Symbol(closed): false,
354 silly tar     Symbol(emittedError): null,
354 silly tar     Symbol(bufferLength): 633,
354 silly tar     Symbol(destroyed): false,
354 silly tar     Symbol(signal): undefined,
354 silly tar     Symbol(aborted): false,
354 silly tar     Symbol(dataListeners): 0,
354 silly tar     Symbol(discarded): false
354 silly tar   },
354 silly tar   cwd: 'E:/Soni_Navratri/node_modules/firebase/node_modules/@firebase/auth',
354 silly tar   tarCode: 'TAR_ENTRY_ERROR'
354 silly tar }
355 warn tar TAR_ENTRY_ERROR ENOENT: no such file or directory, lstat 'E:\Soni_Navratri\node_modules\firebase\node_modules\@firebase\auth\dist'
356 silly tar TAR_ENTRY_ERROR ENOENT: no such file or directory, lstat 'E:\Soni_Navratri\node_modules\firebase\node_modules\@firebase\auth\dist' [Error: ENOENT: no such file or directory, lstat 'E:\Soni_Navratri\node_modules\firebase\node_modules\@firebase\auth\dist'] {
356 silly tar   errno: -4058,
356 silly tar   code: 'ENOENT',
356 silly tar   syscall: 'lstat',
356 silly tar   path: 'E:/Soni_Navratri/node_modules/firebase/node_modules/@firebase/auth/dist',
356 silly tar   entry: Is {
356 silly tar     _events: [Object: null prototype] { end: [Function (anonymous)] },
356 silly tar     _eventsCount: 1,
356 silly tar     _maxListeners: undefined,
356 silly tar     writable: false,
356 silly tar     readable: true,
356 silly tar     extended: undefined,
356 silly tar     globalExtended: undefined,
356 silly tar     header: Ls {
356 silly tar       cksumValid: true,
356 silly tar       needPax: false,
356 silly tar       nullBlock: false,
356 silly tar       block: undefined,
356 silly tar       path: 'package/dist/web-extension-esm2017/src/core/user/additional_user_info.test.d.ts',
356 silly tar       mode: 420,
356 silly tar       uid: undefined,
356 silly tar       gid: undefined,
356 silly tar       size: 633,
356 silly tar       cksum: 10588,
356 silly tar       linkpath: '',
356 silly tar       uname: '',
356 silly tar       gname: '',
356 silly tar       devmaj: 0,
356 silly tar       devmin: 0,
356 silly tar       atime: undefined,
356 silly tar       ctime: undefined,
356 silly tar       mtime: 1985-10-26T08:15:00.000Z,
356 silly tar       charset: undefined,
356 silly tar       comment: undefined
356 silly tar     },
356 silly tar     startBlockSize: 1024,
356 silly tar     blockRemain: 0,
356 silly tar     remain: 0,
356 silly tar     type: 'File',
356 silly tar     meta: false,
356 silly tar     ignore: false,
356 silly tar     path: 'dist/web-extension-esm2017/src/core/user/additional_user_info.test.d.ts',
356 silly tar     mode: 438,
356 silly tar     uid: undefined,
356 silly tar     gid: undefined,
356 silly tar     uname: '',
356 silly tar     gname: '',
356 silly tar     size: 633,
356 silly tar     mtime: 1985-10-26T08:15:00.000Z,
356 silly tar     atime: undefined,
356 silly tar     ctime: undefined,
356 silly tar     linkpath: undefined,
356 silly tar     dev: undefined,
356 silly tar     ino: undefined,
356 silly tar     nlink: undefined,
356 silly tar     invalid: false,
356 silly tar     absolute: 'E:/Soni_Navratri/node_modules/firebase/node_modules/@firebase/auth/dist/web-extension-esm2017/src/core/user/additional_user_info.test.d.ts',
356 silly tar     unsupported: false,
356 silly tar     Symbol(shapeMode): false,
356 silly tar     Symbol(kCapture): false,
356 silly tar     Symbol(flowing): false,
356 silly tar     Symbol(paused): true,
356 silly tar     Symbol(pipes): [],
356 silly tar     Symbol(buffer): [
356 silly tar       <Buffer 2f 2a 2a 0d 0a 20 2a 20 40 6c 69 63 65 6e 73 65 0d 0a 20 2a 20 43 6f 70 79 72 69 67 68 74 20 32 30 31 39 20 47 6f 6f 67 6c 65 20 4c 4c 43 0d 0a 20 2a ... 583 more bytes>
356 silly tar     ],
356 silly tar     Symbol(objectMode): false,
356 silly tar     Symbol(encoding): null,
356 silly tar     Symbol(async): false,
356 silly tar     Symbol(decoder): null,
356 silly tar     Symbol(EOF): true,
356 silly tar     Symbol(emittedEnd): false,
356 silly tar     Symbol(emittingEnd): false,
356 silly tar     Symbol(closed): false,
356 silly tar     Symbol(emittedError): null,
356 silly tar     Symbol(bufferLength): 633,
356 silly tar     Symbol(destroyed): false,
356 silly tar     Symbol(signal): undefined,
356 silly tar     Symbol(aborted): false,
356 silly tar     Symbol(dataListeners): 0,
356 silly tar     Symbol(discarded): false
356 silly tar   },
356 silly tar   cwd: 'E:/Soni_Navratri/node_modules/firebase/node_modules/@firebase/auth',
356 silly tar   tarCode: 'TAR_ENTRY_ERROR'
356 silly tar }
357 warn tar TAR_ENTRY_ERROR ENOENT: no such file or directory, lstat 'E:\Soni_Navratri\node_modules\firebase\node_modules\@firebase\auth\dist'
358 silly tar TAR_ENTRY_ERROR ENOENT: no such file or directory, lstat 'E:\Soni_Navratri\node_modules\firebase\node_modules\@firebase\auth\dist' [Error: ENOENT: no such file or directory, lstat 'E:\Soni_Navratri\node_modules\firebase\node_modules\@firebase\auth\dist'] {
358 silly tar   errno: -4058,
358 silly tar   code: 'ENOENT',
358 silly tar   syscall: 'lstat',
358 silly tar   path: 'E:/Soni_Navratri/node_modules/firebase/node_modules/@firebase/auth/dist',
358 silly tar   entry: Is {
358 silly tar     _events: [Object: null prototype] { end: [Function (anonymous)] },
358 silly tar     _eventsCount: 1,
358 silly tar     _maxListeners: undefined,
358 silly tar     writable: false,
358 silly tar     readable: true,
358 silly tar     extended: undefined,
358 silly tar     globalExtended: undefined,
358 silly tar     header: Ls {
358 silly tar       cksumValid: true,
358 silly tar       needPax: false,
358 silly tar       nullBlock: false,
358 silly tar       block: undefined,
358 silly tar       path: 'package/dist/browser-cjs/src/core/strategies/anonymous.d.ts',
358 silly tar       mode: 420,
358 silly tar       uid: undefined,
358 silly tar       gid: undefined,
358 silly tar       size: 1189,
358 silly tar       cksum: 8833,
358 silly tar       linkpath: '',
358 silly tar       uname: '',
358 silly tar       gname: '',
358 silly tar       devmaj: 0,
358 silly tar       devmin: 0,
358 silly tar       atime: undefined,
358 silly tar       ctime: undefined,
358 silly tar       mtime: 1985-10-26T08:15:00.000Z,
358 silly tar       charset: undefined,
358 silly tar       comment: undefined
358 silly tar     },
358 silly tar     startBlockSize: 1536,
358 silly tar     blockRemain: 0,
358 silly tar     remain: 0,
358 silly tar     type: 'File',
358 silly tar     meta: false,
358 silly tar     ignore: false,
358 silly tar     path: 'dist/browser-cjs/src/core/strategies/anonymous.d.ts',
358 silly tar     mode: 438,
358 silly tar     uid: undefined,
358 silly tar     gid: undefined,
358 silly tar     uname: '',
358 silly tar     gname: '',
358 silly tar     size: 1189,
358 silly tar     mtime: 1985-10-26T08:15:00.000Z,
358 silly tar     atime: undefined,
358 silly tar     ctime: undefined,
358 silly tar     linkpath: undefined,
358 silly tar     dev: undefined,
358 silly tar     ino: undefined,
358 silly tar     nlink: undefined,
358 silly tar     invalid: false,
358 silly tar     absolute: 'E:/Soni_Navratri/node_modules/firebase/node_modules/@firebase/auth/dist/browser-cjs/src/core/strategies/anonymous.d.ts',
358 silly tar     unsupported: false,
358 silly tar     Symbol(shapeMode): false,
358 silly tar     Symbol(kCapture): false,
358 silly tar     Symbol(flowing): false,
358 silly tar     Symbol(paused): true,
358 silly tar     Symbol(pipes): [],
358 silly tar     Symbol(buffer): [
358 silly tar       <Buffer 2f 2a 2a 0d 0a 20 2a 20 40 6c 69 63 65 6e 73 65 0d 0a 20 2a 20 43 6f 70 79 72 69 67 68 74 20 32 30 32 30 20 47 6f 6f 67 6c 65 20 4c 4c 43 0d 0a 20 2a ... 1139 more bytes>
358 silly tar     ],
358 silly tar     Symbol(objectMode): false,
358 silly tar     Symbol(encoding): null,
358 silly tar     Symbol(async): false,
358 silly tar     Symbol(decoder): null,
358 silly tar     Symbol(EOF): true,
358 silly tar     Symbol(emittedEnd): false,
358 silly tar     Symbol(emittingEnd): false,
358 silly tar     Symbol(closed): false,
358 silly tar     Symbol(emittedError): null,
358 silly tar     Symbol(bufferLength): 1189,
358 silly tar     Symbol(destroyed): false,
358 silly tar     Symbol(signal): undefined,
358 silly tar     Symbol(aborted): false,
358 silly tar     Symbol(dataListeners): 0,
358 silly tar     Symbol(discarded): false
358 silly tar   },
358 silly tar   cwd: 'E:/Soni_Navratri/node_modules/firebase/node_modules/@firebase/auth',
358 silly tar   tarCode: 'TAR_ENTRY_ERROR'
358 silly tar }
359 silly packumentCache corgi:https://registry.npmjs.org/@firebase%2ffunctions-compat cache-miss
360 warn tar TAR_ENTRY_ERROR ENOENT: no such file or directory, lstat 'E:\Soni_Navratri\node_modules\firebase\node_modules\@firebase\auth\dist'
361 silly tar TAR_ENTRY_ERROR ENOENT: no such file or directory, lstat 'E:\Soni_Navratri\node_modules\firebase\node_modules\@firebase\auth\dist' [Error: ENOENT: no such file or directory, lstat 'E:\Soni_Navratri\node_modules\firebase\node_modules\@firebase\auth\dist'] {
361 silly tar   errno: -4058,
361 silly tar   code: 'ENOENT',
361 silly tar   syscall: 'lstat',
361 silly tar   path: 'E:/Soni_Navratri/node_modules/firebase/node_modules/@firebase/auth/dist',
361 silly tar   entry: Is {
361 silly tar     _events: [Object: null prototype] { end: [Function (anonymous)] },
361 silly tar     _eventsCount: 1,
361 silly tar     _maxListeners: undefined,
361 silly tar     writable: false,
361 silly tar     readable: true,
361 silly tar     extended: undefined,
361 silly tar     globalExtended: undefined,
361 silly tar     header: Ls {
361 silly tar       cksumValid: true,
361 silly tar       needPax: false,
361 silly tar       nullBlock: false,
361 silly tar       block: undefined,
361 silly tar       path: 'package/dist/cordova/src/core/strategies/anonymous.d.ts',
361 silly tar       mode: 420,
361 silly tar       uid: undefined,
361 silly tar       gid: undefined,
361 silly tar       size: 1189,
361 silly tar       cksum: 8446,
361 silly tar       linkpath: '',
361 silly tar       uname: '',
361 silly tar       gname: '',
361 silly tar       devmaj: 0,
361 silly tar       devmin: 0,
361 silly tar       atime: undefined,
361 silly tar       ctime: undefined,
361 silly tar       mtime: 1985-10-26T08:15:00.000Z,
361 silly tar       charset: undefined,
361 silly tar       comment: undefined
361 silly tar     },
361 silly tar     startBlockSize: 1536,
361 silly tar     blockRemain: 0,
361 silly tar     remain: 0,
361 silly tar     type: 'File',
361 silly tar     meta: false,
361 silly tar     ignore: false,
361 silly tar     path: 'dist/cordova/src/core/strategies/anonymous.d.ts',
361 silly tar     mode: 438,
361 silly tar     uid: undefined,
361 silly tar     gid: undefined,
361 silly tar     uname: '',
361 silly tar     gname: '',
361 silly tar     size: 1189,
361 silly tar     mtime: 1985-10-26T08:15:00.000Z,
361 silly tar     atime: undefined,
361 silly tar     ctime: undefined,
361 silly tar     linkpath: undefined,
361 silly tar     dev: undefined,
361 silly tar     ino: undefined,
361 silly tar     nlink: undefined,
361 silly tar     invalid: false,
361 silly tar     absolute: 'E:/Soni_Navratri/node_modules/firebase/node_modules/@firebase/auth/dist/cordova/src/core/strategies/anonymous.d.ts',
361 silly tar     unsupported: false,
361 silly tar     Symbol(shapeMode): false,
361 silly tar     Symbol(kCapture): false,
361 silly tar     Symbol(flowing): false,
361 silly tar     Symbol(paused): true,
361 silly tar     Symbol(pipes): [],
361 silly tar     Symbol(buffer): [
361 silly tar       <Buffer 2f 2a 2a 0d 0a 20 2a 20 40 6c 69 63 65 6e 73 65 0d 0a 20 2a 20 43 6f 70 79 72 69 67 68 74 20 32 30 32 30 20 47 6f 6f 67 6c 65 20 4c 4c 43 0d 0a 20 2a ... 1139 more bytes>
361 silly tar     ],
361 silly tar     Symbol(objectMode): false,
361 silly tar     Symbol(encoding): null,
361 silly tar     Symbol(async): false,
361 silly tar     Symbol(decoder): null,
361 silly tar     Symbol(EOF): true,
361 silly tar     Symbol(emittedEnd): false,
361 silly tar     Symbol(emittingEnd): false,
361 silly tar     Symbol(closed): false,
361 silly tar     Symbol(emittedError): null,
361 silly tar     Symbol(bufferLength): 1189,
361 silly tar     Symbol(destroyed): false,
361 silly tar     Symbol(signal): undefined,
361 silly tar     Symbol(aborted): false,
361 silly tar     Symbol(dataListeners): 0,
361 silly tar     Symbol(discarded): false
361 silly tar   },
361 silly tar   cwd: 'E:/Soni_Navratri/node_modules/firebase/node_modules/@firebase/auth',
361 silly tar   tarCode: 'TAR_ENTRY_ERROR'
361 silly tar }
362 http fetch GET 200 https://registry.npmjs.org/@babel/types/-/types-7.29.8.tgz 138700ms (cache miss)
363 http fetch GET 200 https://registry.npmjs.org/@firebase%2ffunctions-compat 17432ms (cache miss)
364 silly packumentCache corgi:https://registry.npmjs.org/@firebase%2ffunctions-compat set size:undefined disposed:false
365 silly packumentCache corgi:https://registry.npmjs.org/@firebase%2ffirestore-compat cache-miss
366 http fetch GET 200 https://registry.npmjs.org/undici/-/undici-6.19.7.tgz 165957ms (cache miss)
367 http fetch GET 200 https://registry.npmjs.org/typescript/-/typescript-5.9.3.tgz 166187ms (cache miss)
368 http fetch GET 200 https://registry.npmjs.org/@firebase%2ffirestore-compat 20176ms (cache miss)
369 silly packumentCache corgi:https://registry.npmjs.org/@firebase%2ffirestore-compat set size:undefined disposed:false
370 http fetch GET 200 https://registry.npmjs.org/@babel/helpers/-/helpers-7.29.7.tgz 182266ms (cache miss)
371 http fetch GET 200 https://registry.npmjs.org/tailwindcss/-/tailwindcss-3.4.19.tgz 185016ms (cache miss)
372 http fetch GET 200 https://registry.npmjs.org/@grpc/grpc-js/-/grpc-js-1.9.16.tgz 186052ms (cache miss)
373 http fetch GET 200 https://registry.npmjs.org/caniuse-lite/-/caniuse-lite-1.0.30001809.tgz 194091ms (cache miss)
374 http fetch GET 200 https://registry.npmjs.org/firebase/-/firebase-10.14.1.tgz 197348ms (cache miss)
375 http fetch GET 200 https://registry.npmjs.org/@firebase/auth/-/auth-1.7.9.tgz 198647ms (cache miss)
376 warn cleanup Failed to remove some directories [
376 warn cleanup   [
376 warn cleanup     '\\\\?\\E:\\Soni_Navratri\\node_modules\\@esbuild\\win32-x64',
376 warn cleanup     [Error: EPERM: operation not permitted, unlink 'E:\Soni_Navratri\node_modules\@esbuild\win32-x64\esbuild.exe'] {
376 warn cleanup       errno: -4048,
376 warn cleanup       code: 'EPERM',
376 warn cleanup       syscall: 'unlink',
376 warn cleanup       path: 'E:\\Soni_Navratri\\node_modules\\@esbuild\\win32-x64\\esbuild.exe'
376 warn cleanup     }
376 warn cleanup   ],
376 warn cleanup   [
376 warn cleanup     '\\\\?\\E:\\Soni_Navratri\\node_modules\\@grpc\\grpc-js',
376 warn cleanup     [Error: EPERM: operation not permitted, rmdir 'E:\Soni_Navratri\node_modules\@grpc\grpc-js\build\src\generated\xds\service'] {
376 warn cleanup       errno: -4048,
376 warn cleanup       code: 'EPERM',
376 warn cleanup       syscall: 'rmdir',
376 warn cleanup       path: 'E:\\Soni_Navratri\\node_modules\\@grpc\\grpc-js\\build\\src\\generated\\xds\\service'
376 warn cleanup     }
376 warn cleanup   ],
376 warn cleanup   [
376 warn cleanup     'E:\\Soni_Navratri\\node_modules\\@grpc\\grpc-js',
376 warn cleanup     [Error: EPERM: operation not permitted, rmdir 'E:\Soni_Navratri\node_modules\@grpc\grpc-js\build\src\generated\xds\data'] {
376 warn cleanup       errno: -4048,
376 warn cleanup       code: 'EPERM',
376 warn cleanup       syscall: 'rmdir',
376 warn cleanup       path: 'E:\\Soni_Navratri\\node_modules\\@grpc\\grpc-js\\build\\src\\generated\\xds\\data'
376 warn cleanup     }
376 warn cleanup   ]
376 warn cleanup ]
377 verbose stack CwdError: ENOENT: Cannot cd into 'E:/Soni_Navratri/node_modules/sucrase'
377 verbose stack     at C:\Users\Tulsi Gold & Silver\AppData\Local\Microsoft\WinGet\Packages\OpenJS.NodeJS.LTS_Microsoft.Winget.Source_8wekyb3d8bbwe\node-v24.19.0-win-x64\node_modules\npm\node_modules\tar\dist\commonjs\index.min.js:3:41372
377 verbose stack     at callback (C:\Users\Tulsi Gold & Silver\AppData\Local\Microsoft\WinGet\Packages\OpenJS.NodeJS.LTS_Microsoft.Winget.Source_8wekyb3d8bbwe\node-v24.19.0-win-x64\node_modules\npm\node_modules\graceful-fs\polyfills.js:306:20)
377 verbose stack     at FSReqCallback.oncomplete (node:fs:198:21)
378 error code ENOENT
379 error syscall chdir
380 error path E:/Soni_Navratri/node_modules/sucrase
381 error enoent ENOENT: Cannot cd into 'E:/Soni_Navratri/node_modules/sucrase'
382 error enoent This is related to npm not being able to find a file.
382 error enoent
383 silly unfinished npm timer reify 1787118851709
384 silly unfinished npm timer reify:unpack 1787118852374
385 silly unfinished npm timer reifyNode:node_modules/sucrase 1787118852374
386 verbose cwd E:\Soni_Navratri
387 verbose os Windows_NT 10.0.26200
388 verbose node v24.19.0
389 verbose npm  v11.17.0
390 verbose exit 1
391 verbose code 1
392 error A complete log of this run can be found in: e:\Soni_Navratri\.npm_cache\_logs\2026-08-19T05_54_09_397Z-debug-0.log
